999
LibreDWG 0.13.3
  0
SECTION
  2
HEADER
  9
$ACADVER
  1
AC1021
  9
$ACADMAINTVER
 70
   248
  9
$DWGCODEPAGE
  3
ANSI_1252
  9
$LASTSAVEDBY
  1
Admin
  9
$INSBASE
 10
0
 20
0
 30
0
  9
$EXTMIN
 10
0
 20
-8.728095975268927E-15
 30
0
  9
$EXTMAX
 10
420
 20
297
 30
0
  9
$LIMMIN
 10
0
 20
0
  9
$LIMMAX
 10
420
 20
297
  9
$ORTHOMODE
 70
     0
  9
$REGENMODE
 70
     1
  9
$FILLMODE
 70
     1
  9
$QTEXTMODE
 70
     0
  9
$MIRRTEXT
 70
     0
  9
$LTSCALE
 40
1
  9
$ATTMODE
 70
     1
  9
$TEXTSIZE
 40
2.5
  9
$TRACEWID
 40
1
  9
$TEXTSTYLE
  7
Standard
  9
$CLAYER
  8
0
  9
$CELTYPE
  6
ByLayer
  9
$CECOLOR
 62
     0
  9
$CELTSCALE
 40
1
  9
$DISPSILH
 70
     0
  9
$DIMSCALE
 40
1
  9
$DIMASZ
 40
2.5
  9
$DIMEXO
 40
0.625
  9
$DIMDLI
 40
3.75
  9
$DIMRND
 40
0
  9
$DIMDLE
 40
0
  9
$DIMEXE
 40
1.25
  9
$DIMTP
 40
0
  9
$DIMTM
 40
0
  9
$DIMTXT
 40
2.5
  9
$DIMCEN
 40
2.5
  9
$DIMTSZ
 40
0
  9
$DIMTOL
 70
     0
  9
$DIMLIM
 70
     0
  9
$DIMTIH
 70
     0
  9
$DIMTOH
 70
     0
  9
$DIMSE1
 70
     0
  9
$DIMSE2
 70
     0
  9
$DIMTAD
 70
     1
  9
$DIMZIN
 70
     8
  9
$DIMBLK
  1

  9
$DIMASO
 70
     1
  9
$DIMSHO
 70
     1
  9
$DIMPOST
  1

  9
$DIMAPOST
  1

  9
$DIMALT
 70
     0
  9
$DIMALTD
 70
     3
  9
$DIMALTF
 40
0.03937007874016
  9
$DIMLFAC
 40
1
  9
$DIMTOFL
 70
     1
  9
$DIMTVP
 40
0
  9
$DIMTIX
 70
     0
  9
$DIMSOXD
 70
     0
  9
$DIMSAH
 70
     0
  9
$DIMBLK1
  1

  9
$DIMBLK2
  1

  9
$DIMSTYLE
  2
ISO-25
  9
$DIMCLRD
 70
     0
  9
$DIMCLRE
 70
     0
  9
$DIMCLRT
 70
     0
  9
$DIMTFAC
 40
1
  9
$DIMGAP
 40
0.625
  9
$DIMJUST
 70
     0
  9
$DIMSD1
 70
     0
  9
$DIMSD2
 70
     0
  9
$DIMTOLJ
 70
     0
  9
$DIMTZIN
 70
     8
  9
$DIMALTZ
 70
     0
  9
$DIMALTTZ
 70
     0
  9
$DIMUPT
 70
     0
  9
$DIMDEC
 70
     2
  9
$DIMTDEC
 70
     2
  9
$DIMALTU
 70
     2
  9
$DIMALTTD
 70
     3
  9
$DIMTXSTY
  7
Standard
  9
$DIMAUNIT
 70
     0
  9
$DIMADEC
 70
     0
  9
$DIMALTRND
 40
0
  9
$DIMAZIN
 70
     0
  9
$DIMDSEP
 70
    44
  9
$DIMATFIT
 70
     3
  9
$DIMFRAC
 70
     0
  9
$DIMLDRBLK
  1

  9
$DIMLUNIT
 70
     2
  9
$DIMLWD
 70
    -2
  9
$DIMLWE
 70
    -2
  9
$DIMTMOVE
 70
     0
  9
$DIMFXL
 40
1
  9
$DIMFXLON
 70
     0
  9
$DIMJOGANG
 40
0.7853981633974483
  9
$DIMTFILL
 70
     0
  9
$DIMTFILLCLR
 70
     0
  9
$DIMARCSYM
 70
     0
  9
$DIMLTYPE
  6

  9
$DIMLTEX1
  6

  9
$DIMLTEX2
  6

  9
$LUNITS
 70
     2
  9
$LUPREC
 70
     4
  9
$AXISMODE
 70
     0
  9
$AXISUNIT
 10
0
 20
0
  9
$SKETCHINC
 40
1
  9
$FILLETRAD
 40
0
  9
$AUNITS
 70
     0
  9
$AUPREC
 70
     0
  9
$MENU
  1
.
  9
$ELEVATION
 40
0
  9
$PELEVATION
 40
0
  9
$THICKNESS
 40
0
  9
$LIMCHECK
 70
     0
  9
$CHAMFERA
 40
0
  9
$CHAMFERB
 40
0
  9
$CHAMFERC
 40
0
  9
$CHAMFERD
 40
0
  9
$SKPOLY
 70
     0
  9
$TDCREATE
 40
2461167.504300000
  9
$TDUCREATE
 40
2461167.252300000
  9
$TDUPDATE
 40
2461167.508430000
  9
$TDUUPDATE
 40
2461167.256430000
  9
$TDINDWG
 40
0.003370000
  9
$TDUSRTIMER
 40
0.003370000
  9
$USRTIMER
 70
     1
  9
$ANGBASE
 50
0
  9
$ANGDIR
 70
     0
  9
$PDMODE
 70
     0
  9
$PDSIZE
 40
0
  9
$PLINEWID
 40
0
  9
$SPLFRAME
 70
     0
  9
$SPLINETYPE
 70
     6
  9
$SPLINESEGS
 70
     8
  9
$HANDSEED
  5
560
  9
$SURFTAB1
 70
     6
  9
$SURFTAB2
 70
     6
  9
$SURFTYPE
 70
     6
  9
$SURFU
 70
     6
  9
$SURFV
 70
     6
  9
$UCSBASE
  2

  9
$UCSNAME
  2

  9
$UCSORG
 10
0
 20
0
 30
0
  9
$UCSXDIR
 10
1
 20
0
 30
0
  9
$UCSYDIR
 10
0
 20
1
 30
0
  9
$UCSORTHOREF
  2

  9
$UCSORTHOVIEW
 70
     0
  9
$UCSORGTOP
 10
0
 20
0
 30
0
  9
$UCSORGBOTTOM
 10
0
 20
0
 30
0
  9
$UCSORGLEFT
 10
0
 20
0
 30
0
  9
$UCSORGRIGHT
 10
0
 20
0
 30
0
  9
$UCSORGFRONT
 10
0
 20
0
 30
0
  9
$UCSORGBACK
 10
0
 20
0
 30
0
  9
$PUCSBASE
  2

  9
$PUCSNAME
  2

  9
$PUCSORG
 10
0
 20
0
 30
0
  9
$PUCSXDIR
 10
1
 20
0
 30
0
  9
$PUCSYDIR
 10
0
 20
1
 30
0
  9
$PUCSORTHOREF
  2

  9
$PUCSORTHOVIEW
 70
     0
  9
$PUCSORGTOP
 10
0
 20
0
 30
0
  9
$PUCSORGBOTTOM
 10
0
 20
0
 30
0
  9
$PUCSORGLEFT
 10
0
 20
0
 30
0
  9
$PUCSORGRIGHT
 10
0
 20
0
 30
0
  9
$PUCSORGFRONT
 10
0
 20
0
 30
0
  9
$PUCSORGBACK
 10
0
 20
0
 30
0
  9
$USERI1
 70
     0
  9
$USERI2
 70
     0
  9
$USERI3
 70
     0
  9
$USERI4
 70
     0
  9
$USERI5
 70
     0
  9
$USERR1
 40
0
  9
$USERR2
 40
0
  9
$USERR3
 40
0
  9
$USERR4
 40
0
  9
$USERR5
 40
0
  9
$WORLDVIEW
 70
     1
  9
$SHADEDGE
 70
     3
  9
$SHADEDIF
 70
    70
  9
$TILEMODE
 70
     1
  9
$MAXACTVP
 70
    64
  9
$PINSBASE
 10
0
 20
0
 30
0
  9
$PLIMCHECK
 70
     0
  9
$PEXTMIN
 10
0
 20
0
 30
0
  9
$PEXTMAX
 10
0
 20
0
 30
0
  9
$PLIMMIN
 10
0
 20
0
  9
$PLIMMAX
 10
12
 20
9
  9
$UNITMODE
 70
     0
  9
$VISRETAIN
 70
     1
  9
$PLINEGEN
 70
     0
  9
$PSLTSCALE
 70
     1
  9
$TREEDEPTH
 70
  3020
  9
$CMLSTYLE
  2
Standard
  9
$CMLJUST
 70
     0
  9
$CMLSCALE
 40
20
  9
$PROXYGRAPHICS
 70
     1
  9
$MEASUREMENT
 70
     1
  9
$CELWEIGHT
370
    -1
  9
$ENDCAPS
280
     0
  9
$JOINSTYLE
280
     0
  9
$LWDISPLAY
290
     0
  9
$INSUNITS
 70
     4
  9
$HYPERLINKBASE
  1

  9
$STYLESHEET
  1

  9
$XEDIT
290
     1
  9
$CEPSNTYPE
380
     0
  9
$PSTYLEMODE
290
     1
  9
$FINGERPRINTGUID
  2
{7FCCC866-A676-E548-967A-51E690B76591}
  9
$VERSIONGUID
  2
{9133A9BA-1253-7641-989C-9AAFCBDE59DB}
  9
$EXTNAMES
290
     1
  9
$PSVPSCALE
 40
0
  9
$OLESTARTUP
290
     0
  9
$SORTENTS
280
   127
  9
$INDEXCTL
280
     0
  9
$HIDETEXT
280
     1
  9
$XCLIPFRAME
290
     1
  9
$HALOGAP
280
     0
  9
$OBSCOLOR
 70
   257
  9
$OBSLTYPE
280
     0
  9
$INTERSECTIONDISPLAY
280
     0
  9
$INTERSECTIONCOLOR
 70
   257
  9
$DIMASSOC
280
     2
  9
$PROJECTNAME
  1

  9
$CAMERADISPLAY
290
     0
  9
$LENSLENGTH
 40
50
  9
$CAMERAHEIGHT
 40
0
  9
$STEPSPERSEC
 40
2
  9
$STEPSIZE
 40
6
  9
$3DDWFPREC
 40
2
  9
$PSOLWIDTH
 40
5
  9
$PSOLHEIGHT
 40
80
  9
$LOFTANG1
 40
1.570796326794897
  9
$LOFTANG2
 40
1.570796326794897
  9
$LOFTMAG1
 40
0
  9
$LOFTMAG2
 40
0
  9
$LOFTPARAM
 70
     7
  9
$LOFTNORMALS
280
     1
  9
$LATITUDE
 40
37.795
  9
$LONGITUDE
 40
-122.394
  9
$NORTHDIRECTION
 40
0
  9
$TIMEZONE
 70
 -8000
  9
$LIGHTGLYPHDISPLAY
280
     1
  9
$TILEMODELIGHTSYNCH
280
     1
  9
$CMATERIAL
347
EC
  9
$SOLIDHIST
280
     0
  9
$SHOWHIST
280
     1
  9
$DWFFRAME
280
     2
  9
$DGNFRAME
280
     0
  9
$REALWORLDSCALE
290
     1
  9
$INTERFERECOLOR
 62
   256
  9
$CSHADOW
280
     0
  9
$SHADOWPLANELOCATION
 40
0
  0
ENDSEC
  0
SECTION
  2
CLASSES
  0
CLASS
  1
ACDBDICTIONARYWDFLT
  2
AcDbDictionaryWithDefault
  3
ObjectDBX Classes
 90
        0
 91
        1
280
     0
281
     0
  0
CLASS
  1
DICTIONARYVAR
  2
AcDbDictionaryVar
  3
ObjectDBX Classes
 90
        0
 91
       31
280
     0
281
     0
  0
CLASS
  1
TABLESTYLE
  2
AcDbTableStyle
  3
ObjectDBX Classes
 90
     4095
 91
        1
280
     0
281
     0
  0
CLASS
  1
MATERIAL
  2
AcDbMaterial
  3
ObjectDBX Classes
 90
     1153
 91
        3
280
     0
281
     0
  0
CLASS
  1
VISUALSTYLE
  2
AcDbVisualStyle
  3
ObjectDBX Classes
 90
     4095
 91
       24
280
     0
281
     0
  0
CLASS
  1
SCALE
  2
AcDbScale
  3
ObjectDBX Classes
 90
     1153
 91
       17
280
     0
281
     0
  0
CLASS
  1
MLEADERSTYLE
  2
AcDbMLeaderStyle
  3
ACDB_MLEADERSTYLE_CLASS
 90
     4095
 91
        2
280
     0
281
     0
  0
CLASS
  1
CELLSTYLEMAP
  2
AcDbCellStyleMap
  3
ObjectDBX Classes
 90
     1152
 91
        2
280
     0
281
     0
  0
CLASS
  1
EXACXREFPANELOBJECT
  2
ExAcXREFPanelObject
  3
EXAC_ESW
 90
     1025
 91
        0
280
     0
281
     0
  0
CLASS
  1
NPOCOLLECTION
  2
AcDbImpNonPersistentObjectsCollection
  3
ObjectDBX Classes
 90
     1153
 91
        0
280
     0
281
     0
  0
CLASS
  1
LAYER_INDEX
  2
AcDbLayerIndex
  3
ObjectDBX Classes
 90
        0
 91
        0
280
     0
281
     0
  0
CLASS
  1
SPATIAL_INDEX
  2
AcDbSpatialIndex
  3
AutoCAD 2000
 90
        0
 91
        0
280
     0
281
     0
  0
CLASS
  1
IDBUFFER
  2
AcDbIdBuffer
  3
ObjectDBX Classes
 90
        0
 91
        0
280
     0
281
     0
  0
CLASS
  1
ACDBSECTIONVIEWSTYLE
  2
AcDbSectionViewStyle
  3
ObjectDBX Classes
 90
     1025
 91
        1
280
     0
281
     0
  0
CLASS
  1
ACDBDETAILVIEWSTYLE
  2
AcDbDetailViewStyle
  3
ObjectDBX Classes
 90
     1025
 91
        1
280
     0
281
     0
  0
CLASS
  1
SORTENTSTABLE
  2
AcDbSortentsTable
  3
ObjectDBX Classes
 90
        0
 91
        6
280
     0
281
     0
  0
CLASS
  1
ACAD_EVALUATION_GRAPH
  2
AcDbEvalGraph
  3
ObjectDBX Classes
 90
     1153
 91
        1
280
     0
281
     0
  0
CLASS
  1
ACAECUSTOBJ
  2
AcAeEditorObj
  3
AcAeEditorObj
 90
     1024
 91
        1
280
     0
281
     0
  0
CLASS
  1
ACDB_DYNAMICBLOCKPURGEPREVENTER_VERSION
  2
AcDbDynamicBlockPurgePreventer
  3
ObjectDBX Classes
 90
     1153
 91
        1
280
     0
281
     0
  0
ENDSEC
  0
SECTION
  2
TABLES
  0
TABLE
  2
VPORT
  5
8
330
0
100
AcDbSymbolTable
 70
     1
  0
VPORT
  5
EA
330
8
100
AcDbSymbolTableRecord
100
AcDbViewportTableRecord
  2
*Active
 70
     0
 10
0
 20
0
 11
1
 21
1
 12
389.1116485941316
 22
201.6082393708675
 13
0
 23
0
 14
10
 24
10
 15
10
 25
10
 16
0
 26
0
 36
1
 17
0
 27
0
 37
0
 40
45.77737642821648
 41
1.085534591194969
 42
50
 43
0
 44
0
 50
0
 51
0
 71
     0
 72
  1000
 73
     1
 74
     3
 75
     0
 76
     1
 77
     0
 78
     0
281
     0
 65
     1
110
0
120
0
130
0
111
1
121
0
131
0
112
0
122
1
132
0
 79
     0
146
0
348
F5
 60
     3
 61
     5
292
     1
282
     1
141
0
142
0
 63
   250
421
3258135347
1001
ACAD_NAV_VCDISPLAY
1070
     3
  0
ENDTAB
  0
TABLE
  2
LTYPE
  5
5
330
0
100
AcDbSymbolTable
 70
     3
  0
LTYPE
  5
14
330
5
100
AcDbSymbolTableRecord
100
AcDbLinetypeTableRecord
  2
ByBlock
 70
     0
  3

 72
    65
 73
     0
 40
0
  0
LTYPE
  5
15
330
5
100
AcDbSymbolTableRecord
100
AcDbLinetypeTableRecord
  2
ByLayer
 70
     0
  3

 72
    65
 73
     0
 40
0
  0
LTYPE
  5
16
330
5
100
AcDbSymbolTableRecord
100
AcDbLinetypeTableRecord
  2
Continuous
 70
     0
  3
Solid line
 72
    65
 73
     0
 40
0
  0
LTYPE
  5
3B6
330
5
100
AcDbSymbolTableRecord
100
AcDbLinetypeTableRecord
  2
CENTER2
 70
     0
  3
Center (.5x) ___ _ ___ _ ___ _ ___ _ ___ _ ___
 72
    65
 73
     4
 40
1.125
 49
0.75
 74
     0
 49
-0.125
 74
     0
 49
0.125
 74
     0
 49
-0.125
 74
     0
  0
ENDTAB
  0
TABLE
  2
LAYER
  5
2
102
{ACAD_XDICTIONARY
360
1FF
102
}
330
0
100
AcDbSymbolTable
 70
     6
  0
LAYER
  5
10
102
{ACAD_XDICTIONARY
360
13C
102
}
330
2
100
AcDbSymbolTableRecord
100
AcDbLayerTableRecord
  2
0
 70
     8
 62
     7
  6
Continuous
290
     1
370
    -3
390
F
  0
LAYER
  5
3B7
330
2
100
AcDbSymbolTableRecord
100
AcDbLayerTableRecord
  2
DEFPOINTS
 70
     8
 62
     6
  6
Continuous
290
     0
370
    -3
390
F
1001
RAK
1000
{ACET-LAYISO
1070
     0
1070
     1
1000
Continuous
1071
4294967293
1071
        0
1005
F
1000
ACET-LAYISO}
  0
LAYER
  5
3B8
102
{ACAD_XDICTIONARY
360
3B9
102
}
330
2
100
AcDbSymbolTableRecord
100
AcDbLayerTableRecord
  2
A16 - Chu - Text
 70
     8
 62
     7
  6
Continuous
290
     1
370
    13
390
F
1001
RAK
1000
{ACET-LAYISO
1070
     0
1070
     7
1000
Continuous
1071
4294967293
1071
        1
1005
F
1000
ACET-LAYISO}
  0
LAYER
  5
3BA
330
2
100
AcDbSymbolTableRecord
100
AcDbLayerTableRecord
  2
A3 - Net thay - Continous line
 70
     8
 62
     9
  6
Continuous
290
     1
370
    15
390
F
1001
AcAecLayerStandard
1000

1000

1001
AcCmTransparency
1071
        0
  0
LAYER
  5
3BB
330
2
100
AcDbSymbolTableRecord
100
AcDbLayerTableRecord
  2
A10 - Hatch
 70
     8
 62
   251
  6
Continuous
290
     1
370
     5
390
F
1001
AcAecLayerStandard
1000

1000

1001
AcCmTransparency
1071
        0
  0
LAYER
  5
3BC
330
2
100
AcDbSymbolTableRecord
100
AcDbLayerTableRecord
  2
A.DIM_D20_CW
 70
     8
 62
     8
  6
Continuous
290
     1
370
     5
390
F
1001
AcAecLayerStandard
1000

1000

1001
AcCmTransparency
1071
        0
  0
ENDTAB
  0
TABLE
  2
STYLE
  5
3
330
0
100
AcDbSymbolTable
 70
     6
  0
STYLE
  5
11
330
3
100
AcDbSymbolTableRecord
100
AcDbTextStyleTableRecord
  2
Standard
 70
     0
 40
0
 41
1
 50
0
 71
     0
 42
2.5
  3
arial_0.ttf
  4

1001
ACAD
1000
Arial
1071
       34
  0
STYLE
  5
132
330
3
100
AcDbSymbolTableRecord
100
AcDbTextStyleTableRecord
  2
Annotative
 70
     0
 40
0
 41
1
 50
0
 71
     0
 42
2.5
  3
arial_0.ttf
  4

1001
AcadAnnotative
1000
AnnotativeData
1002
{
1070
     1
1070
     1
1002
}
1001
ACAD
1000
Arial
1071
       34
  0
STYLE
  5
3BD
330
3
100
AcDbSymbolTableRecord
100
AcDbTextStyleTableRecord
  2
3T_Arial
 70
     0
 40
0
 41
0.85
 50
0
 71
     0
 42
220
  3
arial_0.ttf
  4

1001
ACAD
1000
Arial
1071
       34
  0
STYLE
  5
3BE
330
3
100
AcDbSymbolTableRecord
100
AcDbTextStyleTableRecord
  2
3T_SegoeUI Light
 70
     0
 40
0
 41
0.9
 50
0
 71
     0
 42
300
  3
segoeuil.ttf
  4

1001
ACAD
1000
Segoe UI Light
1071
       34
  0
STYLE
  5
3BF
330
3
100
AcDbSymbolTableRecord
100
AcDbTextStyleTableRecord
  2
3T_SegoeUI
 70
     0
 40
0
 41
1
 50
0
 71
     0
 42
300
  3
seguibk.ttf
  4

1001
ACAD
1000
Segoe UI
1071
       34
  0
STYLE
  5
3C0
330
3
100
AcDbSymbolTableRecord
100
AcDbTextStyleTableRecord
  2
Romans
 70
     0
 40
0
 41
0.6
 50
0
 71
     0
 42
40
  3
romans.shx
  4

  0
ENDTAB
  0
TABLE
  2
VIEW
  5
6
330
0
100
AcDbSymbolTable
 70
     1
  0
ENDTAB
  0
TABLE
  2
UCS
  5
7
330
0
100
AcDbSymbolTable
 70
     0
  0
ENDTAB
  0
TABLE
  2
APPID
  5
9
330
0
100
AcDbSymbolTable
 70
    20
  0
APPID
  5
12
330
9
100
AcDbSymbolTableRecord
100
AcDbRegAppTableRecord
  2
ACAD
 70
     0
  0
APPID
  5
9E
330
9
100
AcDbSymbolTableRecord
100
AcDbRegAppTableRecord
  2
ACAD_PSEXT
 70
     0
  0
APPID
  5
133
330
9
100
AcDbSymbolTableRecord
100
AcDbRegAppTableRecord
  2
AcadAnnoPO
 70
     0
  0
APPID
  5
134
330
9
100
AcDbSymbolTableRecord
100
AcDbRegAppTableRecord
  2
AcadAnnotative
 70
     0
  0
APPID
  5
135
330
9
100
AcDbSymbolTableRecord
100
AcDbRegAppTableRecord
  2
ACAD_DSTYLE_DIMJAG
 70
     0
  0
APPID
  5
136
330
9
100
AcDbSymbolTableRecord
100
AcDbRegAppTableRecord
  2
ACAD_DSTYLE_DIMTALN
 70
     0
  0
APPID
  5
165
330
9
100
AcDbSymbolTableRecord
100
AcDbRegAppTableRecord
  2
ACAD_MLEADERVER
 70
     0
  0
APPID
  5
217
330
9
100
AcDbSymbolTableRecord
100
AcDbRegAppTableRecord
  2
ACAD_NAV_VCDISPLAY
 70
     0
  0
APPID
  5
3C7
330
9
100
AcDbSymbolTableRecord
100
AcDbRegAppTableRecord
  2
AcAecLayerStandard
 70
     0
  0
APPID
  5
3C8
330
9
100
AcDbSymbolTableRecord
100
AcDbRegAppTableRecord
  2
RAK
 70
     0
  0
APPID
  5
3C9
330
9
100
AcDbSymbolTableRecord
100
AcDbRegAppTableRecord
  2
AcDbDynamicBlockGUID
 70
     0
  0
APPID
  5
3CA
330
9
100
AcDbSymbolTableRecord
100
AcDbRegAppTableRecord
  2
AcDbBlockRepETag
 70
     0
  0
APPID
  5
3CB
330
9
100
AcDbSymbolTableRecord
100
AcDbRegAppTableRecord
  2
AcLayerTools
 70
     0
  0
APPID
  5
3CC
330
9
100
AcDbSymbolTableRecord
100
AcDbRegAppTableRecord
  2
AcCmTransparency
 70
     0
  0
APPID
  5
3CD
330
9
100
AcDbSymbolTableRecord
100
AcDbRegAppTableRecord
  2
GradientColor1ACI
 70
     0
  0
APPID
  5
3CE
330
9
100
AcDbSymbolTableRecord
100
AcDbRegAppTableRecord
  2
GradientColor2ACI
 70
     0
  0
APPID
  5
3CF
330
9
100
AcDbSymbolTableRecord
100
AcDbRegAppTableRecord
  2
ACAD_DSTYLE_DIMBREAK
 70
     0
  0
APPID
  5
426
330
9
100
AcDbSymbolTableRecord
100
AcDbRegAppTableRecord
  2
ACAD_EXEMPT_FROM_CAD_STANDARDS
 70
     0
  0
APPID
  5
4F6
330
9
100
AcDbSymbolTableRecord
100
AcDbRegAppTableRecord
  2
ACAUTHENVIRON
 70
     0
  0
APPID
  5
4FD
330
9
100
AcDbSymbolTableRecord
100
AcDbRegAppTableRecord
  2
AcDbDynamicBlockTrueName
 70
     0
  0
ENDTAB
  0
TABLE
  2
DIMSTYLE
  5
A
330
0
100
AcDbSymbolTable
 70
     9
100
AcDbDimStyleTable
 71
     2
340
27
340
137
  0
DIMSTYLE
105
1B0
330
A
100
AcDbSymbolTableRecord
100
AcDbDimStyleTableRecord
  2
Standard
 70
     0
 41
0.18
 42
0.0625
 43
0.38
 44
0.18
 49
1
 50
45
 73
     1
 74
     1
140
0.18
141
0.09
143
25.4
144
1
146
1
147
0.09
171
     2
176
-1056964608
177
-1056964608
178
-1056964608
271
     4
272
     4
273
     2
274
     2
277
     2
278
    46
283
     1
289
     3
340
11
371
    -2
372
    -2
341
0
342
0
343
0
344
0
345
0
346
0
347
0
  0
DIMSTYLE
105
137
330
A
100
AcDbSymbolTableRecord
100
AcDbDimStyleTableRecord
  2
Annotative
 70
     0
 40
0
 41
2.5
 42
0.625
 43
3.75
 44
1.25
 49
1
 50
45
 73
     0
 74
     0
 77
     1
 78
     8
140
2.5
141
2.5
143
0.03937007874016
144
1
146
1
147
0.625
171
     3
172
     1
176
-1056964608
177
-1056964608
178
-1056964608
271
     2
272
     2
273
     2
274
     3
277
     2
278
    44
283
     0
284
     8
289
     3
340
11
371
    -2
372
    -2
341
0
342
0
343
0
344
0
345
0
346
0
347
0
1001
AcadAnnotative
1000
AnnotativeData
1002
{
1070
     1
1070
     1
1002
}
1001
ACAD_DSTYLE_DIMJAG
1070
   388
1040
1.5
1001
ACAD_DSTYLE_DIMTALN
1070
   392
1070
     0
  0
DIMSTYLE
105
27
330
A
100
AcDbSymbolTableRecord
100
AcDbDimStyleTableRecord
  2
ISO-25
 70
     0
 41
2.5
 42
0.625
 43
3.75
 44
1.25
 49
1
 50
45
 73
     0
 74
     0
 77
     1
 78
     8
140
2.5
141
2.5
143
0.03937007874016
144
1
146
1
147
0.625
171
     3
172
     1
176
-1056964608
177
-1056964608
178
-1056964608
271
     2
272
     2
273
     2
274
     3
277
     2
278
    44
283
     0
284
     8
289
     3
340
11
371
    -2
372
    -2
341
0
342
0
343
0
344
0
345
0
346
0
347
0
  0
DIMSTYLE
105
3C1
330
A
100
AcDbSymbolTableRecord
100
AcDbDimStyleTableRecord
  2
.30
 70
     0
 40
30
 41
1
 43
1
 44
1
 46
1
 49
1
 50
45
 73
     0
 74
     0
 77
     1
 78
     8
140
2.2
141
1
143
0.0394
144
1
146
1
147
0.5
171
     4
172
     1
174
     1
176
-1023409925
177
-1023409926
178
-1023410169
273
     8
274
     4
277
     2
278
    46
279
     1
283
     1
289
     3
340
11
371
    -2
372
    -2
341
0
342
2BF
343
0
344
0
345
0
346
0
347
0
1001
ACAD_DSTYLE_DIMBREAK
1070
   391
1040
0.125
1001
ACAD_DSTYLE_DIMJAG
1070
   388
1040
1.5
1001
ACAD_DSTYLE_DIMTALN
1070
   392
1070
     0
  0
DIMSTYLE
105
3C2
330
A
100
AcDbSymbolTableRecord
100
AcDbDimStyleTableRecord
  2
WP-D90
 70
     0
  3
-D90
 40
100
 41
0.5
 42
1
 43
5
 44
1
 46
1
 49
4
 50
45
290
     1
 73
     1
 74
     1
 77
     1
140
2
141
0.09
143
25.4
144
1
146
1
147
0.5
171
     2
172
     1
176
-1073741824
177
-1073741824
178
-1073741824
273
     2
274
     2
277
     2
278
    46
279
     1
283
     1
340
3C0
371
    -2
372
    -2
341
2B8
342
2B8
343
0
344
0
345
0
346
0
347
0
1001
ACAD_DSTYLE_DIMBREAK
1070
   391
1040
0.125
1001
ACAD_DSTYLE_DIMJAG
1070
   388
1040
1.5
1001
ACAD_DSTYLE_DIMTALN
1070
   392
1070
     0
  0
DIMSTYLE
105
3C3
330
A
100
AcDbSymbolTableRecord
100
AcDbDimStyleTableRecord
  2
02.PPR-D25
 70
     0
  3
D25-<>
 40
100
 41
0.4
 42
1
 43
1
 44
0.4
 46
0.4
 49
90
 50
45
 90
        1
 73
     0
 74
     0
 77
     1
 78
     9
 79
     2
140
0.8
143
25.4
144
1
146
1
147
0.2
171
     2
172
     1
174
     1
176
-1073741824
177
-1073741824
178
-1023410173
179
     3
273
     2
274
     2
277
     2
278
    46
279
     2
283
     1
284
     1
289
     3
340
3C0
371
     9
372
     9
341
0
342
2BF
343
0
344
0
345
0
346
0
347
0
1001
ACAD_DSTYLE_DIMBREAK
1070
   391
1040
0.125
1001
ACAD_DSTYLE_DIMJAG
1070
   388
1040
1.5
1001
ACAD_DSTYLE_DIMTALN
1070
   392
1070
     0
  0
DIMSTYLE
105
3C4
330
A
100
AcDbSymbolTableRecord
100
AcDbDimStyleTableRecord
  2
03.PPR-D20-CW
 70
     0
  3
D20-<>
 40
100
 41
0.4
 42
1
 43
10
 44
0.4
 46
0.4
 49
90
 50
45
 90
        1
 73
     0
 74
     0
 77
     1
 78
     9
 79
     2
140
0.8
143
25.4
144
1
146
1
147
0.2
171
     2
172
     1
174
     1
176
-1073741824
177
-1073741824
178
-1023410171
179
     3
273
     2
274
     2
277
     2
278
    46
279
     2
283
     1
284
     1
289
     3
340
3C0
371
     9
372
     9
341
0
342
2BF
343
0
344
0
345
0
346
0
347
0
1001
ACAD_DSTYLE_DIMBREAK
1070
   391
1040
0.125
1001
ACAD_DSTYLE_DIMJAG
1070
   388
1040
1.5
1001
ACAD_DSTYLE_DIMTALN
1070
   392
1070
     0
  0
DIMSTYLE
105
3C5
330
A
100
AcDbSymbolTableRecord
100
AcDbDimStyleTableRecord
  2
01.PPR-D40
 70
     0
  3
D40-<>
 40
100
 41
0.4
 42
1
 43
1
 44
0.4
 46
0.4
 49
90
 50
45
 90
        1
 73
     0
 74
     0
 77
     1
 78
     9
 79
     2
140
1
143
25.4
144
1
146
1
147
0.2
171
     2
172
     1
174
     1
176
-1073741824
177
-1073741824
178
-1023410173
179
     3
273
     2
274
     2
277
     2
278
    46
279
     2
283
     1
284
     1
289
     3
340
3C0
371
     9
372
     9
341
0
342
2BF
343
0
344
0
345
0
346
0
347
0
1001
ACAD_DSTYLE_DIMBREAK
1070
   391
1040
0.125
1001
ACAD_DSTYLE_DIMJAG
1070
   388
1040
1.5
1001
ACAD_DSTYLE_DIMTALN
1070
   392
1070
     0
  0
DIMSTYLE
105
3C6
330
A
100
AcDbSymbolTableRecord
100
AcDbDimStyleTableRecord
  2
04.PPR-D20-HW
 70
     0
  3
D20-<>
 40
100
 41
0.4
 42
1
 43
10
 44
0.4
 46
0.4
 49
90
 50
45
 90
        1
 73
     0
 74
     0
 77
     1
 78
     9
 79
     2
140
0.8
143
25.4
144
1
146
1
147
0.2
171
     2
172
     1
174
     1
176
-1073741824
177
-1073741824
178
-1023410175
179
     3
273
     2
274
     2
277
     2
278
    46
279
     2
283
     1
284
     1
289
     3
340
3C0
371
     9
372
     9
341
0
342
2BF
343
0
344
0
345
0
346
0
347
0
1001
ACAD_DSTYLE_DIMBREAK
1070
   391
1040
0.125
1001
ACAD_DSTYLE_DIMJAG
1070
   388
1040
1.5
1001
ACAD_DSTYLE_DIMTALN
1070
   392
1070
     0
  0
ENDTAB
  0
TABLE
  2
BLOCK_RECORD
  5
1
330
0
100
AcDbSymbolTable
 70
     8
  0
BLOCK_RECORD
  5
1F
102
{ACAD_XDICTIONARY
360
1CE
102
}
330
1
100
AcDbSymbolTableRecord
100
AcDbBlockTableRecord
  2
*Model_Space
340
22
  0
BLOCK_RECORD
  5
D2
330
1
100
AcDbSymbolTableRecord
100
AcDbBlockTableRecord
  2
*Paper_Space
340
D3
  0
BLOCK_RECORD
  5
D6
330
1
100
AcDbSymbolTableRecord
100
AcDbBlockTableRecord
  2
*Paper_Space0
340
D7
  0
BLOCK_RECORD
  5
2B8
102
{ACAD_XDICTIONARY
360
2B9
102
}
330
1
100
AcDbSymbolTableRecord
100
AcDbBlockTableRecord
  2
_DOT
340
0
310
2800000020000000200000000100200000000000001000000100000001000000000000000000000001000000000000FF000000FF000000FF000000FF000000FF000000FF000000FF000000FF000000FF000000FF000000FF000000FF000000FF000000FF000000FF000000FF000000FF000000FF000000FF000000FF000000
310
FF000000FF000000FF000000FF000000FF000000FF000000FF000000FF000000FF000000FF000000FF000000FF000000FF000000FF000000FF000000FF000000FF000000FF000000FF000000FF000000FF000000FF000000FF000000FF000000FF000000FF000000FF000000FF000000FF000000FF000000FF000000FF0000
310
00FF000000FF000000FF000000FF000000FF000000FF000000FF000000FF000000FF000000FF000000FF000000FF000000FF000000FF000000FF000000FF000000FF000000FF000000FF000000FF000000FF000000FF000000FF000000FF000000FF000000FF000000FF000000FF000000FF000000FF000000FF000000FF00
310
0000FF000000FF000000FF000000FF000000FF000000FF000000FF000000FF000000FF000000FF000000FF000000FF000000FF000000FF000000FF000000FF000000FF000000FF000000FF000000FF000000FF000000FF000000FF000000FF000000FF000000FF000000FF000000FF000000FF000000FF000000FF000000FF
310
000000FF000000FF000000FF000000FF000000FF000000FF000000FF000000FF000000FF000000FF000000FF000000FF000000FF000000FF000000FF000000FF000000FF000000FF000000FF000000FF000000FF000000FF000000FF000000FF000000FF000000FF000000FF000000FF000000FF000000FF000000FF000000
310
FF000000FF000000FF000000FF000000FF000000FF000000FF000000FF000000FF000000FF000000FF000000FF000000FF000000FF000000FF000000FF000000FF000000FF000000FF000000FF000000FF000000FF000000FF000000FF000000FF000000FF000000FF000000FF000000FF000000FF000000FF000000FF0000
310
00FF000000FF000000FF000000FF000000FF000000FF000000FF000000FF000000FF000000FF000000FF000000FF000000FF000000FF000000FF000000FF000000FF000000FF000000FF000000FF000000FF000000FF000000FF000000FF000000FF000000FF000000FF000000FF000000FF000000FF000000FF000000FF00
310
0000FF000000FF000000FF000000FF000000FF000000FF000000FF000000FF000000FF000000FF000000FF000000FF000000FF000000FF000000FF000000FF000000FF000000FF000000FF000000FF000000FF000000FF000000FF000000FF000000FF000000FF000000FF000000FF000000FF000000FF000000FF000000FF
310
000000FF000000FF000000FF000000FF000000FF000000FF000000FF000000FF000000FF000000FF000000FF000000FF000000FF000000FF000000FF000000FF000000FF000000FF000000FF000000FF000000FF000000FF000000FF000000FF000000FF000000FF000000FF000000FF000000FF000000FF000000FF000000
310
FF000000FF000000FF000000FF000000FF000000FF000000FF000000FF000000FF000000FF000000FF000000FF000000FF000000FF000000FF000000FF000000FF000000FF000000FF000000FF000000FF000000FF000000FF000000FF000000FF000000FF000000FF000000FF000000FF000000FF000000FF000000FF0000
310
00FF000000FF000000FF000000FF000000FF000000FF000000FF000000FF000000FF000000FF000000FF000000FF000000FF000000FF000000FF000000FF000000FF000000FF000000FF000000FF000000FF000000FF000000FF000000FF000000FF000000FF000000FF000000FF000000FF000000FF000000FF000000FF00
310
0000FF000000FF000000FF000000FF000000FF000000FF000000FF000000FF000000FF000000FF000000FF000000FF000000FF000000FF000000FF000000FF000000FF000000FF000000FF000000FF000000FF000000FF000000FF000000FF000000FF000000FF000000FF000000FF000000FF000000FF000000FF000000FF
310
000000FF000000FF000000FF000000FF000000FF000000FF000000FF000000FF000000FF000000FF000000FF000000FF000000FF000000FF000000FF000000FF000000FF000000FF000000FF000000FF000000FF000000FF000000FF000000FF000000FF000000FF000000FF000000FF000000FF000000FF000000FF000000
310
FF000000FF000000FF000000FF000000FF000000FF000000FF000000FF000000FF000000FF000000FF000000FF000000FF000000FF000000FF000000FF000000FF000000FF000000FF000000FF000000FF000000FF000000FF000000FF000000FF000000FF000000FF000000FF000000FF000000FF000000FF000000FF0000
310
00FF000000FF000000FF000000FF000000FF000000FF000000FF000000FF000000FF000000FF000000FF000000FF000000FF000000FF000000FF000000FF000000FF000000FF000000FF000000FF000000FF000000FF000000FF000000FF000000FF000000FF000000FF000000FF000000FF000000FF000000FF000000FF00
310
0000FF000000FF000000FF000000FF000000FF000000FF000000FF000000FF000000FF000000FF000000FF000000FF000000FF000000FF000000FF000000FFFFFFFFFFFFFFFFFFFFFFFFFFFFFFFFFFFFFFFFFFFFFFFFFFFFFFFFFFFFFFFFFFFFFFFFFFFFFFFFFFFFFFFFFFFFFFFFFFFFFFFFFF000000FF000000FF000000FF
310
000000FF000000FF000000FF000000FF000000FF000000FF000000FF000000FF000000FF000000FF000000FF000000FF000000FF000000FF000000FF000000FF000000FF000000FF000000FF000000FF000000FF000000FF000000FF000000FF000000FF000000FF000000FF000000FF000000FF000000FF000000FF000000
310
FF000000FF000000FF000000FF000000FF000000FF000000FF000000FF000000FF000000FF000000FF000000FF000000FF000000FF000000FF000000FF000000FF000000FF000000FF000000FF000000FF000000FF000000FF000000FF000000FF000000FF000000FF000000FF000000FF000000FF000000FF000000FF0000
310
00FF000000FF000000FF000000FF000000FF000000FF000000FF000000FF000000FF000000FF000000FF000000FF000000FF000000FF000000FF000000FF000000FF000000FF000000FF000000FF000000FF000000FF000000FF000000FF000000FF000000FF000000FF000000FF000000FF000000FF000000FF000000FF00
310
0000FF000000FF000000FF000000FF000000FF000000FF000000FF000000FF000000FF000000FF000000FF000000FF000000FF000000FF000000FF000000FF000000FF000000FF000000FF000000FF000000FF000000FF000000FF000000FF000000FF000000FF000000FF000000FF000000FF000000FF000000FF000000FF
310
000000FF000000FF000000FF000000FF000000FF000000FF000000FF000000FF000000FF000000FF000000FF000000FF000000FF000000FF000000FF000000FF000000FF000000FF000000FF000000FF000000FF000000FF000000FF000000FF000000FF000000FF000000FF000000FF000000FF000000FF000000FF000000
310
FF000000FF000000FF000000FF000000FF000000FF000000FF000000FF000000FF000000FF000000FF000000FF000000FF000000FF000000FF000000FF000000FF000000FF000000FF000000FF000000FF000000FF000000FF000000FF000000FF000000FF000000FF000000FF000000FF000000FF000000FF000000FF0000
310
00FF000000FF000000FF000000FF000000FF000000FF000000FF000000FF000000FF000000FF000000FF000000FF000000FF000000FF000000FF000000FF000000FF000000FF000000FF000000FF000000FF000000FF000000FF000000FF000000FF000000FF000000FF000000FF000000FF000000FF000000FF000000FF00
310
0000FF000000FF000000FF000000FF000000FF000000FF000000FF000000FF000000FF000000FF000000FF000000FF000000FF000000FF000000FF000000FF000000FF000000FF000000FF000000FF000000FF000000FF000000FF000000FF000000FF000000FF000000FF000000FF000000FF000000FF000000FF000000FF
310
000000FF000000FF000000FF000000FF000000FF000000FF000000FF000000FF000000FF000000FF000000FF000000FF000000FF000000FF000000FF000000FF000000FF000000FF000000FF000000FF000000FF000000FF000000FF000000FF000000FF000000FF000000FF000000FF000000FF000000FF000000FF000000
310
FF000000FF000000FF000000FF000000FF000000FF000000FF000000FF000000FF000000FF000000FF000000FF000000FF000000FF000000FF000000FF000000FF000000FF000000FF000000FF000000FF000000FF000000FF000000FF000000FF000000FF000000FF000000FF000000FF000000FF000000FF000000FF0000
310
00FF000000FF000000FF000000FF000000FF000000FF000000FF000000FF000000FF000000FF000000FF000000FF000000FF000000FF000000FF000000FF000000FF000000FF000000FF000000FF000000FF000000FF000000FF000000FF000000FF000000FF000000FF000000FF000000FF000000FF000000FF000000FF00
310
0000FF000000FF000000FF000000FF000000FF000000FF000000FF000000FF000000FF000000FF000000FF000000FF000000FF000000FF000000FF000000FF000000FF000000FF000000FF000000FF000000FF000000FF000000FF000000FF000000FF000000FF000000FF000000FF000000FF000000FF000000FF000000FF
310
000000FF000000FF000000FF000000FF000000FF000000FF000000FF000000FF000000FF000000FF000000FF000000FF000000FF000000FF000000FF000000FF000000FF000000FF000000FF000000FF000000FF000000FF000000FF000000FF000000FF000000FF000000FF000000FF000000FF000000FF000000FF000000
310
FF000000FF000000FF000000FF000000FF000000FF000000FF000000FF000000FF000000FF000000FF000000FF000000FF000000FF000000FF000000FF000000FF000000FF000000FF000000FF000000FF000000FF000000FF000000FF000000FF000000FF000000FF000000FF000000FF000000FF000000FF000000FF0000
310
00FF000000FF000000FF000000FF000000FF000000FF000000FF000000FF000000FF000000FF000000FF000000FF000000FF000000FF000000FF000000FF000000FF000000FF000000FF000000FF000000FF000000FF000000FF000000FF000000FF000000FF000000FF000000FF000000FF000000FF000000FF000000FF00
310
0000FF000000FF000000FF000000FF000000FF000000FF000000FF000000FF000000FF000000FF000000FF000000FF000000FF000000FF000000FF000000FF000000FF000000FF000000FF000000FF000000FF000000FF000000FF000000FF000000FF000000FF000000FF000000FF000000FF000000FF000000FF000000FF
310
000000FF000000FF000000FF000000FF000000FF000000FF000000FF000000FF000000FF000000FF000000FF000000FF000000FF000000FF000000FF000000FF000000FF000000FF
  0
BLOCK_RECORD
  5
2BF
330
1
100
AcDbSymbolTableRecord
100
AcDbBlockTableRecord
  2
_ArchTick
340
0
310
2800000020000000200000000100080000000000000400000000000000000000000000000000000000000000000080000080000000808000800000008000800080800000C0C0C000C0DCC000F0CAA6000020400000206000002080000020A0000020C0000020E00000400000004020000040400000406000004080000040A0
310
000040C0000040E00000600000006020000060400000606000006080000060A0000060C0000060E00000800000008020000080400000806000008080000080A0000080C0000080E00000A0000000A0200000A0400000A0600000A0800000A0A00000A0C00000A0E00000C0000000C0200000C0400000C0600000C0800000C0
310
A00000C0C00000C0E00000E0000000E0200000E0400000E0600000E0800000E0A00000E0C00000E0E00040000000400020004000400040006000400080004000A0004000C0004000E00040200000402020004020400040206000402080004020A0004020C0004020E000404000004040200040404000404060004040800040
310
40A0004040C0004040E00040600000406020004060400040606000406080004060A0004060C0004060E00040800000408020004080400040806000408080004080A0004080C0004080E00040A0000040A0200040A0400040A0600040A0800040A0A00040A0C00040A0E00040C0000040C0200040C0400040C0600040C08000
310
40C0A00040C0C00040C0E00040E0000040E0200040E0400040E0600040E0800040E0A00040E0C00040E0E00080000000800020008000400080006000800080008000A0008000C0008000E00080200000802020008020400080206000802080008020A0008020C0008020E00080400000804020008040400080406000804080
310
008040A0008040C0008040E00080600000806020008060400080606000806080008060A0008060C0008060E00080800000808020008080400080806000808080008080A0008080C0008080E00080A0000080A0200080A0400080A0600080A0800080A0A00080A0C00080A0E00080C0000080C0200080C0400080C0600080C0
310
800080C0A00080C0C00080C0E00080E0000080E0200080E0400080E0600080E0800080E0A00080E0C00080E0E000C0000000C0002000C0004000C0006000C0008000C000A000C000C000C000E000C0200000C0202000C0204000C0206000C0208000C020A000C020C000C020E000C0400000C0402000C0404000C0406000C0
310
408000C040A000C040C000C040E000C0600000C0602000C0604000C0606000C0608000C060A000C060C000C060E000C0800000C0802000C0804000C0806000C0808000C080A000C080C000C080E000C0A00000C0A02000C0A04000C0A06000C0A08000C0A0A000C0A0C000C0A0E000C0C00000C0C02000C0C04000C0C06000
310
C0C08000C0C0A000F0FBFF00A4A0A000808080000000FF0000FF000000FFFF00FF000000FF00FF00FFFF0000FFFFFF00000000FF000000000000000000000000000000000000000000000000000000000000FF00FF00000000000000000000000000000000000000000000000000000000FF000000FF000000000000000000
310
0000000000000000000000000000000000FF0000000000FF0000000000000000000000000000000000000000000000000000FF0000000000FF0000000000000000000000000000000000000000000000000000FF0000000000FF0000000000000000000000000000000000000000000000000000FF0000000000FF00000000
310
00000000000000000000000000000000000000000000FF0000000000FF0000000000000000000000000000000000000000000000000000FF0000000000FF0000000000000000000000000000000000000000000000000000FF0000000000FF0000000000000000000000000000000000000000000000000000FF0000000000
310
FF0000000000000000000000000000000000000000000000000000FF0000000000FF0000000000000000000000000000000000000000000000000000FF0000000000FF0000000000000000000000000000000000000000000000000000FF0000000000FF0000000000000000000000000000000000000000000000000000FF
310
0000000000FF0000000000000000000000000000000000000000000000000000FF0000000000FF0000000000000000000000000000000000000000000000000000FF0000000000FF0000000000000000000000000000000000000000000000000000FF0000000000FF00000000000000000000000000000000000000000000
310
00000000FF0000000000FF0000000000000000000000000000000000000000000000000000FF0000000000FF0000000000000000000000000000000000000000000000000000FF0000000000FF0000000000000000000000000000000000000000000000000000FF0000000000FF0000000000000000000000000000000000
310
000000000000000000FF0000000000FF0000000000000000000000000000000000000000000000000000FF0000000000FF0000000000000000000000000000000000000000000000000000FF0000000000FF0000000000000000000000000000000000000000000000000000FF0000000000FF000000000000000000000000
310
0000000000000000000000000000FF0000000000FF0000000000000000000000000000000000000000000000000000FF0000000000FF0000000000000000000000000000000000000000000000000000FF0000000000FF0000000000000000000000000000000000000000000000000000FF000000FF000000000000000000
310
00000000000000000000000000000000000000FF00FF000000000000000000000000000000000000000000000000000000000000FF000000
  0
BLOCK_RECORD
  5
2C3
102
{ACAD_XDICTIONARY
360
2C4
102
}
330
1
100
AcDbSymbolTableRecord
100
AcDbBlockTableRecord
  2
LOGO
340
0
310
2800000020000000200000000100200000000000001000000100000001000000000000000000000001000000000000FF000000FF000000FF000000FF000000FF000000FF000000FF000000FF000000FF000000FF000000FF000000FF000000FF000000FF000000FF000000FF000000FF000000FF000000FF000000FF000000
310
FF000000FF000000FF000000FF000000FF000000FF000000FF000000FF000000FF000000FF000000FF000000FF000000FF000000FF000000FF000000FF000000FF000000FF000000FF000000FF000000FF000000FF000000FF000000FF000000FF000000FF000000FF000000FF000000FF000000FF000000FF000000FF0000
310
00FF000000FF000000FF000000FF000000FF000000FF000000FF000000FF000000FF000000FF000000FF000000FF000000FF000000FF000000FF000000FF000000FF000000FF000000FF000000FF000000FF000000FF000000FF000000FF000000FF000000FF000000FF000000FF000000FF000000FF000000FF000000FF00
310
0000FF000000FF000000FF000000FF000000FF000000FF000000FF000000FF000000FF000000FF000000FF000000FF000000FF000000FF000000FF000000FF000000FF000000FF000000FF000000FF000000FF000000FF000000FF000000FF000000FF000000FF000000FF000000FF000000FF000000FF000000FF000000FF
310
000000FF000000FF000000FF000000FF000000FF000000FF000000FF000000FF000000FF000000FF000000FF000000FF000000FF000000FF000000FF000000FF000000FF000000FF000000FF000000FF000000FF000000FF000000FF000000FF000000FF000000FF000000FF000000FF000000FF000000FF000000FF000000
310
FF000000FF000000FF000000FF000000FF000000FF000000FF000000FF000000FF000000FF000000FF000000FF000000FF000000FF000000FF000000FF000000FF000000FF000000FF000000FF000000FF000000FF000000FF000000FF000000FF000000FF000000FF000000FF000000FF000000FF000000FF000000FF0000
310
00FF000000FF000000FF000000FF000000FF000000FF000000FF000000FF000000FF000000FF000000FF000000FF000000FF000000FF000000FF000000FF000000FF000000FF000000FF000000FF000000FF000000FF000000FF000000FF000000FF000000FF000000FF000000FF000000FF000000FF000000FF000000FF00
310
0000FF000000FF000000FF000000FF000000FF000000FF000000FF000000FF000000FF000000FF000000FF000000FF000000FF000000FF000000FF000000FF000000FF000000FF000000FF000000FF000000FF000000FF000000FF000000FF000000FF000000FF000000FF000000FF000000FF000000FF000000FF000000FF
310
000000FF000000FF000000FF000000FF000000FF000000FF000000FF000000FF000000FF000000FF000000FF000000FF000000FF000000FF000000FF000000FF000000FF000000FF000000FF000000FF000000FF000000FF000000FF000000FF000000FF000000FF000000FF000000FF000000FF000000FF000000FF000000
310
FF000000FF000000FF000000FF000000FF000000FF000000FF000000FF000000FF000000FF000000FF000000FF000000FF000000FF000000FF000000FF000000FF000000FF000000FF000000FF000000FF000000FF000000FF000000FF000000FF000000FF000000FF000000FF000000FF000000FF000000FF000000FF0000
310
00FF000000FF000000FF000000FF000000FF000000FF000000FF000000FF000000FF000000FF000000FF000000FF000000FF000000FF000000FF000000FF000000FF000000FF000000FF000000FF000000FF000000FF000000FF000000FF000000FF000000FF000000FF000000FF000000FF000000FF000000FF000000FF00
310
0000FF000000FF000000FF000000FF000000FF000000FF000000FF000000FF000000FF000000FF000000FF000000FF000000FF000000FF000000FF000000FF000000FF000000FF000000FF000000FF000000FF000000FF000000FF000000FF000000FF000000FF000000FF000000FF000000FF000000FF000000FF000000FF
310
000000FF000000FF000000FF000000FF000000FF000000FF000000FF000000FF000000FF000000FF000000FF000000FF000000FF000000FF000000FF000000FF000000FF000000FF000000FF000000FF000000FF000000FF000000FF000000FF000000FF000000FF000000FF000000FF000000FF000000FF000000FF000000
310
FF000000FF000000FF000000FF000000FF000000FF000000FF000000FF000000FF000000FF000000FF000000FF000000FF000000FF000000FF000000FF000000FF000000FF000000FF000000FF000000FF000000FF000000FF000000FF000000FF000000FF000000FF000000FF000000FF000000FF000000FF000000FF0000
310
00FF000000FF000000FF000000FF000000FF000000FF000000FF000000FF000000FF000000FF000000FF000000FF000000FF000000FF000000FF000000FF000000FF000000FF000000FF000000FF000000FF000000FF000000FF000000FFC0C0C0FFC0C0C0FFC0C0C0FFC0C0C0FFC0C0C0FFC0C0C0FFC0C0C0FF212121FFC0
310
C0C0FFC0C0C0FFC0C0C0FFC0C0C0FFC0C0C0FFC0C0C0FF000000FF000000FF000000FF000000FF000000FF000000FF000000FF000000FF000000FF000000FF000000FF000000FF000000FF000000FF000000FF000000FF000000FF000000FFC0C0C0FFC0C0C0FFC0C0C0FFC0C0C0FFC0C0C0FFC0C0C0FFC0C0C0FFC0C0C0FF
310
C0C0C0FFC0C0C0FFC0C0C0FFC0C0C0FFC0C0C0FFC0C0C0FF000000FF000000FF000000FF000000FF000000FF000000FF000000FF000000FF000000FF000000FF000000FF000000FF000000FF000000FF000000FF000000FF000000FF000000FFC0C0C0FFC0C0C0FFC0C0C0FF0000FFFFC0C0C0FF5B5B5BFFC0C0C0FFC0C0C0
310
FFC0C0C0FFC0C0C0FFC0C0C0FFC0C0C0FFC0C0C0FFC0C0C0FF000000FF000000FF000000FF000000FF000000FF000000FF000000FF000000FF000000FF000000FF000000FF000000FF000000FF000000FF000000FF000000FF000000FF000000FFC0C0C0FFC0C0C0FF0000FFFF0000FFFF5B5B5BFF5B5B5BFF5B5B5BFF5B5B
310
5BFFC0C0C0FFC0C0C0FFC0C0C0FFC0C0C0FFC0C0C0FFC0C0C0FF000000FF000000FF000000FF000000FF000000FF000000FF000000FF000000FF000000FF000000FF000000FF000000FF000000FF000000FF000000FF000000FF000000FF000000FF000000FF000000FF000000FF000000FF000000FF000000FF000000FF00
310
0000FF000000FF000000FF000000FF000000FF000000FF000000FF000000FF000000FF000000FF000000FF000000FF000000FF000000FF000000FF000000FF000000FF000000FF000000FF000000FF000000FF000000FF000000FF000000FF000000FF000000FF000000FF000000FF000000FF000000FF000000FF000000FF
310
000000FF000000FF000000FF000000FF000000FF000000FF000000FF000000FF000000FF000000FF000000FF000000FF000000FF000000FF000000FF000000FF000000FF000000FF000000FF000000FF000000FF000000FF000000FF000000FF000000FF000000FF000000FF000000FF000000FF000000FF000000FF000000
310
FF000000FF000000FF000000FF000000FF000000FF000000FF000000FF000000FF000000FF000000FF000000FF000000FF000000FF000000FF000000FF000000FF000000FF000000FF000000FF000000FF000000FF000000FF000000FF000000FF000000FF000000FF000000FF000000FF000000FF000000FF000000FF0000
310
00FF000000FF000000FF000000FF000000FF000000FF000000FF000000FF000000FF000000FF000000FF000000FF000000FF000000FF000000FF000000FF000000FF000000FF000000FF000000FF000000FF000000FF000000FF000000FF000000FF000000FF000000FF000000FF000000FF000000FF000000FF000000FF00
310
0000FF000000FF000000FF000000FF000000FF000000FF000000FF000000FF000000FF000000FF000000FF000000FF000000FF000000FF000000FF000000FF000000FF000000FF000000FF000000FF000000FF000000FF000000FF000000FF000000FF000000FF000000FF000000FF000000FF000000FF000000FF000000FF
310
000000FF000000FF000000FF000000FF000000FF000000FF000000FF000000FF000000FF000000FF000000FF000000FF000000FF000000FF000000FF000000FF000000FF000000FF000000FF000000FF000000FF000000FF000000FF000000FF000000FF000000FF000000FF000000FF000000FF000000FF000000FF000000
310
FF000000FF000000FF000000FF000000FF000000FF000000FF000000FF000000FF000000FF000000FF000000FF000000FF000000FF000000FF000000FF000000FF000000FF000000FF000000FF000000FF000000FF000000FF000000FF000000FF000000FF000000FF000000FF000000FF000000FF000000FF000000FF0000
310
00FF000000FF000000FF000000FF000000FF000000FF000000FF000000FF000000FF000000FF000000FF000000FF000000FF000000FF000000FF000000FF000000FF000000FF000000FF000000FF000000FF000000FF000000FF000000FF000000FF000000FF000000FF000000FF000000FF000000FF000000FF000000FF00
310
0000FF000000FF000000FF000000FF000000FF000000FF000000FF000000FF000000FF000000FF000000FF000000FF000000FF000000FF000000FF000000FF000000FF000000FF000000FF000000FF000000FF000000FF000000FF000000FF000000FF000000FF000000FF000000FF000000FF000000FF000000FF000000FF
310
000000FF000000FF000000FF000000FF000000FF000000FF000000FF000000FF000000FF000000FF000000FF000000FF000000FF000000FF000000FF000000FF000000FF000000FF000000FF000000FF000000FF000000FF000000FF000000FF000000FF000000FF000000FF000000FF000000FF000000FF000000FF000000
310
FF000000FF000000FF000000FF000000FF000000FF000000FF000000FF000000FF000000FF000000FF000000FF000000FF000000FF000000FF000000FF000000FF000000FF000000FF000000FF000000FF000000FF000000FF000000FF000000FF000000FF000000FF000000FF000000FF000000FF000000FF000000FF0000
310
00FF000000FF000000FF000000FF000000FF000000FF000000FF000000FF000000FF000000FF000000FF000000FF000000FF000000FF000000FF000000FF000000FF000000FF000000FF000000FF000000FF000000FF000000FF000000FF000000FF000000FF000000FF000000FF000000FF000000FF000000FF000000FF00
310
0000FF000000FF000000FF000000FF000000FF000000FF000000FF000000FF000000FF000000FF000000FF000000FF000000FF000000FF000000FF000000FF000000FF000000FF000000FF000000FF000000FF000000FF000000FF000000FF000000FF000000FF000000FF000000FF000000FF000000FF000000FF000000FF
310
000000FF000000FF000000FF000000FF000000FF000000FF000000FF000000FF000000FF000000FF000000FF000000FF000000FF000000FF000000FF000000FF000000FF000000FF
102
{BLKREFS
331
49A
102
}
1001
AcDbDynamicBlockGUID
1000
{0DC22FDA-C5C8-414F-80F7-24E1729E8677}
  0
BLOCK_RECORD
  5
343
102
{ACAD_XDICTIONARY
360
344
102
}
330
1
100
AcDbSymbolTableRecord
100
AcDbBlockTableRecord
  2
A$C1BAB2EA3
340
0
102
{BLKREFS
331
4C6
102
}
1001
AcDbBlockRepETag
1070
     1
1071
        3
1001
AcDbDynamicBlockGUID
1000
{DAF83229-D583-4367-BA21-CCD87B5695B1}
  0
BLOCK_RECORD
  5
34B
102
{ACAD_XDICTIONARY
360
4F4
102
}
330
1
100
AcDbSymbolTableRecord
100
AcDbBlockTableRecord
  2
A3-1-1-ISO3TGROUP
340
0
310
2800000020000000200000000100200000000000001000000100000001000000000000000000000001000000000000FF000000FF000000FF000000FF000000FF000000FF000000FF000000FF000000FF000000FF000000FF000000FF000000FF000000FF000000FF000000FF000000FF000000FF000000FF000000FF000000
310
FF000000FF000000FF000000FF000000FF000000FF000000FF000000FF000000FF000000FF000000FF000000FF000000FF000000FF000000FF000000FF000000FF000000FF000000FF000000FF000000FF000000FF000000FF000000FF000000FF000000FF000000FF000000FF000000FF000000FF000000FF000000FF0000
310
00FF000000FF000000FF000000FF000000FF000000FF000000FF000000FF000000FF000000FF000000FF000000FF000000FF000000FF000000FF000000FF000000FF000000FF000000FF000000FF000000FF000000FF000000FF000000FF000000FF000000FF000000FF000000FF000000FF000000FF000000FF000000FF00
310
0000FF000000FF000000FF000000FF000000FF000000FF000000FF000000FF000000FF000000FF000000FF000000FF000000FF000000FF000000FF000000FF000000FF000000FF000000FF000000FF000000FF000000FF000000FF000000FF000000FF000000FF000000FF000000FF000000FF000000FF000000FF000000FF
310
000000FF000000FF000000FF000000FF000000FF000000FF000000FF000000FF000000FF000000FF000000FF000000FF000000FF000000FF000000FF000000FF000000FF000000FF000000FF000000FF000000FF000000FF000000FF000000FF000000FF000000FF000000FF000000FF000000FF000000FF000000FF000000
310
FF000000FF000000FF000000FF000000FF000000FF000000FF000000FF000000FF000000FF000000FF000000FF000000FF000000FF000000FF000000FF000000FF000000FF000000FF000000FF000000FF000000FF000000FF000000FF000000FF000000FF000000FF000000FF000000FF000000FF000000FF000000FF0000
310
00FF000000FF000000FF000000FF000000FF000000FF000000FF000000FF000000FF000000FF000000FF000000FF000000FF000000FF000000FF000000FF000000FF000000FF000000FF000000FF000000FF000000FF000000FF000000FF000000FF000000FF000000FF000000FF000000FF000000FF000000FF000000FF00
310
0000FF000000FF000000FF000000FF000000FF000000FF000000FF000000FF000000FF000000FF000000FF000000FF000000FF000000FF333333FFFFFFFFFFFFFFFFFFFFFFFFFFFFFFFFFFFFFFFFFFFFFFFFFFFFFFFFFFFFFFFFFFFFFFFFFFFFFFFFFFFFFFFFFFFFFFFFFFFFFFFFFFFFFFFFFFFFFFFFFFFFFFFFFFFFFFFFFF
310
FFFFFFFFFFFFFFFFFFFFFFFFFFFFFFFFFFFFFFFFFFFFFFFFFFFFFFFF000000FF000000FF000000FF000000FF000000FF000000FF000000FF333333FFFFFFFFFFFFFFFFFF000000FF000000FF000000FF000000FF000000FF000000FF000000FF000000FF000000FF000000FF000000FF000000FF000000FF000000FF000000
310
FF000000FF000000FF000000FFFFFFFFFFFFFFFFFFFFFFFFFFFFFFFFFF000000FF000000FF000000FF000000FF000000FF000000FF000000FF333333FFFFFFFFFFFFFFFFFF000000FF000000FF000000FF000000FF000000FF000000FF000000FF000000FF000000FF000000FF000000FF000000FF000000FF000000FF0000
310
00FF000000FF000000FF000000FFFFFFFFFFFFFFFFFFFFFFFFFFFFFFFFFF000000FF000000FF000000FF000000FF000000FF000000FF000000FF333333FFFFFFFFFFFFFFFFFF000000FF000000FF000000FF000000FF000000FF000000FF000000FF000000FF000000FF000000FF000000FF000000FF000000FF000000FF00
310
0000FF000000FF000000FF000000FFFFFFFFFFFFFFFFFFFFFFFFFFFFFFFFFF000000FF000000FF000000FF000000FF000000FF000000FF000000FF333333FFFFFFFFFFFFFFFFFF000000FF000000FF000000FF000000FF000000FF000000FF000000FF000000FF000000FF000000FF000000FF000000FF000000FF000000FF
310
000000FF000000FF000000FF000000FFFFFFFFFFFFFFFFFFFFFFFFFFFFFFFFFF000000FF000000FF000000FF000000FF000000FF000000FF000000FF333333FFFFFFFFFFFFFFFFFF000000FF000000FF000000FF000000FF000000FF000000FF000000FF000000FF000000FF000000FF000000FF000000FF000000FF000000
310
FF000000FF000000FF000000FF000000FFFFFFFFFFFFFFFFFFFFFFFFFFFFFFFFFF000000FF000000FF000000FF000000FF000000FF000000FF000000FF333333FFFFFFFFFFFFFFFFFF000000FF000000FF000000FF000000FF000000FF000000FF000000FF000000FF000000FF000000FF000000FF000000FF000000FF0000
310
00FF000000FF000000FF000000FF000000FFFFFFFFFFFFFFFFFFFFFFFFFFFFFFFFFF000000FF000000FF000000FF000000FF000000FF000000FF000000FF333333FFFFFFFFFFFFFFFFFF000000FF000000FF000000FF000000FF000000FF000000FF000000FF000000FF000000FF000000FF000000FF000000FF000000FF00
310
0000FF000000FF000000FF000000FF000000FFFFFFFFFFFFFFFFFFFFFFFFFFFFFFFFFF000000FF000000FF000000FF000000FF000000FF000000FF000000FF333333FFFFFFFFFFFFFFFFFF000000FF000000FF000000FF000000FF000000FF000000FF000000FF000000FF000000FF000000FF000000FF000000FF000000FF
310
000000FF000000FF000000FF000000FF000000FFFFFFFFFFFFFFFFFFFFFFFFFFFFFFFFFF000000FF000000FF000000FF000000FF000000FF000000FF000000FF333333FFFFFFFFFFFFFFFFFF000000FF000000FF000000FF000000FF000000FF000000FF000000FF000000FF000000FF000000FF000000FF000000FF000000
310
FF000000FF000000FF000000FF000000FF000000FFFFFFFFFFFFFFFFFFFFFFFFFFFFFFFFFF000000FF000000FF000000FF000000FF000000FF000000FF000000FF333333FFFFFFFFFFFFFFFFFF000000FF000000FF000000FF000000FF000000FF000000FF000000FF000000FF000000FF000000FF000000FF000000FF0000
310
00FF000000FF000000FF000000FF000000FF000000FFFFFFFFFFFFFFFFFFFFFFFFFFFFFFFFFF000000FF000000FF000000FF000000FF000000FF000000FF000000FF333333FFFFFFFFFFFFFFFFFF000000FF000000FF000000FF000000FF000000FF000000FF000000FF000000FF000000FF000000FF000000FF000000FF00
310
0000FF000000FF000000FF000000FF000000FF000000FFFFFFFFFFFFFFFFFFFFFFFFFFFFFFFFFF000000FF000000FF000000FF000000FF000000FF000000FF000000FF333333FFFFFFFFFFFFFFFFFF000000FF000000FF000000FF000000FF000000FF000000FF000000FF000000FF000000FF000000FF000000FF000000FF
310
000000FF000000FF000000FF000000FF000000FF000000FFFFFFFFFFFFFFFFFFFFFFFFFFFFFFFFFF000000FF000000FF000000FF000000FF000000FF000000FF000000FF333333FFFFFFFFFFFFFFFFFF000000FF000000FF000000FF000000FF000000FF000000FF000000FF000000FF000000FF000000FF000000FF000000
310
FF000000FF000000FF000000FF000000FF000000FF000000FFFFFFFFFFFFFFFFFFFFFFFFFFFFFFFFFF000000FF000000FF000000FF000000FF000000FF000000FF000000FF333333FFFFFFFFFFFFFFFFFF000000FF000000FF000000FF000000FF000000FF000000FF000000FF000000FF000000FF000000FF000000FF0000
310
00FF000000FF000000FF000000FF000000FF000000FF000000FFFFFFFFFFFFFFFFFFFFFFFFFFFFFFFFFF000000FF000000FF000000FF000000FF000000FF000000FF000000FF333333FFFFFFFFFFFFFFFFFF000000FF000000FF000000FF000000FF000000FF000000FF000000FF000000FF000000FF000000FF000000FF00
310
0000FF000000FF000000FF000000FF000000FF000000FF000000FFFFFFFFFFFFFFFFFFFFFFFFFFFFFFFFFF000000FF000000FF000000FF000000FF000000FF000000FF000000FF333333FFFFFFFFFFFFFFFFFF000000FF000000FF000000FF000000FF000000FF000000FF000000FF000000FF000000FF000000FF000000FF
310
000000FF000000FF000000FF000000FF000000FF000000FF000000FFFFFFFFFFFFFFFFFFFFFFFFFFFFFFFFFF000000FF000000FF000000FF000000FF000000FF000000FF000000FF333333FFFFFFFFFFFFFFFFFFFFFFFFFFFFFFFFFFFFFFFFFFFFFFFFFFFFFFFFFFFFFFFFFFFFFFFFFFFFFFFFFFFFFFFFFFFFFFFFFFFFFFFF
310
FFFFFFFFFFFFFFFFFFFFFFFFFFFFFFFFFFFFFFFFFFFFFFFFFFFFFFFFFFFFFFFFFFFFFFFFFFFFFFFFFFFFFFFFFF000000FF000000FF000000FF000000FF000000FF000000FF000000FF000000FF000000FF000000FF000000FF000000FF000000FF000000FF000000FF000000FF000000FF000000FF000000FF000000FF0000
310
00FF000000FF000000FF000000FF000000FF000000FF000000FF000000FF000000FF000000FF000000FF000000FF000000FF000000FF000000FF000000FF000000FF000000FF000000FF000000FF000000FF000000FF000000FF000000FF000000FF000000FF000000FF000000FF000000FF000000FF000000FF000000FF00
310
0000FF000000FF000000FF000000FF000000FF000000FF000000FF000000FF000000FF000000FF000000FF000000FF000000FF000000FF000000FF000000FF000000FF000000FF000000FF000000FF000000FF000000FF000000FF000000FF000000FF000000FF000000FF000000FF000000FF000000FF000000FF000000FF
310
000000FF000000FF000000FF000000FF000000FF000000FF000000FF000000FF000000FF000000FF000000FF000000FF000000FF000000FF000000FF000000FF000000FF000000FF000000FF000000FF000000FF000000FF000000FF000000FF000000FF000000FF000000FF000000FF000000FF000000FF000000FF000000
310
FF000000FF000000FF000000FF000000FF000000FF000000FF000000FF000000FF000000FF000000FF000000FF000000FF000000FF000000FF000000FF000000FF000000FF000000FF000000FF000000FF000000FF000000FF000000FF000000FF000000FF000000FF000000FF000000FF000000FF000000FF000000FF0000
310
00FF000000FF000000FF000000FF000000FF000000FF000000FF000000FF000000FF000000FF000000FF000000FF000000FF000000FF000000FF000000FF000000FF000000FF000000FF000000FF000000FF000000FF000000FF000000FF000000FF000000FF000000FF000000FF000000FF000000FF000000FF000000FF00
310
0000FF000000FF000000FF000000FF000000FF000000FF000000FF000000FF000000FF000000FF000000FF000000FF000000FF000000FF000000FF000000FF000000FF000000FF000000FF000000FF000000FF000000FF000000FF000000FF000000FF000000FF000000FF000000FF000000FF000000FF000000FF000000FF
310
000000FF000000FF000000FF000000FF000000FF000000FF000000FF000000FF000000FF000000FF000000FF000000FF000000FF000000FF000000FF000000FF000000FF000000FF
102
{BLKREFS
331
411
102
}
1001
AcDbDynamicBlockGUID
1000
{9EAB2EBF-85BA-824D-AFC8-7D77DE0F843F}
  0
BLOCK_RECORD
  5
3AB
102
{ACAD_XDICTIONARY
360
3AC
102
}
330
1
100
AcDbSymbolTableRecord
100
AcDbBlockTableRecord
  2
QUANG
340
0
310
2800000020000000200000000100200000000000001000000100000001000000000000000000000020D7536E000000FF000000FF000000FF000000FF000000FF000000FF000000FF000000FF000000FF000000FF000000FF000000FF000000FF000000FF000000FF000000FF000000FF000000FF000000FF000000FF000000
310
FF000000FF000000FF000000FF000000FF000000FF000000FF000000FF000000FF000000FF000000FF000000FF000000FF000000FF000000FF000000FF000000FF000000FF000000FF000000FF000000FF000000FF000000FF000000FF000000FF000000FF000000FF000000FF000000FF000000FF000000FF000000FF0000
310
00FF000000FF000000FF000000FF000000FF000000FF000000FF000000FF000000FF000000FF000000FF000000FF000000FF000000FF000000FF000000FF000000FF000000FF000000FF000000FF000000FF000000FF000000FF000000FF000000FF000000FF000000FF000000FF000000FF000000FF000000FF000000FF00
310
0000FF000000FF000000FF000000FF000000FF000000FF000000FF000000FF000000FF000000FF000000FF000000FF000000FF000000FF000000FF000000FF000000FF000000FF000000FF000000FF000000FF000000FF000000FF000000FF000000FF000000FF000000FF000000FF000000FF000000FF000000FF000000FF
310
000000FF000000FF000000FF000000FF000000FF000000FF000000FF000000FF000000FF000000FF000000FF000000FF000000FF000000FF000000FF000000FF000000FF000000FF000000FF000000FF000000FF000000FF000000FF000000FF000000FF000000FF000000FF000000FF000000FF000000FF000000FF000000
310
FF000000FF000000FF000000FF000000FF000000FF000000FF000000FF000000FF000000FF000000FF000000FF000000FF000000FF000000FF000000FF000000FF000000FF000000FF000000FF000000FF000000FF000000FF000000FF000000FF000000FF000000FF000000FF000000FF000000FFFFFFFFFFFFFFFFFF0000
310
00FF000000FF000000FF000000FF000000FF000000FF000000FF000000FF000000FF000000FF000000FF000000FF000000FF000000FF000000FF000000FF000000FF000000FF000000FF000000FF000000FF000000FF000000FF000000FF000000FF000000FF000000FF000000FF000000FF000000FFFFFFFFFFFFFFFFFF00
310
0000FF000000FF000000FF000000FF000000FF000000FF000000FF000000FF000000FF000000FF000000FF000000FF000000FF000000FF000000FF000000FF000000FF000000FF000000FF000000FF000000FF000000FF000000FF000000FF000000FF000000FF000000FF000000FF000000FF000000FFFFFFFFFF000000FF
310
FFFFFFFF000000FF000000FF000000FF000000FF000000FF000000FF000000FF000000FF000000FF000000FF000000FF000000FF000000FF000000FF000000FF000000FF000000FF000000FF000000FF000000FF000000FF000000FF000000FF000000FF000000FF000000FF000000FF000000FF000000FFFFFFFFFF000000
310
FFFFFFFFFF000000FF000000FF000000FF000000FF000000FF000000FF000000FF000000FF000000FF000000FF000000FF000000FF000000FF000000FF000000FF000000FF000000FF000000FF000000FF000000FF000000FF000000FF000000FF000000FF000000FF000000FF000000FF000000FF000000FFFFFFFFFFFFFF
310
FFFFFFFFFFFF000000FF000000FF000000FF000000FF000000FF000000FF000000FF000000FF000000FF000000FF000000FF000000FF000000FF000000FF000000FF000000FF000000FF000000FF000000FF000000FF000000FF000000FF000000FF000000FF000000FF000000FF000000FF000000FF000000FF000000FFFF
310
FFFFFFFFFFFFFF000000FF000000FF000000FF000000FF000000FF000000FF000000FF000000FF000000FF000000FF000000FF000000FF000000FF000000FF000000FF000000FF000000FF000000FFFFFFFFFFFFFFFFFFFFFFFFFF000000FF000000FF000000FF000000FF000000FF000000FF000000FF000000FF000000FF
310
FFFFFFFFFFFFFFFF000000FF000000FF000000FF000000FF000000FF000000FF000000FF000000FF000000FF000000FF000000FF000000FF000000FF000000FF000000FFFFFFFFFFFFFFFFFF000000FFFFFFFFFF000000FFFFFFFFFFFFFFFFFF000000FF000000FF000000FF000000FF000000FF000000FF000000FF000000
310
FFFFFFFFFFFFFFFFFF000000FF000000FF000000FF000000FF000000FF000000FF000000FF000000FF000000FF000000FF000000FF000000FF000000FF000000FF000000FFFFFFFFFF000000FFFFFFFFFFFFFFFFFF000000FF000000FFFFFFFFFF000000FF000000FF000000FF000000FF000000FF000000FF000000FF0000
310
00FF000000FFFFFFFFFF000000FF000000FF000000FF000000FF000000FF000000FF000000FF000000FF000000FF000000FF000000FF000000FF000000FF000000FF000000FFFFFFFFFF000000FFFFFFFFFFFFFFFFFFFFFFFFFF000000FF000000FFFFFFFFFFFFFFFFFF000000FF000000FF000000FF000000FF000000FF00
310
0000FF000000FFFFFFFFFFFFFFFFFF000000FF000000FF000000FF000000FF000000FF000000FF000000FF000000FF000000FF000000FF000000FF000000FF000000FF000000FF000000FFFFFFFFFFFFFFFFFFFFFFFFFFFFFFFFFF000000FF000000FFFFFFFFFFFFFFFFFFFFFFFFFFFFFFFFFF000000FF000000FF000000FF
310
000000FF000000FF000000FFFFFFFFFF000000FF000000FF000000FF000000FF000000FF000000FF000000FF000000FF000000FF000000FF000000FF000000FF000000FF000000FF000000FFFFFFFFFFFFFFFFFF000000FFFFFFFFFFFFFFFFFF000000FFFFFFFFFFFFFFFFFFFFFFFFFFFFFFFFFF000000FF000000FF000000
310
FF000000FF000000FF000000FFFFFFFFFF000000FF000000FF000000FF000000FF000000FF000000FF000000FF000000FF000000FF000000FF000000FF000000FFFFFFFFFF000000FF000000FF000000FFFFFFFFFFFFFFFFFFFFFFFFFFFFFFFFFF000000FF000000FFFFFFFFFFFFFFFFFFFFFFFFFFFFFFFFFFFFFFFFFF0000
310
00FF000000FF000000FF000000FFFFFFFFFFFFFFFFFF000000FF000000FF000000FF000000FF000000FF000000FF000000FF000000FF000000FF000000FF000000FF000000FFFFFFFFFF000000FF000000FFFFFFFFFFFFFFFFFFFFFFFFFFFFFFFFFFFFFFFFFF000000FFFFFFFFFFFFFFFFFFFFFFFFFFFFFFFFFFFFFFFFFFFF
310
FFFFFFFFFFFFFF000000FF000000FFFFFFFFFF000000FFFFFFFFFF000000FF000000FF000000FF000000FF000000FF000000FF000000FF000000FF000000FF000000FF000000FFFFFFFFFF000000FF000000FF000000FFFFFFFFFFFFFFFFFFFFFFFFFFFFFFFFFFFFFFFFFF000000FF000000FF000000FF000000FFFFFFFFFF
310
FFFFFFFFFFFFFFFFFFFFFFFF000000FFFFFFFFFF000000FF000000FFFFFFFFFF000000FF000000FF000000FF000000FF000000FF000000FF000000FF000000FF000000FF000000FFFFFFFFFF000000FF000000FF000000FFFFFFFFFFFFFFFFFFFFFFFFFFFFFFFFFFFFFFFFFF000000FF000000FF000000FF000000FF000000
310
FF000000FFFFFFFFFFFFFFFFFFFFFFFFFFFFFFFFFF000000FF000000FFFFFFFFFF000000FF000000FF000000FF000000FF000000FF000000FF000000FF000000FF000000FF000000FF000000FFFFFFFFFF000000FF000000FFFFFFFFFF000000FFFFFFFFFFFFFFFFFFFFFFFFFF000000FF000000FF000000FF000000FF0000
310
00FF000000FF000000FF000000FFFFFFFFFFFFFFFFFF000000FF000000FF000000FFFFFFFFFF000000FF000000FF000000FF000000FF000000FF000000FF000000FF000000FF000000FF000000FFFFFFFFFF000000FF000000FF000000FFFFFFFFFF000000FFFFFFFFFFFFFFFFFFFFFFFFFF000000FF000000FF000000FF00
310
0000FF000000FF000000FF000000FF000000FFFFFFFFFF000000FF000000FF000000FF000000FFFFFFFFFF000000FF000000FF000000FF000000FF000000FF000000FF000000FF000000FF000000FFFFFFFFFFFFFFFFFF000000FF000000FFFFFFFFFF000000FF000000FFFFFFFFFFFFFFFFFF000000FF000000FF000000FF
310
000000FF000000FF000000FF000000FF000000FFFFFFFFFF000000FF000000FF000000FF000000FF000000FFFFFFFFFF000000FF000000FF000000FF000000FF000000FF000000FF000000FF000000FF000000FFFFFFFFFF000000FF000000FFFFFFFFFF000000FF000000FF000000FF000000FF000000FF000000FF000000
310
FF000000FF000000FF000000FF000000FF000000FF000000FF000000FF000000FF000000FF000000FF000000FF000000FFFFFFFFFF000000FF000000FF000000FF000000FF000000FF000000FF000000FF000000FF000000FFFFFFFFFFFFFFFFFFFFFFFFFF000000FF000000FF000000FF000000FF000000FF000000FF0000
310
00FF000000FF000000FF000000FF000000FF000000FF000000FF000000FF000000FF000000FF000000FF000000FF000000FF000000FFFFFFFFFFFFFFFFFF000000FF000000FF000000FF000000FF000000FF000000FF000000FF000000FF000000FF000000FF000000FF000000FF000000FF000000FF000000FF000000FF00
310
0000FF000000FF000000FF000000FF000000FF000000FF000000FF000000FF000000FF000000FF000000FF000000FF000000FF000000FF000000FF000000FFFFFFFFFF000000FF000000FF000000FF000000FF000000FF000000FF000000FF000000FF000000FF000000FF000000FF000000FF000000FF000000FF000000FF
310
000000FF000000FF000000FF000000FF000000FF000000FF000000FF000000FF000000FF000000FF000000FF000000FF000000FF000000FF000000FF000000FF000000FF000000FF000000FF000000FF000000FF000000FF000000FF000000FF000000FF000000FF000000FF000000FF000000FF000000FF000000FF000000
310
FF000000FF000000FF000000FF000000FF000000FF000000FF000000FF000000FF000000FF000000FF000000FF000000FF000000FF000000FF000000FF000000FF000000FF000000FF000000FF000000FF000000FF000000FF000000FF000000FF000000FF000000FF000000FF000000FF000000FF000000FF000000FF0000
310
00FF000000FF000000FF000000FF000000FF000000FF000000FF000000FF000000FF000000FF000000FF000000FF000000FF000000FF000000FF000000FF000000FF000000FF000000FF000000FF000000FF000000FF000000FF000000FF000000FF000000FF000000FF000000FF000000FF000000FF000000FF000000FF00
310
0000FF000000FF000000FF000000FF000000FF000000FF000000FF000000FF000000FF000000FF000000FF000000FF000000FF000000FF000000FF000000FF000000FF000000FF000000FF000000FF000000FF000000FF000000FF000000FF000000FF000000FF000000FF000000FF000000FF000000FF000000FF000000FF
310
000000FF000000FF000000FF000000FF000000FF000000FF000000FF000000FF000000FF000000FF000000FF000000FF000000FF000000FF000000FF000000FF000000FF000000FF
102
{BLKREFS
331
4E3
331
4E4
102
}
  0
ENDTAB
  0
ENDSEC
  0
SECTION
  2
BLOCKS
  0
BLOCK
  5
20
330
1F
100
AcDbEntity
  8
0
100
AcDbBlockBegin
  2
*Model_Space
 70
     0
 10
0
 20
0
 30
0
  3
*Model_Space
  1

  0
ENDBLK
  5
21
330
1F
100
AcDbEntity
  8
0
100
AcDbBlockEnd
  0
BLOCK
  5
D4
330
D2
100
AcDbEntity
 67
     1
  8
0
100
AcDbBlockBegin
  2
*Paper_Space
 70
     0
 10
0
 20
0
 30
0
  3
*Paper_Space
  1

  0
ENDBLK
  5
D5
330
D2
100
AcDbEntity
 67
     1
  8
0
100
AcDbBlockEnd
  0
BLOCK
  5
D8
330
D6
100
AcDbEntity
  8
0
100
AcDbBlockBegin
  2
*Paper_Space0
 70
     0
 10
0
 20
0
 30
0
  3
*Paper_Space0
  1

  0
ENDBLK
  5
D9
330
D6
100
AcDbEntity
  8
0
100
AcDbBlockEnd
  0
BLOCK
  5
2BB
330
2B8
100
AcDbEntity
  8
0
100
AcDbBlockBegin
  2
_DOT
 70
     0
 10
0
 20
0
 30
0
  3
_DOT
  1
AVE_RENDER
  0
LWPOLYLINE
  5
2BC
330
2B8
100
AcDbEntity
  8
0
  6
ByBlock
 62
     0
100
AcDbPolyline
 90
        2
 70
     1
 43
0.5
 43
0.5
 10
-0.25
 20
0
 42
1
 10
0.25
 20
0
 42
1
  0
LINE
  5
2BD
330
2B8
100
AcDbEntity
  8
0
  6
ByBlock
 62
     0
100
AcDbLine
 10
-0.5
 20
0
 30
0
 11
-1
 21
0
 31
0
  0
ENDBLK
  5
2BE
330
2B8
100
AcDbEntity
  8
0
100
AcDbBlockEnd
  0
BLOCK
  5
2C0
330
2BF
100
AcDbEntity
  8
0
100
AcDbBlockBegin
  2
_ArchTick
 70
     0
 10
0
 20
0
 30
0
  3
_ArchTick
  1

  0
LWPOLYLINE
  5
2C1
330
2BF
100
AcDbEntity
  8
0
  6
ByBlock
 62
     0
100
AcDbPolyline
 90
        2
 70
     0
 43
0.15
 43
0.15
 10
-0.5
 20
-0.5
 10
0.5
 20
0.5
  0
ENDBLK
  5
2C2
330
2BF
100
AcDbEntity
  8
0
100
AcDbBlockEnd
  0
BLOCK
  5
2C6
330
2C3
100
AcDbEntity
  8
0
100
AcDbBlockBegin
  2
LOGO
 70
     0
 10
0
 20
0
 30
0
  3
LOGO
  1

  0
LINE
  5
2C7
330
2C3
100
AcDbEntity
  8
A3 - Net thay - Continous line
100
AcDbLine
 10
1341.666747868265
 20
-9.855577081907541E-05
 30
0
 11
1775.000081201608
 21
-9.855578537099063E-05
 31
0
  0
ARC
  5
2C8
330
2C3
100
AcDbEntity
  8
A3 - Net thay - Continous line
100
AcDbCircle
 10
1341.666747868265
 20
124.9999014442292
 30
0
 40
125
100
AcDbArc
 50
180
 51
270
  0
LINE
  5
2C9
330
2C3
100
AcDbEntity
  8
A3 - Net thay - Continous line
100
AcDbLine
 10
1858.333414534922
 20
-9.855577081907541E-05
 30
0
 11
1958.333414534922
 21
-9.855577081907541E-05
 31
0
  0
LINE
  5
2CA
330
2C3
100
AcDbEntity
  8
A3 - Net thay - Continous line
100
AcDbLine
 10
2266.666747868265
 20
-9.855577081907541E-05
 30
0
 11
2416.666747868265
 21
-9.855577081907541E-05
 31
0
  0
LINE
  5
2CB
330
2C3
100
AcDbEntity
  8
A3 - Net thay - Continous line
100
AcDbLine
 10
2625.000081201579
 20
-9.855577081907541E-05
 30
0
 11
2933.333414534907
 21
-9.855577081907541E-05
 31
0
  0
HATCH
  5
2CC
330
2C3
100
AcDbEntity
  8
A3 - Net thay - Continous line
100
AcDbHatch
 10
0
 20
0
 30
0
210
0
220
0
230
1
  2
ANSI31
 70
     0
 71
     0
 91
        2
 92
        7
 72
     1
 73
     1
 93
       29
 10
483.3334145350673
 20
124.9999014441719
 42
0
 10
483.3334145350091
 20
166.6665681108434
 42
0.1581744839714124
 10
437.4167145082611
 20
249.999901444201
 42
0.1581744839713957
 10
483.3334145350091
 20
333.333234777544
 42
0
 10
483.3334145350673
 20
374.999901444201
 42
0.4142135623730951
 10
358.3334145350673
 20
499.999901444201
 42
0
 10
133.3334145350382
 20
499.9999014441719
 42
0.4142135623730798
 10
8.333414535038173
 20
374.9999014441719
 42
0
 10
8.333414535009069
 20
341.666568110858
 42
0
 10
108.3334145350091
 20
341.666568110858
 42
0
 10
108.33341453498
 20
349.9999014441719
 42
-0.4142135623730951
 10
141.666747868323
 20
383.3332347775013
 42
0
 10
350.0000812016951
 20
383.3332347775013
 42
-0.4142135623731291
 10
383.3334145350091
 20
349.9999014441719
 42
0
 10
383.3334145350091
 20
333.333234777544
 42
-0.4142135623730951
 10
350.0000812016951
 20
299.9999014442155
 42
0
 10
150.0000812016951
 20
299.999901444201
 42
0
 10
150.0000812016951
 20
199.999901444201
 42
0
 10
350.0000812016951
 20
199.9999014441719
 42
-0.4142135623730949
 10
383.3334145350091
 20
166.6665681108434
 42
0
 10
383.3334145350091
 20
149.999901444201
 42
-0.4142135623730951
 10
350.0000812016951
 20
116.666568110858
 42
0
 10
141.6667478683812
 20
116.666568110858
 42
-0.414213562373095
 10
100.0000812016951
 20
158.3332347775149
 42
0
 10
100.0000812016951
 20
166.666568110858
 42
0
 10
8.120169513858855E-05
 20
166.666568110858
 42
0
 10
8.120169513858855E-05
 20
124.999901444201
 42
0.414213562373081
 10
125.0000812016951
 20
-9.855579810391646E-05
 42
0
 10
358.3334145350673
 20
-9.855582720774692E-05
 42
0.4142135623731094
 97
        0
 92
        7
 72
     0
 73
     1
 93
        8
 10
1083.333414535009
 20
499.999901444201
 10
566.6667478683521
 20
499.999901444201
 10
566.6667478683521
 20
383.3332347775158
 10
775.0000812016951
 20
383.3332347775158
 10
775.0000812016951
 20
-9.855579810391646E-05
 10
875.0000812016951
 20
-9.855579810391646E-05
 10
875.0000812016951
 20
383.3332347775158
 10
1083.333414535009
 20
383.3332347775158
 97
        0
 75
     1
 76
     1
 52
0
 41
8.333333333333334
 77
     0
 78
     1
 53
44.99999999999996
 43
-186576.1926146289
 44
-64658.96378761699
 45
-0.7365695637359868
 46
0.7365695637359866
 79
     0
 47
3.096478068639648
 98
        2
 10
198.7409794540727
 20
42.37207171360296
 10
814.1324334977253
 20
425.3576134587211
1001
GradientColor1ACI
1070
     5
1001
GradientColor2ACI
1070
     2
1001
ACAD
1010
0
1020
0
1030
0
  0
LINE
  5
2CD
330
2C3
100
AcDbEntity
  8
A3 - Net thay - Continous line
100
AcDbLine
 10
875.0000812016951
 20
-9.855578537099063E-05
 30
0
 11
775.0000812016951
 21
-9.855578537099063E-05
 31
0
  0
LINE
  5
2CE
330
2C3
100
AcDbEntity
  8
A3 - Net thay - Continous line
100
AcDbLine
 10
2641.666747868265
 20
116.6665681108998
 30
0
 11
2916.666747868279
 21
116.6665681108998
 31
0
  0
LINE
  5
2CF
330
2C3
100
AcDbEntity
  8
A3 - Net thay - Continous line
100
AcDbLine
 10
1675.000081201579
 20
116.6665681108998
 30
0
 11
1358.333414534922
 21
116.6665681108998
 31
0
  0
ARC
  5
2D0
330
2C3
100
AcDbEntity
  8
A3 - Net thay - Continous line
100
AcDbCircle
 10
1358.333414534922
 20
158.3332347775577
 30
0
 40
41.66666666666666
100
AcDbArc
 50
180
 51
270
  0
LINE
  5
2D1
330
2C3
100
AcDbEntity
  8
A3 - Net thay - Continous line
100
AcDbLine
 10
350.0000812016951
 20
116.6665681108852
 30
0
 11
141.6667478683521
 21
116.6665681108852
 31
0
  0
LINE
  5
2D2
330
2C3
100
AcDbEntity
  8
A3 - Net thay - Continous line
100
AcDbLine
 10
100.0000812016951
 20
166.6665681108861
 30
0
 11
8.120169513858855E-05
 21
166.6665681108861
 31
0
  0
LINE
  5
2D3
330
2C3
100
AcDbEntity
  8
A3 - Net thay - Continous line
100
AcDbLine
 10
1341.666747868265
 20
499.9999014442287
 30
0
 11
1775.000081201579
 21
499.9999014442287
 31
0
  0
ARC
  5
2D4
330
2C3
100
AcDbEntity
  8
A3 - Net thay - Continous line
100
AcDbCircle
 10
1341.666747868265
 20
374.9999014442292
 30
0
 40
125
100
AcDbArc
 50
90
 51
180
  0
LINE
  5
2D5
330
2C3
100
AcDbEntity
  8
A3 - Net thay - Continous line
100
AcDbLine
 10
1858.333414534922
 20
499.9999014442287
 30
0
 11
2291.666747868265
 21
499.9999014442287
 31
0
  0
ARC
  5
2D6
330
2C3
100
AcDbEntity
  8
A3 - Net thay - Continous line
100
AcDbCircle
 10
2291.666747868265
 20
374.9999014442292
 30
0
 40
125
100
AcDbArc
 50
0
 51
90
  0
LINE
  5
2D7
330
2C3
100
AcDbEntity
  8
A3 - Net thay - Continous line
100
AcDbLine
 10
2625.000081201579
 20
499.9999014442287
 30
0
 11
2933.333414534907
 21
499.9999014442287
 31
0
  0
LINE
  5
2D8
330
2C3
100
AcDbEntity
  8
A3 - Net thay - Continous line
100
AcDbLine
 10
1083.333414535009
 20
499.9999014442142
 30
0
 11
566.6667478683521
 21
499.9999014442142
 31
0
  0
LINE
  5
2D9
330
2C3
100
AcDbEntity
  8
A3 - Net thay - Continous line
100
AcDbLine
 10
1358.333414534922
 20
383.3332347775577
 30
0
 11
1775.000081201579
 21
383.3332347775577
 31
0
  0
LINE
  5
2DA
330
2C3
100
AcDbEntity
  8
A3 - Net thay - Continous line
100
AcDbLine
 10
1958.333414534922
 20
383.3332347775577
 30
0
 11
2275.000081201579
 21
383.3332347775577
 31
0
  0
LINE
  5
2DB
330
2C3
100
AcDbEntity
  8
A3 - Net thay - Continous line
100
AcDbLine
 10
2641.666747868265
 20
383.3332347775577
 30
0
 11
2916.666747868279
 21
383.3332347775577
 31
0
  0
LINE
  5
2DC
330
2C3
100
AcDbEntity
  8
A3 - Net thay - Continous line
100
AcDbLine
 10
1083.333414535009
 20
383.3332347775431
 30
0
 11
875.0000812016951
 21
383.3332347775431
 31
0
  0
LINE
  5
2DD
330
2C3
100
AcDbEntity
  8
A3 - Net thay - Continous line
100
AcDbLine
 10
775.0000812016951
 20
383.3332347775431
 30
0
 11
566.6667478683521
 21
383.3332347775431
 31
0
  0
LINE
  5
2DE
330
2C3
100
AcDbEntity
  8
A3 - Net thay - Continous line
100
AcDbLine
 10
350.0000812016951
 20
383.3332347775431
 30
0
 11
141.6667478683521
 21
383.3332347775431
 31
0
  0
LINE
  5
2DF
330
2C3
100
AcDbEntity
  8
A3 - Net thay - Continous line
100
AcDbLine
 10
358.3334145350091
 20
499.9999014442142
 30
0
 11
125.0000812016951
 21
499.9999014442142
 31
0
  0
LINE
  5
2E0
330
2C3
100
AcDbEntity
  8
A3 - Net thay - Continous line
100
AcDbLine
 10
1533.333414534922
 20
299.9999014442292
 30
0
 11
1775.000081201579
 21
299.9999014442292
 31
0
  0
LINE
  5
2E1
330
2C3
100
AcDbEntity
  8
A3 - Net thay - Continous line
100
AcDbLine
 10
1958.333414534922
 20
283.3332347775577
 30
0
 11
2275.000081201579
 21
283.3332347775577
 31
0
  0
LINE
  5
2E2
330
2C3
100
AcDbEntity
  8
A3 - Net thay - Continous line
100
AcDbLine
 10
350.0000812016951
 20
299.9999014442146
 30
0
 11
150.0000812016951
 21
299.9999014442146
 31
0
  0
LINE
  5
2E3
330
2C3
100
AcDbEntity
  8
A3 - Net thay - Continous line
100
AcDbLine
 10
108.3334145350091
 20
341.6665681108861
 30
0
 11
8.333414535009069
 21
341.6665681108861
 31
0
  0
LINE
  5
2E4
330
2C3
100
AcDbEntity
  8
A3 - Net thay - Continous line
100
AcDbLine
 10
1533.333414534922
 20
199.9999014442292
 30
0
 11
1675.000081201579
 21
199.9999014442292
 31
0
  0
LINE
  5
2E5
330
2C3
100
AcDbEntity
  8
A3 - Net thay - Continous line
100
AcDbLine
 10
1958.333414534922
 20
166.6665681109007
 30
0
 11
2108.333414534951
 21
166.6665681109007
 31
0
  0
LINE
  5
2E6
330
2C3
100
AcDbEntity
  8
A3 - Net thay - Continous line
100
AcDbLine
 10
2258.333414534951
 20
166.6665681109007
 30
0
 11
2291.666747868265
 21
166.6665681109007
 31
0
  0
LINE
  5
2E7
330
2C3
100
AcDbEntity
  8
A3 - Net thay - Continous line
100
AcDbLine
 10
350.0000812016951
 20
199.9999014442146
 30
0
 11
150.0000812016951
 21
199.9999014442146
 31
0
  0
LINE
  5
2E8
330
2C3
100
AcDbEntity
  8
A3 - Net thay - Continous line
100
AcDbLine
 10
1775.000081201579
 20
-9.855577081907541E-05
 30
0
 11
1775.000081201579
 21
299.9999014442292
 31
0
  0
LINE
  5
2E9
330
2C3
100
AcDbEntity
  8
A3 - Net thay - Continous line
100
AcDbLine
 10
1775.000081201579
 20
383.3332347775577
 30
0
 11
1775.000081201579
 21
499.9999014442287
 31
0
  0
LINE
  5
2EA
330
2C3
100
AcDbEntity
  8
A3 - Net thay - Continous line
100
AcDbLine
 10
1675.000081201579
 20
116.6665681108998
 30
0
 11
1675.000081201579
 21
199.9999014442292
 31
0
  0
LINE
  5
2EB
330
2C3
100
AcDbEntity
  8
A3 - Net thay - Continous line
100
AcDbLine
 10
1533.333414534922
 20
199.9999014442292
 30
0
 11
1533.333414534922
 21
299.9999014442292
 31
0
  0
LINE
  5
2EC
330
2C3
100
AcDbEntity
  8
A3 - Net thay - Continous line
100
AcDbLine
 10
1216.666747868265
 20
124.9999014442292
 30
0
 11
1216.666747868265
 21
374.9999014442292
 31
0
  0
LINE
  5
2ED
330
2C3
100
AcDbEntity
  8
A3 - Net thay - Continous line
100
AcDbLine
 10
1316.666747868265
 20
158.3332347775577
 30
0
 11
1316.666747868265
 21
341.6665681109007
 31
0
  0
LINE
  5
2EE
330
2C3
100
AcDbEntity
  8
A3 - Net thay - Continous line
100
AcDbLine
 10
2416.666747868265
 20
374.9999014442292
 30
0
 11
2416.666747868265
 21
291.6665681109007
 31
0
  0
ARC
  5
2EF
330
2C3
100
AcDbEntity
  8
A3 - Net thay - Continous line
100
AcDbCircle
 10
2291.666747868265
 20
291.6665681109007
 30
0
 40
125
100
AcDbArc
 50
270
 51
0
  0
LINE
  5
2F0
330
2C3
100
AcDbEntity
  8
A3 - Net thay - Continous line
100
AcDbLine
 10
2316.666747868265
 20
324.9999014442292
 30
0
 11
2316.666747868265
 21
341.6665681109007
 31
0
  0
LINE
  5
2F1
330
2C3
100
AcDbEntity
  8
A3 - Net thay - Continous line
100
AcDbLine
 10
1858.333414534922
 20
499.9999014442287
 30
0
 11
1858.333414534922
 21
-9.855577081907541E-05
 31
0
  0
LINE
  5
2F2
330
2C3
100
AcDbEntity
  8
A3 - Net thay - Continous line
100
AcDbLine
 10
1958.333414534922
 20
-9.855577081907541E-05
 30
0
 11
1958.333414534922
 21
166.6665681109007
 31
0
  0
LINE
  5
2F3
330
2C3
100
AcDbEntity
  8
A3 - Net thay - Continous line
100
AcDbLine
 10
1958.333414534922
 20
283.3332347775577
 30
0
 11
1958.333414534922
 21
383.3332347775577
 31
0
  0
LINE
  5
2F4
330
2C3
100
AcDbEntity
  8
A3 - Net thay - Continous line
100
AcDbLine
 10
3058.333414534907
 20
374.9999014442292
 30
0
 11
3058.333414534907
 21
124.9999014442292
 31
0
  0
LINE
  5
2F5
330
2C3
100
AcDbEntity
  8
A3 - Net thay - Continous line
100
AcDbLine
 10
2958.333414534907
 20
341.6665681109007
 30
0
 11
2958.333414534907
 21
158.3332347775577
 31
0
  0
LINE
  5
2F6
330
2C3
100
AcDbEntity
  8
A3 - Net thay - Continous line
100
AcDbLine
 10
2500.000081201579
 20
374.9999014442292
 30
0
 11
2500.000081201579
 21
124.9999014442292
 31
0
  0
LINE
  5
2F7
330
2C3
100
AcDbEntity
  8
A3 - Net thay - Continous line
100
AcDbLine
 10
2600.000081201579
 20
341.6665681109007
 30
0
 11
2600.000081201579
 21
158.3332347775577
 31
0
  0
LINE
  5
2F8
330
2C3
100
AcDbEntity
  8
A3 - Net thay - Continous line
100
AcDbLine
 10
4341.666747868279
 20
291.6665681109007
 30
0
 11
4341.666747868279
 21
374.9999014442292
 31
0
  0
HATCH
  5
2F9
330
2C3
100
AcDbEntity
  8
A3 - Net thay - Continous line
100
AcDbHatch
 10
0
 20
0
 30
0
210
0
220
0
230
1
  2
ANSI31
 70
     0
 71
     0
 91
        8
 92
        7
 72
     1
 73
     1
 93
       16
 10
1775.000081201579
 20
499.999901444201
 42
0
 10
1341.666747868265
 20
499.999901444201
 42
0.4142135623730951
 10
1216.666747868265
 20
374.999901444201
 42
0
 10
1216.666747868265
 20
124.999901444201
 42
0.4142135623730868
 10
1341.666747868265
 20
-9.855579810391646E-05
 42
0
 10
1775.000081201579
 20
-9.855579810391646E-05
 42
0
 10
1775.000081201579
 20
299.999901444201
 42
0
 10
1533.333414534922
 20
299.999901444201
 42
0
 10
1533.333414534922
 20
199.999901444201
 42
0
 10
1675.000081201579
 20
199.999901444201
 42
0
 10
1675.000081201579
 20
116.6665681108725
 42
0
 10
1358.333414534922
 20
116.6665681108725
 42
-0.4142135623730951
 10
1316.666747868265
 20
158.333234777544
 42
0
 10
1316.666747868294
 20
341.6665681108434
 42
-0.4142135623730949
 10
1358.33341453498
 20
383.3332347775158
 42
0
 10
1775.000081201579
 20
383.3332347775449
 42
0
 97
        0
 92
        7
 72
     1
 73
     1
 93
       12
 10
2291.666747868265
 20
499.999901444201
 42
0
 10
1858.333414534922
 20
499.999901444201
 42
0
 10
1858.333414534922
 20
-9.855579810391646E-05
 42
0
 10
1958.333414534922
 20
-9.855579810391646E-05
 42
0
 10
1958.333414534922
 20
166.6665681108725
 42
0
 10
2108.333414534922
 20
166.6665681108725
 42
0
 10
2266.666747868265
 20
-9.855579810391646E-05
 42
0
 10
2416.666747868265
 20
-9.855579810391646E-05
 42
0
 10
2258.333414534922
 20
166.6665681108725
 42
0
 10
2291.666747868265
 20
166.6665681108725
 42
0.4142135623730951
 10
2416.666747868265
 20
291.6665681108725
 42
0
 10
2416.666747868265
 20
374.999901444201
 42
0.4142135623730951
 97
        0
 92
       22
 72
     1
 73
     1
 93
        6
 10
2275.000081201579
 20
383.3332347775158
 42
-0.4142135623730949
 10
2316.666747868265
 20
341.666568110858
 42
0
 10
2316.666747868265
 20
324.999901444201
 42
-0.4142135623730951
 10
2275.000081201608
 20
283.333234777544
 42
0
 10
1958.333414534922
 20
283.333234777544
 42
0
 10
1958.333414534922
 20
383.3332347775449
 42
0
 97
        0
 92
        7
 72
     1
 73
     1
 93
        8
 10
2933.333414534907
 20
499.999901444201
 42
0
 10
2625.00008120155
 20
499.999901444201
 42
0.4142135623730952
 10
2500.00008120155
 20
374.999901444201
 42
0
 10
2500.00008120155
 20
124.9999014441719
 42
0.4142135623730667
 10
2625.00008120155
 20
-9.855579810391646E-05
 42
0
 10
2933.333414534965
 20
-9.855582720774692E-05
 42
0.4142135623730837
 10
3058.333414534965
 20
124.9999014441719
 42
0
 10
3058.333414534907
 20
374.9999014442155
 42
0.4142135623730661
 97
        0
 92
       22
 72
     1
 73
     1
 93
        8
 10
2916.666747868279
 20
383.3332347775158
 42
-0.4142135623730949
 10
2958.333414534907
 20
341.666568110858
 42
0
 10
2958.333414534965
 20
158.333234777544
 42
-0.4142135623730952
 10
2916.666747868279
 20
116.6665681108871
 42
0
 10
2641.666747868265
 20
116.6665681108871
 42
-0.4142135623731084
 10
2600.000081201608
 20
158.3332347775586
 42
0
 10
2600.000081201637
 20
341.6665681108434
 42
-0.4142135623731336
 10
2641.666747868294
 20
383.3332347775158
 42
0
 97
        0
 92
        7
 72
     1
 73
     1
 93
       12
 10
3700.000081201651
 20
124.999901444201
 42
0
 10
3700.000081201651
 20
499.999901444201
 42
0
 10
3600.000081201651
 20
499.999901444201
 42
0
 10
3600.000081201593
 20
158.3332347775586
 42
-0.414213562373095
 10
3558.333414534965
 20
116.6665681108871
 42
0
 10
3283.333414534965
 20
116.6665681108871
 42
-0.4142135623731203
 10
3241.666747868279
 20
158.3332347775586
 42
0
 10
3241.666747868279
 20
499.999901444201
 42
0
 10
3141.666747868279
 20
499.999901444201
 42
0
 10
3141.666747868279
 20
124.999901444201
 42
0.4142135623730951
 10
3266.666747868279
 20
-9.855579810391646E-05
 42
0
 10
3575.000081201651
 20
-9.855579810391646E-05
 42
0.4142135623730946
 97
        0
 92
        7
 72
     1
 73
     1
 93
        8
 10
4341.666747868279
 20
291.6665681108871
 42
0
 10
4341.666747868279
 20
374.999901444201
 42
0.4142135623730948
 10
4216.666747868279
 20
499.999901444201
 42
0
 10
3783.333414534965
 20
499.999901444201
 42
0
 10
3783.333414534965
 20
-9.855579810391646E-05
 42
0
 10
3883.333414534965
 20
-9.855579810391646E-05
 42
0
 10
3883.333414534965
 20
166.6665681108725
 42
0
 10
4216.666747868279
 20
166.6665681108871
 42
0.4142135623730948
 97
        0
 92
       22
 72
     1
 73
     1
 93
        6
 10
3883.333414534965
 20
283.333234777544
 42
0
 10
3883.333414534965
 20
383.3332347775449
 42
0
 10
4200.000081201593
 20
383.3332347775158
 42
-0.4142135623730948
 10
4241.666747868279
 20
341.666568110858
 42
0
 10
4241.666747868279
 20
324.9999014442737
 42
-0.4142135623735211
 10
4200.000081201593
 20
283.333234777544
 42
0
 97
        0
 75
     1
 76
     1
 52
0
 41
8.333333333333334
 77
     0
 78
     1
 53
44.99999999999996
 43
-186576.1926146289
 44
-64658.96378761699
 45
-0.7365695637359868
 46
0.7365695637359866
 79
     0
 47
4.716526109369823
 98
        8
 10
1631.071658154309
 20
430.7944607130353
 10
2209.323589883541
 20
438.6553929120869
 10
2209.323589883541
 20
438.6553929120869
 10
2822.978317208166
 20
422.9335285139541
 10
2822.978317208166
 20
422.9335285139541
 10
3416.964720252014
 20
61.33328443665323
 10
3889.00732464435
 20
242.1333050491676
 10
3889.00732464435
 20
242.1333050491676
1001
GradientColor1ACI
1070
     5
1001
GradientColor2ACI
1070
     2
1001
ACAD
1010
0
1020
0
1030
0
  0
LINE
  5
2FA
330
2C3
100
AcDbEntity
  8
A3 - Net thay - Continous line
100
AcDbLine
 10
4241.666747868279
 20
324.9999014442292
 30
0
 11
4241.666747868279
 21
341.6665681109007
 31
0
  0
LINE
  5
2FB
330
2C3
100
AcDbEntity
  8
A3 - Net thay - Continous line
100
AcDbLine
 10
3783.333414534965
 20
499.9999014442287
 30
0
 11
3783.333414534965
 21
-9.855577081907541E-05
 31
0
  0
LINE
  5
2FC
330
2C3
100
AcDbEntity
  8
A3 - Net thay - Continous line
100
AcDbLine
 10
3883.333414534965
 20
-9.855577081907541E-05
 30
0
 11
3883.333414534965
 21
166.6665681109007
 31
0
  0
LINE
  5
2FD
330
2C3
100
AcDbEntity
  8
A3 - Net thay - Continous line
100
AcDbLine
 10
3883.333414534965
 20
283.3332347775577
 30
0
 11
3883.333414534965
 21
383.3332347775577
 31
0
  0
LINE
  5
2FE
330
2C3
100
AcDbEntity
  8
A3 - Net thay - Continous line
100
AcDbLine
 10
3700.000081201651
 20
124.9999014442292
 30
0
 11
3700.000081201651
 21
499.9999014442287
 31
0
  0
LINE
  5
2FF
330
2C3
100
AcDbEntity
  8
A3 - Net thay - Continous line
100
AcDbLine
 10
3600.000081201651
 20
158.3332347775577
 30
0
 11
3600.000081201651
 21
499.9999014442287
 31
0
  0
LINE
  5
300
330
2C3
100
AcDbEntity
  8
A3 - Net thay - Continous line
100
AcDbLine
 10
3141.666747868279
 20
124.9999014442292
 30
0
 11
3141.666747868279
 21
499.9999014442287
 31
0
  0
LINE
  5
301
330
2C3
100
AcDbEntity
  8
A3 - Net thay - Continous line
100
AcDbLine
 10
3241.666747868279
 20
158.3332347775577
 30
0
 11
3241.666747868279
 21
499.9999014442287
 31
0
  0
ARC
  5
302
330
2C3
100
AcDbEntity
  8
A3 - Net thay - Continous line
100
AcDbCircle
 10
1358.33341453498
 20
341.6665681108716
 30
0
 40
41.66666666666666
100
AcDbArc
 50
90
 51
180
  0
ARC
  5
303
330
2C3
100
AcDbEntity
  8
A3 - Net thay - Continous line
100
AcDbCircle
 10
2275.000081201608
 20
324.9999014442292
 30
0
 40
41.66666666666666
100
AcDbArc
 50
270
 51
0
  0
ARC
  5
304
330
2C3
100
AcDbEntity
  8
A3 - Net thay - Continous line
100
AcDbCircle
 10
2275.000081201579
 20
341.6665681108861
 30
0
 40
41.66666666666666
100
AcDbArc
 50
0
 51
90
  0
LINE
  5
305
330
2C3
100
AcDbEntity
  8
A3 - Net thay - Continous line
100
AcDbLine
 10
2258.333414534922
 20
166.6665681109007
 30
0
 11
2416.666747868265
 21
-9.855577081907541E-05
 31
0
  0
LINE
  5
306
330
2C3
100
AcDbEntity
  8
A3 - Net thay - Continous line
100
AcDbLine
 10
2108.333414534922
 20
166.6665681109007
 30
0
 11
2266.666747868265
 21
-9.855577081907541E-05
 31
0
  0
ARC
  5
307
330
2C3
100
AcDbEntity
  8
A3 - Net thay - Continous line
100
AcDbCircle
 10
2625.00008120155
 20
374.9999014442292
 30
0
 40
125
100
AcDbArc
 50
90
 51
180
  0
ARC
  5
308
330
2C3
100
AcDbEntity
  8
A3 - Net thay - Continous line
100
AcDbCircle
 10
2933.333414534907
 20
374.9999014442292
 30
0
 40
125
100
AcDbArc
 50
0
 51
90
  0
ARC
  5
309
330
2C3
100
AcDbEntity
  8
A3 - Net thay - Continous line
100
AcDbCircle
 10
2625.00008120155
 20
124.9999014442146
 30
0
 40
125
100
AcDbArc
 50
180
 51
270
  0
ARC
  5
30A
330
2C3
100
AcDbEntity
  8
A3 - Net thay - Continous line
100
AcDbCircle
 10
2933.333414534965
 20
124.9999014442001
 30
0
 40
125
100
AcDbArc
 50
270
 51
0
  0
ARC
  5
30B
330
2C3
100
AcDbEntity
  8
A3 - Net thay - Continous line
100
AcDbCircle
 10
2641.666747868294
 20
341.6665681108716
 30
0
 40
41.66666666666666
100
AcDbArc
 50
90
 51
180
  0
ARC
  5
30C
330
2C3
100
AcDbEntity
  8
A3 - Net thay - Continous line
100
AcDbCircle
 10
2916.666747868279
 20
341.6665681108861
 30
0
 40
41.66666666666666
100
AcDbArc
 50
0
 51
90
  0
ARC
  5
30D
330
2C3
100
AcDbEntity
  8
A3 - Net thay - Continous line
100
AcDbCircle
 10
2641.666747868265
 20
158.3332347775868
 30
0
 40
41.66666666666666
100
AcDbArc
 50
180
 51
270
  0
ARC
  5
30E
330
2C3
100
AcDbEntity
  8
A3 - Net thay - Continous line
100
AcDbCircle
 10
2916.666747868279
 20
158.3332347775722
 30
0
 40
41.66666666666666
100
AcDbArc
 50
270
 51
0
  0
LINE
  5
30F
330
2C3
100
AcDbEntity
  8
A3 - Net thay - Continous line
100
AcDbLine
 10
3266.666747868279
 20
-9.855577081907541E-05
 30
0
 11
3575.000081201651
 21
-9.855577081907541E-05
 31
0
  0
LINE
  5
310
330
2C3
100
AcDbEntity
  8
A3 - Net thay - Continous line
100
AcDbLine
 10
3283.333414534965
 20
116.6665681108998
 30
0
 11
3558.333414534965
 21
116.6665681108998
 31
0
  0
LINE
  5
311
330
2C3
100
AcDbEntity
  8
A3 - Net thay - Continous line
100
AcDbLine
 10
3141.666747868279
 20
499.9999014442287
 30
0
 11
3241.666747868279
 21
499.9999014442287
 31
0
  0
LINE
  5
312
330
2C3
100
AcDbEntity
  8
A3 - Net thay - Continous line
100
AcDbLine
 10
3600.000081201651
 20
499.9999014442287
 30
0
 11
3700.000081201651
 21
499.9999014442287
 31
0
  0
LINE
  5
313
330
2C3
100
AcDbEntity
  8
A3 - Net thay - Continous line
100
AcDbLine
 10
3783.333414534965
 20
-9.855577081907541E-05
 30
0
 11
3883.333414534965
 21
-9.855577081907541E-05
 31
0
  0
LINE
  5
314
330
2C3
100
AcDbEntity
  8
A3 - Net thay - Continous line
100
AcDbLine
 10
3883.333414534965
 20
166.6665681109007
 30
0
 11
4216.666747868279
 21
166.6665681109007
 31
0
  0
LINE
  5
315
330
2C3
100
AcDbEntity
  8
A3 - Net thay - Continous line
100
AcDbLine
 10
3883.333414534965
 20
283.3332347775577
 30
0
 11
4200.000081201593
 21
283.3332347775577
 31
0
  0
LINE
  5
316
330
2C3
100
AcDbEntity
  8
A3 - Net thay - Continous line
100
AcDbLine
 10
3783.333414534965
 20
499.9999014442287
 30
0
 11
4216.666747868279
 21
499.9999014442287
 31
0
  0
LINE
  5
317
330
2C3
100
AcDbEntity
  8
A3 - Net thay - Continous line
100
AcDbLine
 10
3883.333414534965
 20
383.3332347775577
 30
0
 11
4200.000081201593
 21
383.3332347775577
 31
0
  0
ARC
  5
318
330
2C3
100
AcDbEntity
  8
A3 - Net thay - Continous line
100
AcDbCircle
 10
3266.666747868279
 20
124.9999014442292
 30
0
 40
125
100
AcDbArc
 50
180
 51
270
  0
ARC
  5
319
330
2C3
100
AcDbEntity
  8
A3 - Net thay - Continous line
100
AcDbCircle
 10
3575.000081201651
 20
124.9999014442292
 30
0
 40
125
100
AcDbArc
 50
270
 51
0
  0
ARC
  5
31A
330
2C3
100
AcDbEntity
  8
A3 - Net thay - Continous line
100
AcDbCircle
 10
3283.333414534965
 20
158.3332347775868
 30
0
 40
41.66666666666666
100
AcDbArc
 50
180
 51
270
  0
ARC
  5
31B
330
2C3
100
AcDbEntity
  8
A3 - Net thay - Continous line
100
AcDbCircle
 10
3558.333414534965
 20
158.3332347775868
 30
0
 40
41.66666666666666
100
AcDbArc
 50
270
 51
0
  0
ARC
  5
31C
330
2C3
100
AcDbEntity
  8
A3 - Net thay - Continous line
100
AcDbCircle
 10
4216.666747868279
 20
291.6665681109153
 30
0
 40
125
100
AcDbArc
 50
270
 51
0
  0
ARC
  5
31D
330
2C3
100
AcDbEntity
  8
A3 - Net thay - Continous line
100
AcDbCircle
 10
4216.666747868279
 20
374.9999014442292
 30
0
 40
125
100
AcDbArc
 50
0
 51
90
  0
ARC
  5
31E
330
2C3
100
AcDbEntity
  8
A3 - Net thay - Continous line
100
AcDbCircle
 10
4200.000081201593
 20
324.9999014442437
 30
0
 40
41.66666666666666
100
AcDbArc
 50
270
 51
0
  0
ARC
  5
31F
330
2C3
100
AcDbEntity
  8
A3 - Net thay - Continous line
100
AcDbCircle
 10
4200.000081201593
 20
341.6665681108861
 30
0
 40
41.66666666666666
100
AcDbArc
 50
0
 51
90
  0
LINE
  5
320
330
2C3
100
AcDbEntity
  8
A3 - Net thay - Continous line
100
AcDbLine
 10
875.0000812016951
 20
383.3332347775431
 30
0
 11
875.0000812016951
 21
-9.855578537099063E-05
 31
0
  0
LINE
  5
321
330
2C3
100
AcDbEntity
  8
A3 - Net thay - Continous line
100
AcDbLine
 10
775.0000812016951
 20
383.3332347775431
 30
0
 11
775.0000812016951
 21
-9.855578537099063E-05
 31
0
  0
LINE
  5
322
330
2C3
100
AcDbEntity
  8
A3 - Net thay - Continous line
100
AcDbLine
 10
566.6667478683521
 20
499.9999014442142
 30
0
 11
566.6667478683521
 21
383.3332347775431
 31
0
  0
LINE
  5
323
330
2C3
100
AcDbEntity
  8
A3 - Net thay - Continous line
100
AcDbLine
 10
483.3334145350091
 20
374.9999014442146
 30
0
 11
483.3334145350091
 21
333.3332347775431
 31
0
  0
LINE
  5
324
330
2C3
100
AcDbEntity
  8
A3 - Net thay - Continous line
100
AcDbLine
 10
8.333414535009069
 20
374.9999014442146
 30
0
 11
8.333414535009069
 21
341.6665681108861
 31
0
  0
LINE
  5
325
330
2C3
100
AcDbEntity
  8
A3 - Net thay - Continous line
100
AcDbLine
 10
8.120169513858855E-05
 20
166.6665681108861
 30
0
 11
8.120169513858855E-05
 21
124.9999014442146
 31
0
  0
LINE
  5
326
330
2C3
100
AcDbEntity
  8
A3 - Net thay - Continous line
100
AcDbLine
 10
108.3334145350091
 20
349.9999014442146
 30
0
 11
108.3334145350091
 21
341.6665681108861
 31
0
  0
LINE
  5
327
330
2C3
100
AcDbEntity
  8
A3 - Net thay - Continous line
100
AcDbLine
 10
100.0000812016951
 20
166.6665681108861
 30
0
 11
100.0000812016951
 21
158.3332347775431
 31
0
  0
LINE
  5
328
330
2C3
100
AcDbEntity
  8
A3 - Net thay - Continous line
100
AcDbLine
 10
383.3334145350091
 20
349.9999014442146
 30
0
 11
383.3334145350091
 21
333.3332347775431
 31
0
  0
LINE
  5
329
330
2C3
100
AcDbEntity
  8
A3 - Net thay - Continous line
100
AcDbLine
 10
383.3334145350091
 20
166.6665681108861
 30
0
 11
383.3334145350091
 21
149.9999014442137
 31
0
  0
ARC
  5
32A
330
2C3
100
AcDbEntity
  8
A3 - Net thay - Continous line
100
AcDbCircle
 10
350.0000812016951
 20
149.9999014442137
 30
0
 40
33.33333333333334
100
AcDbArc
 50
270
 51
0
  0
LINE
  5
32B
330
2C3
100
AcDbEntity
  8
A3 - Net thay - Continous line
100
AcDbLine
 10
1083.333414535009
 20
499.9999014442142
 30
0
 11
1083.333414535009
 21
383.3332347775431
 31
0
  0
LINE
  5
32C
330
2C3
100
AcDbEntity
  8
A3 - Net thay - Continous line
100
AcDbLine
 10
125.0000812016951
 20
-9.855578537099063E-05
 30
0
 11
375.0000812016951
 21
-9.855579992290586E-05
 31
0
  0
ARC
  5
32D
330
2C3
100
AcDbEntity
  8
A3 - Net thay - Continous line
100
AcDbCircle
 10
125.0000812016951
 20
124.9999014442146
 30
0
 40
125
100
AcDbArc
 50
180
 51
270
  0
ARC
  5
32E
330
2C3
100
AcDbEntity
  8
A3 - Net thay - Continous line
100
AcDbCircle
 10
358.3334145350673
 20
374.9999014442292
 30
0
 40
125
100
AcDbArc
 50
0
 51
90
  0
ARC
  5
32F
330
2C3
100
AcDbEntity
  8
A3 - Net thay - Continous line
100
AcDbCircle
 10
133.3334145350382
 20
374.9999014441855
 30
0
 40
125
100
AcDbArc
 50
90
 51
180
  0
ARC
  5
330
330
2C3
100
AcDbEntity
  8
A3 - Net thay - Continous line
100
AcDbCircle
 10
141.6667478683812
 20
158.3332347775431
 30
0
 40
41.66666666666666
100
AcDbArc
 50
180
 51
270
  0
ARC
  5
331
330
2C3
100
AcDbEntity
  8
A3 - Net thay - Continous line
100
AcDbCircle
 10
350.0000812016951
 20
166.6665681108716
 30
0
 40
33.33333333333334
100
AcDbArc
 50
0
 51
90
  0
ARC
  5
332
330
2C3
100
AcDbEntity
  8
A3 - Net thay - Continous line
100
AcDbCircle
 10
350.0000812016951
 20
333.3332347775722
 30
0
 40
33.33333333333334
100
AcDbArc
 50
270
 51
0
  0
ARC
  5
333
330
2C3
100
AcDbEntity
  8
A3 - Net thay - Continous line
100
AcDbCircle
 10
331.9592785515997
 20
362.4237175878952
 30
0
 40
154.1440405428114
100
AcDbArc
 50
313.1686893715468
 51
349.1217469401472
  0
ARC
  5
334
330
2C3
100
AcDbEntity
  8
A3 - Net thay - Continous line
100
AcDbCircle
 10
350.0000812016951
 20
349.9999014441855
 30
0
 40
33.33333333333334
100
AcDbArc
 50
0
 51
90
  0
ARC
  5
335
330
2C3
100
AcDbEntity
  8
A3 - Net thay - Continous line
100
AcDbCircle
 10
141.666747868323
 20
349.9999014441855
 30
0
 40
33.33333333333334
100
AcDbArc
 50
90
 51
180
  0
LINE
  5
336
330
2C3
100
AcDbEntity
  8
A3 - Net thay - Continous line
100
AcDbLine
 10
150.0000812016951
 20
299.9999014442146
 30
0
 11
150.0000812016951
 21
199.9999014442146
 31
0
  0
LINE
  5
337
330
2C3
100
AcDbEntity
  8
A3 - Net thay - Continous line
100
AcDbLine
 10
925.0000812016951
 20
49.99990144421463
 30
0
 11
875.0000812016951
 21
49.99990144421463
 31
0
  0
LINE
  5
338
330
2C3
100
AcDbEntity
  8
A3 - Net thay - Continous line
100
AcDbLine
 10
1133.333414535009
 20
549.9999014442146
 30
0
 11
616.6667478683521
 21
549.9999014442146
 31
0
  0
LINE
  5
339
330
2C3
100
AcDbEntity
  8
A3 - Net thay - Continous line
100
AcDbLine
 10
1133.333414535009
 20
433.3332347775427
 30
0
 11
1083.333414535009
 21
433.3332347775572
 31
0
  0
LINE
  5
33A
330
2C3
100
AcDbEntity
  8
A3 - Net thay - Continous line
100
AcDbLine
 10
925.0000812016951
 20
383.3332347775577
 30
0
 11
925.0000812016951
 21
49.99990144421463
 31
0
  0
LINE
  5
33B
330
2C3
100
AcDbEntity
  8
A3 - Net thay - Continous line
100
AcDbLine
 10
616.6667478683521
 20
549.9999014442146
 30
0
 11
616.6667478683521
 21
499.9999014442142
 31
0
  0
LINE
  5
33C
330
2C3
100
AcDbEntity
  8
A3 - Net thay - Continous line
100
AcDbLine
 10
1133.333414535009
 20
549.9999014442146
 30
0
 11
1133.333414535009
 21
433.3332347775427
 31
0
  0
LINE
  5
33D
330
2C3
100
AcDbEntity
  8
A3 - Net thay - Continous line
100
AcDbLine
 10
483.3334145350091
 20
124.9999014442146
 30
0
 11
483.3334145350091
 21
166.6665681108861
 31
0
  0
ARC
  5
33E
330
2C3
100
AcDbEntity
  8
A3 - Net thay - Continous line
100
AcDbCircle
 10
358.3334145350673
 20
124.9999014442001
 30
0
 40
125
100
AcDbArc
 50
270
 51
0
  0
ARC
  5
33F
330
2C3
100
AcDbEntity
  8
A3 - Net thay - Continous line
100
AcDbCircle
 10
331.9592785515997
 20
137.5760853005477
 30
0
 40
154.1440405428114
100
AcDbArc
 50
10.87825306072065
 51
46.83131062845321
  0
MTEXT
  5
340
330
2C3
100
AcDbEntity
  8
A3 - Net thay - Continous line
 48
20
100
AcDbMText
 10
2170.833414534987
 20
-257.7384913601195
 30
0
210
0
220
0
230
0.9999999999999999
 11
1
 21
0
 31
0
 40
199.9999996198893
 41
4808.205287992081
 46
0
 71
     5
 72
     5
  1
{\f.VnArial|b0|i0|c163|p34;Architecture - Interior - \f.VnArial|b0|i0|c0|p34;Construction}
  7
3T_Arial
 73
     1
 44
1
1001
ACAD
1000
ACAD_MTEXT_COLUMN_INFO_BEGIN
1070
    75
1070
     2
1070
    79
1070
     0
1070
    76
1070
     1
1070
    78
1070
     0
1070
    48
1040
4808.205287992081
1070
    49
1040
1
1070
    50
1070
     1
1040
0
1000
ACAD_MTEXT_COLUMN_INFO_END
  0
POINT
  5
341
330
2C3
100
AcDbEntity
  8
DEFPOINTS
100
AcDbPoint
 10
2170.833414534987
 20
-259.7029108734032
 30
0
 50
0
  0
ENDBLK
  5
342
330
2C3
100
AcDbEntity
  8
0
100
AcDbBlockEnd
  0
BLOCK
  5
346
330
343
100
AcDbEntity
  8
0
100
AcDbBlockBegin
  2
A$C1BAB2EA3
 70
     0
 10
0
 20
0
 30
0
  3
A$C1BAB2EA3
  1

  0
SPLINE
  5
347
330
343
100
AcDbEntity
  8
0
100
AcDbSpline
210
0
220
0
230
1
 70
     8
 71
     3
 72
   393
 73
   389
 74
     0
 42
1E-09
 43
1E-10
 40
0
 40
0
 40
0
 40
0
 40
0.4641758943887179
 40
1.186711473757305
 40
1.780290628069066
 40
2.625784399407006
 40
3.113550120321391
 40
3.546442915223763
 40
4.161289064491994
 40
4.556087282653267
 40
4.702571867937922
 40
4.950156497534056
 40
5.268009831183234
 40
5.497953724689721
 40
5.685348680680444
 40
5.942258580003077
 40
6.095037221762079
 40
6.265443214232305
 40
6.456567234920086
 40
6.702440131121688
 40
7.113873056408588
 40
7.434130123147344
 40
7.693135675655942
 40
8.25331952859896
 40
8.561161033666673
 40
9.086892309705419
 40
9.401520336389856
 40
9.669313172000829
 40
10.03366154617934
 40
10.20530384538396
 40
10.3645666077168
 40
10.5021295966171
 40
10.59925330440637
 40
10.72971265897593
 40
10.97491764403002
 40
11.32043352991083
 40
11.77715784803
 40
12.01602307515313
 40
12.18966219117587
 40
12.54484283970082
 40
12.78390126616232
 40
13.00530962989555
 40
13.2461895054785
 40
13.40995725955579
 40
13.5065488535745
 40
13.61539339428394
 40
13.7138637850157
 40
14.04841518419927
 40
14.24749107643904
 40
14.56862942303722
 40
14.81504418855138
 40
15.44517574112718
 40
15.72730199100531
 40
16.00375272379086
 40
16.12486781778225
 40
16.20565528729683
 40
16.29218386194201
 40
16.33667784479262
 40
16.62837534687459
 40
16.81725834207411
 40
17.37005066554354
 40
17.7852535830966
 40
17.87499411924585
 40
18.02367154054293
 40
18.14898499073271
 40
18.3430775764035
 40
18.47475320785731
 40
18.58791228982496
 40
18.69380950165408
 40
18.76869275889719
 40
18.91585400794991
 40
19.03808965288311
 40
19.20317058772082
 40
19.38084992098791
 40
19.66826917388773
 40
19.92564689523834
 40
20.0978182657242
 40
20.37776883013138
 40
20.59415045269668
 40
20.7973531808172
 40
20.95732298269708
 40
21.15593921154058
 40
21.2454512598218
 40
21.32351361844614
 40
21.38250030470188
 40
21.45288104482013
 40
21.54796671042246
 40
21.62498240144518
 40
21.72609796540041
 40
21.84137137387176
 40
21.92149685208157
 40
22.02868143479735
 40
22.14813141764417
 40
22.31349145407137
 40
22.72566693132427
 40
22.86647331019635
 40
23.00843779299014
 40
23.39892342836526
 40
23.55290432288203
 40
23.72820648956444
 40
23.89210363650103
 40
23.99699689012027
 40
24.14958592423153
 40
24.23051102758565
 40
24.3497131320739
 40
24.48150435201494
 40
24.60149011289415
 40
24.6690703088842
 40
25.00805111413863
 40
25.17463898297423
 40
25.36370587292199
 40
25.64397777128222
 40
26.01770735413792
 40
26.25721497131265
 40
26.49672258848737
 40
26.75185902463872
 40
26.93743625359877
 40
27.13954519959145
 40
27.19699266724922
 40
27.30373545650925
 40
27.43309905692047
 40
27.52884049426095
 40
28.00471696852278
 40
28.15094926645894
 40
28.48531246454113
 40
28.6054796927379
 40
29.00088964295231
 40
29.22043111782552
 40
29.44068653362793
 40
29.50924079237417
 40
29.59567608098842
 40
29.68896180086545
 40
30.47850261511476
 40
30.98845754765764
 40
31.36163761705157
 40
31.86237508218936
 40
31.99174806134981
 40
32.18340753626828
 40
32.28614958522268
 40
32.34359705287999
 40
32.39966463920845
 40
32.51560426438493
 40
32.64496786479592
 40
32.92565154119879
 40
33.32775034628316
 40
33.48668522597619
 40
33.9787118059167
 40
34.14435707927728
 40
34.42579518314562
 40
34.59378928859921
 40
34.69718150086907
 40
34.91995831715128
 40
35.07020279449421
 40
35.14199361267293
 40
35.21696099275468
 40
35.304260038378
 40
35.37196972200756
 40
36.07356682698818
 40
36.6224806976393
 40
36.82812454149341
 40
37.33973687073362
 40
37.51349316664965
 40
37.76836040837512
 40
38.07474681617272
 40
38.17747377487966
 40
38.33023388752765
 40
38.42384168269388
 40
38.49004628820907
 40
38.5447269695328
 40
38.59580195169854
 40
38.7636811173583
 40
38.8270125924021
 40
38.92979372455664
 40
39.28498147262021
 40
39.50133033003431
 40
39.92524912583279
 40
40.14064109648165
 40
40.29850891587193
 40
40.44202422754415
 40
40.60135371373396
 40
40.787923758415
 40
40.84016775587509
 40
40.91088262705355
 40
40.93358848183268
 40
41.03016761076458
 40
41.16730438121037
 40
41.52848701466636
 40
41.81734743330522
 40
41.95350799764307
 40
42.23070886169994
 40
42.41907643780003
 40
42.64062678915261
 40
42.82061391660686
 40
42.9571432903482
 40
43.10083809013391
 40
43.72343232421622
 40
43.94183889177852
 40
44.08006651371749
 40
44.20633733200872
 40
44.39320933316735
 40
44.59983494267708
 40
44.94726193600771
 40
45.2021444294866
 40
45.54053530624568
 40
45.72087068820878
 40
46.16465320087815
 40
46.39309616861635
 40
46.44287322940199
 40
46.7079075354442
 40
46.91564494532754
 40
47.21799614858791
 40
47.47622863581223
 40
47.83891434242211
 40
48.04613397345047
 40
48.59136749714823
 40
49.12697823833337
 40
49.80211033369295
 40
50.00928233917892
 40
50.32898387327516
 40
50.52374802118798
 40
50.69372574596173
 40
50.79708868099257
 40
50.95479387053634
 40
51.01563977693227
 40
51.13502277387055
 40
51.44312615741254
 40
51.58985350064886
 40
51.78214411996066
 40
51.8817830008162
 40
52.20142492145261
 40
52.440142924301
 40
52.72300010442139
 40
52.95719092172067
 40
53.10132997005403
 40
53.48602193579155
 40
53.59862464775766
 40
53.72682341245705
 40
53.92504071438105
 40
54.05885061879208
 40
54.23025191545335
 40
54.60061076136255
 40
54.84353182655315
 40
55.30109694193647
 40
55.76453595322312
 40
56.04718922564675
 40
56.33425930715767
 40
56.46808405356837
 40
56.76739187554555
 40
56.97407478717463
 40
57.20080680102235
 40
57.27516058813114
 40
57.32057478082194
 40
57.36459251540943
 40
57.54465328944609
 40
57.80126248001667
 40
58.10229630680346
 40
58.24345425016801
 40
58.62973540964579
 40
58.73213743424116
 40
59.13138960550255
 40
59.26285857807905
 40
59.43876386487285
 40
59.64792952296986
 40
59.68277891171964
 40
59.74214450306135
 40
59.95584821510966
 40
60.34728468265258
 40
60.68928373928865
 40
60.83892936023812
 40
61.04829812932823
 40
61.30748015563932
 40
61.81456773290734
 40
61.93669002120131
 40
62.06635489659052
 40
62.2284925480006
 40
62.34883432061379
 40
62.46227423797319
 40
62.48744981960937
 40
62.52964671293169
 40
62.61970872240256
 40
62.74132204762775
 40
62.86691524617902
 40
63.11339726459559
 40
63.25661236093401
 40
63.35794307647517
 40
63.56087952594031
 40
63.71861844144364
 40
64.4211968706728
 40
64.81880091988126
 40
65.20677321067659
 40
65.7881919661265
 40
66.10280608103872
 40
66.32868648365925
 40
66.61818327046024
 40
66.74524090974217
 40
66.90053342496788
 40
67.06288640302012
 40
67.31034611260654
 40
67.45152188739664
 40
67.55059691987294
 40
67.60054393605779
 40
67.71745543944209
 40
67.82242704628273
 40
67.94305850179488
 40
68.58278962878465
 40
68.93574765784867
 40
69.41450009695798
 40
69.57700523730198
 40
70.13715528170692
 40
70.45128542634235
 40
70.76116774694628
 40
71.17684395548943
 40
71.84918172300321
 40
72.17931088903089
 40
72.59565669378843
 40
72.67117846183395
 40
72.91374721869286
 40
73.1806859331916
 40
73.56999332751397
 40
73.86943973214379
 40
74.51211364741825
 40
74.83711211784045
 40
75.15973821628739
 40
75.37893830195635
 40
75.52738074726794
 40
75.68715764856124
 40
75.85721312172537
 40
75.98504137656211
 40
76.08532928669371
 40
76.22822389168525
 40
76.33774019588401
 40
77.00938032563799
 40
77.17306067820481
 40
77.33352409732358
 40
77.57395077649247
 40
77.90736019687886
 40
78.34701424973628
 40
78.69988139562531
 40
78.8882005887461
 40
79.31178499598643
 40
79.468003440567
 40
79.59310714949197
 40
79.73709524321858
 40
80.00671200043473
 40
80.26921994230332
 40
80.52802512935982
 40
80.71659730074732
 40
81.2812692165558
 40
81.55385453937379
 40
81.81150269516597
 40
82.04820144884114
 40
82.16968679446798
 40
82.26952068359952
 40
82.4192050066568
 40
82.91062760077385
 40
82.92859606085277
 40
83.13122439998524
 40
83.29851281181912
 40
83.41229498544121
 40
83.51208453414606
 40
83.64333919449506
 40
83.86491099422115
 40
84.08467358398165
 40
84.25460944846201
 40
84.50725962837056
 40
84.64299665019674
 40
84.75680423242656
 40
84.89588262280931
 40
85.05690118182694
 40
85.24522155772802
 40
85.46836160736682
 40
85.69809480775449
 40
86.01066133459356
 40
86.48683258358176
 40
87.1375138023258
 40
88.39139768362121
 40
88.98696997125501
 40
90.26677798964646
 40
91.2923042075811
 40
92.34868712303285
 40
92.95356992023001
 40
93.78822307206966
 40
94.3505069340513
 40
95.24310644425465
 40
95.69158566636983
 40
96.17727609209921
 40
97.2998724675243
 40
97.75548348029051
 40
97.75548348029051
 40
97.75548348029051
 40
97.75548348029051
 10
701.0405184271513
 20
1368.861922485798
 30
0
 10
700.1148430905305
 20
1337.866209905464
 30
0
 10
697.7482627577847
 20
1258.622612379535
 30
0
 10
703.5260540281691
 20
1139.491641705641
 30
0
 10
720.1905364039267
 20
1004.122824970309
 30
0
 10
737.7550554428017
 20
868.1296330730984
 30
0
 10
770.3551482131006
 20
754.6250270289456
 30
0
 10
786.4897529042792
 20
652.379332055847
 30
0
 10
828.7103054062463
 20
566.3280595847609
 30
0
 10
866.2824012570272
 20
495.0206060245655
 30
0
 10
907.3592367655656
 20
459.3209954143786
 30
0
 10
944.0441768722376
 20
432.9178796737542
 30
0
 10
993.7285621603442
 20
403.7320017769198
 30
0
 10
1037.106034131582
 20
380.9447292379846
 30
0
 10
1079.489701198851
 20
377.1434655844605
 30
0
 10
1119.273085224093
 20
376.6627234648186
 30
0
 10
1157.865786540904
 20
381.2421271743224
 30
0
 10
1191.653033949668
 20
387.7961772406561
 30
0
 10
1229.47193492332
 20
404.4075884827034
 30
0
 10
1276.378615759306
 20
444.0632296490112
 30
0
 10
1315.215219306076
 20
494.7586237354481
 30
0
 10
1355.957079021879
 20
542.6327328523257
 30
0
 10
1388.080190666129
 20
614.0393643902056
 30
0
 10
1429.880362891825
 20
677.0473956828791
 30
0
 10
1466.13557429763
 20
763.268154629608
 30
0
 10
1491.186226413818
 20
835.0540083556407
 30
0
 10
1513.353530327113
 20
906.4432081935505
 30
0
 10
1512.854042939862
 20
969.5781621828095
 30
0
 10
1511.740570591763
 20
1023.82691042409
 30
0
 10
1488.977622172795
 20
1067.294542694275
 30
0
 10
1458.833621711936
 20
1080.765236995925
 30
0
 10
1431.873925785301
 20
1081.598209650823
 30
0
 10
1408.712740423623
 20
1070.727561299558
 30
0
 10
1393.152216757997
 20
1041.713013786051
 30
0
 10
1379.74505940231
 20
995.8437302795792
 30
0
 10
1365.190978128347
 20
926.9238222381537
 30
0
 10
1363.400639726431
 20
857.2190798280499
 30
0
 10
1361.082232740708
 20
799.1928041196516
 30
0
 10
1361.157392716384
 20
747.8825200808787
 30
0
 10
1363.267665959545
 20
696.567932114689
 30
0
 10
1373.417743315338
 20
642.5894217772147
 30
0
 10
1394.702167333569
 20
600.1304565754108
 30
0
 10
1417.02559508686
 20
565.8316364075145
 30
0
 10
1438.484443077003
 20
537.3228501199483
 30
0
 10
1463.839404558646
 20
532.8036226305849
 30
0
 10
1484.011520256288
 20
534.405525233873
 30
0
 10
1519.653995703673
 20
544.2699470894731
 30
0
 10
1544.567391115241
 20
584.8237674523116
 30
0
 10
1560.81846911239
 20
638.4453696026903
 30
0
 10
1570.882919554868
 20
686.8383503223558
 30
0
 10
1582.116720691454
 20
767.1370066860185
 30
0
 10
1604.222328272997
 20
842.7799207399803
 30
0
 10
1608.810398838948
 20
921.9800727566908
 30
0
 10
1614.58403817506
 20
967.7790969444177
 30
0
 10
1617.141412539175
 20
998.3602306194225
 30
0
 10
1621.118734757882
 20
1019.884418932474
 30
0
 10
1640.153993763495
 20
1020.965533194525
 30
0
 10
1658.908119126689
 20
996.8814991167019
 30
0
 10
1618.8852638182
 20
964.8770572594221
 30
0
 10
1603.16988223535
 20
899.8380837053846
 30
0
 10
1604.541696986533
 20
820.3830128928385
 30
0
 10
1585.231865708018
 20
751.9297791019053
 30
0
 10
1583.192695344449
 20
708.2596702896844
 30
0
 10
1579.886308827088
 20
684.0551813377388
 30
0
 10
1581.406006819569
 20
652.9379838643799
 30
0
 10
1580.265675839153
 20
621.7986365544348
 30
0
 10
1595.667062329128
 20
595.8528485352726
 30
0
 10
1612.76642804977
 20
579.1162631998159
 30
0
 10
1631.315927336225
 20
572.2012251728884
 30
0
 10
1651.624258863274
 20
563.1105026698642
 30
0
 10
1675.141616586596
 20
566.7939407832309
 30
0
 10
1702.797838039511
 20
569.152965935766
 30
0
 10
1727.2929030401
 20
587.3849365435105
 30
0
 10
1752.338395379593
 20
625.3721653030079
 30
0
 10
1777.392492083134
 20
664.7008407904505
 30
0
 10
1798.234463578672
 20
708.0541285974177
 30
0
 10
1815.3564484081
 20
752.2525257643283
 30
0
 10
1831.704361994751
 20
793.8367948867235
 30
0
 10
1850.903520829277
 20
836.4911123560014
 30
0
 10
1860.105967677198
 20
874.5582881715236
 30
0
 10
1863.969640346273
 20
912.8348326265768
 30
0
 10
1866.350678098686
 20
942.2517635292897
 30
0
 10
1865.102254241472
 20
966.5409922378458
 30
0
 10
1855.852926183259
 20
981.5819438567123
 30
0
 10
1841.825622443852
 20
983.2383987675312
 30
0
 10
1825.923560738462
 20
983.6956658193703
 30
0
 10
1812.886364414051
 20
970.8754921325562
 30
0
 10
1802.639718616381
 20
957.4435496164224
 30
0
 10
1790.938350538709
 20
941.3512740773003
 30
0
 10
1783.456711762934
 20
921.9996671737026
 30
0
 10
1774.907886432018
 20
904.6310687353107
 30
0
 10
1770.658883707481
 20
884.2806767779839
 30
0
 10
1762.283594804001
 20
859.4468642549909
 30
0
 10
1758.10530542233
 20
812.7652612558304
 30
0
 10
1754.242899829522
 20
765.0056701581198
 30
0
 10
1755.645700770663
 20
718.4640479480586
 30
0
 10
1758.687789944619
 20
670.680648732352
 30
0
 10
1762.318911193404
 20
627.948670269383
 30
0
 10
1766.506834369618
 20
580.0232760255894
 30
0
 10
1770.864042370347
 20
547.3412971716461
 30
0
 10
1780.461763184401
 20
518.7608783712349
 30
0
 10
1797.704534151242
 20
495.9958045609383
 30
0
 10
1817.419159138924
 20
483.7349150885566
 30
0
 10
1839.924712710315
 20
476.3735823635798
 30
0
 10
1861.681648460333
 20
473.2050183249376
 30
0
 10
1886.928622501576
 20
468.419639593264
 30
0
 10
1906.692759004771
 20
474.6394956979057
 30
0
 10
1941.606757610687
 20
479.839457693146
 30
0
 10
1972.928286331706
 20
505.0813088516443
 30
0
 10
2010.621203746278
 20
529.5973325252636
 30
0
 10
2038.660271524276
 20
560.2322346678377
 30
0
 10
2068.305110227782
 20
611.7588129735523
 30
0
 10
2071.980217573699
 20
672.2988472462603
 30
0
 10
2082.375926785287
 20
728.2252177817136
 30
0
 10
2086.386216874933
 20
777.2688488085842
 30
0
 10
2104.574359161314
 20
820.4756656358804
 30
0
 10
2115.453643507906
 20
858.9553125193779
 30
0
 10
2130.384224297712
 20
894.1967428516218
 30
0
 10
2155.139265918522
 20
892.2820857007027
 30
0
 10
2179.395049355342
 20
888.2318717584567
 30
0
 10
2170.634389189188
 20
860.4847617552005
 30
0
 10
2162.296192826587
 20
817.0261873441486
 30
0
 10
2139.786013694946
 20
771.8854919925652
 30
0
 10
2108.814637379372
 20
716.1283745081018
 30
0
 10
2100.323454504367
 20
676.1898932547629
 30
0
 10
2073.765897423844
 20
625.510511755987
 30
0
 10
2069.323475543177
 20
576.5106661489554
 30
0
 10
2055.978191854781
 20
519.4823740242136
 30
0
 10
2052.993328823475
 20
492.5977086732601
 30
0
 10
2053.558976061875
 20
456.3277346483519
 30
0
 10
2071.334393219557
 20
478.3410316018708
 30
0
 10
2055.161783984047
 20
538.3750607998663
 30
0
 10
2087.722580714151
 20
635.0336412156903
 30
0
 10
2107.68181616161
 20
743.0638075116294
 30
0
 10
2142.651578888297
 20
830.0478022551251
 30
0
 10
2184.402556137764
 20
883.0942771935806
 30
0
 10
2194.320952716633
 20
940.79483840584
 30
0
 10
2225.187985258643
 20
951.5660806911037
 30
0
 10
2246.538791292231
 20
958.3525839485665
 30
0
 10
2262.008981910883
 20
960.2761753447558
 30
0
 10
2273.78016556974
 20
948.5284180252202
 30
0
 10
2280.14059670514
 20
929.0558689564787
 30
0
 10
2281.038083884749
 20
893.6004664111388
 30
0
 10
2271.554373782245
 20
840.3557366132591
 30
0
 10
2283.192304032971
 20
781.2044286387245
 30
0
 10
2248.355870036292
 20
718.5152406644047
 30
0
 10
2234.204632372828
 20
665.7091683253966
 30
0
 10
2205.637013488566
 20
609.5923160333623
 30
0
 10
2194.558375271852
 20
569.8218592910998
 30
0
 10
2180.495094923652
 20
535.6353022943804
 30
0
 10
2171.904399555176
 20
503.6267532381898
 30
0
 10
2155.291496451362
 20
476.0111779565195
 30
0
 10
2143.813580030808
 20
448.7791193113517
 30
0
 10
2129.114183982136
 20
433.6504978232406
 30
0
 10
2108.150563571951
 20
438.9092143002053
 30
0
 10
2115.525989271817
 20
457.8457870488492
 30
0
 10
2146.361378749833
 20
502.4178257374879
 30
0
 10
2194.283878930262
 20
580.4219495868747
 30
0
 10
2231.277947031311
 20
669.7681048253289
 30
0
 10
2273.060987475445
 20
743.4837562081375
 30
0
 10
2305.809618045576
 20
793.4083307633264
 30
0
 10
2346.626049407758
 20
841.3582135143079
 30
0
 10
2370.797810336924
 20
884.3474387650931
 30
0
 10
2396.146920373547
 20
920.7260270690167
 30
0
 10
2415.927974023623
 20
952.7080109080853
 30
0
 10
2432.33029421547
 20
969.6693643767358
 30
0
 10
2449.746125689242
 20
981.5309339880914
 30
0
 10
2463.650239961687
 20
985.8941443325457
 30
0
 10
2476.370320436661
 20
981.586869405277
 30
0
 10
2478.887536807568
 20
961.8659052008152
 30
0
 10
2480.994314734242
 20
943.6319293765555
 30
0
 10
2475.921210332424
 20
921.6769396752206
 30
0
 10
2471.020086348988
 20
887.2605006772064
 30
0
 10
2463.89813353261
 20
842.7043723783427
 30
0
 10
2457.250320873689
 20
776.4920907799242
 30
0
 10
2455.442639461951
 20
719.3223299411911
 30
0
 10
2452.764344071154
 20
666.092358695445
 30
0
 10
2453.693550766446
 20
631.5579940573516
 30
0
 10
2451.696166179143
 20
600.7545484759466
 30
0
 10
2459.990300970501
 20
568.125244690149
 30
0
 10
2455.899809389492
 20
542.8569297303184
 30
0
 10
2459.114233927801
 20
519.9040912158525
 30
0
 10
2470.390020742896
 20
518.4868825069716
 30
0
 10
2482.471175245126
 20
512.8393454037578
 30
0
 10
2493.505749047734
 20
533.4577573841525
 30
0
 10
2523.887703808257
 20
555.3804262599297
 30
0
 10
2529.673998754704
 20
615.1333722073323
 30
0
 10
2560.928639341844
 20
657.5253478743107
 30
0
 10
2573.185840987251
 20
703.4006216301204
 30
0
 10
2590.863220077124
 20
738.7699536606524
 30
0
 10
2602.473152719438
 20
786.1932061143889
 30
0
 10
2619.373265093425
 20
811.5203284946474
 30
0
 10
2639.544671924785
 20
872.5659070277325
 30
0
 10
2633.713932043291
 20
823.679137907151
 30
0
 10
2633.079701509676
 20
771.7360802195471
 30
0
 10
2623.078330246615
 20
701.1519872853969
 30
0
 10
2617.027109319577
 20
636.3288236208464
 30
0
 10
2621.161413033376
 20
604.2202332708839
 30
0
 10
2622.166667952086
 20
573.8427444433764
 30
0
 10
2610.814247154747
 20
540.2025610094861
 30
0
 10
2616.770919367089
 20
490.1690611892118
 30
0
 10
2604.992892205599
 20
436.9234310046741
 30
0
 10
2596.179975666571
 20
374.7141787787987
 30
0
 10
2594.684809318394
 20
322.884624524726
 30
0
 10
2586.122831345536
 20
259.2155338765442
 30
0
 10
2580.152132783085
 20
201.8610932948504
 30
0
 10
2563.945766489021
 20
156.7952763428766
 30
0
 10
2578.110167433741
 20
116.0500776086556
 30
0
 10
2588.205230931169
 20
190.3292296489089
 30
0
 10
2599.281499844044
 20
227.7781172888208
 30
0
 10
2606.086821114994
 20
283.1356350832939
 30
0
 10
2613.4617923568
 20
343.2183073519118
 30
0
 10
2631.270094331237
 20
396.6707138786878
 30
0
 10
2667.476396423997
 20
461.94526982143
 30
0
 10
2686.398337772232
 20
547.082192524962
 30
0
 10
2744.2039141485
 20
650.7422634397371
 30
0
 10
2754.911173402914
 20
746.8400292872539
 30
0
 10
2784.873072070302
 20
821.4989529069717
 30
0
 10
2803.532709737308
 20
865.9375748224411
 30
0
 10
2803.746425413527
 20
914.543669581748
 30
0
 10
2829.985068989452
 20
936.2965738118364
 30
0
 10
2853.441595782177
 20
950.4336022827047
 30
0
 10
2874.299216809566
 20
965.7566493071354
 30
0
 10
2895.134184631286
 20
954.3614521052077
 30
0
 10
2927.976819078438
 20
949.714447158316
 30
0
 10
2952.83471079322
 20
913.0453895364044
 30
0
 10
2964.239443923114
 20
871.3316894663003
 30
0
 10
2959.303670098423
 20
841.7441330154397
 30
0
 10
2961.663522860734
 20
800.7883789937332
 30
0
 10
2946.430414389004
 20
758.367624925726
 30
0
 10
2939.680997859221
 20
702.5333695486042
 30
0
 10
2924.782525873859
 20
654.1359141177818
 30
0
 10
2907.15999769466
 20
613.0752154238726
 30
0
 10
2877.889773254399
 20
572.0783321297349
 30
0
 10
2857.186765251216
 20
528.439761619069
 30
0
 10
2816.833677402581
 20
516.5468707607797
 30
0
 10
2784.794587610057
 20
512.6916749300872
 30
0
 10
2767.560524661792
 20
545.9041532219126
 30
0
 10
2762.536879827501
 20
578.0819773918338
 30
0
 10
2758.392437445698
 20
623.5813514242036
 30
0
 10
2763.262137445388
 20
675.5869040990219
 30
0
 10
2765.524499713909
 20
747.914244573316
 30
0
 10
2800.452341135941
 20
818.381551415936
 30
0
 10
2791.128416407853
 20
908.5257529158698
 30
0
 10
2851.674147736165
 20
951.938345022485
 30
0
 10
2894.140564693487
 20
971.1946148658026
 30
0
 10
2941.659489055281
 20
980.3800353783154
 30
0
 10
2984.49879490491
 20
982.4083059385739
 30
0
 10
3032.87884218106
 20
987.3349355521932
 30
0
 10
3067.678367406595
 20
990.0734197001875
 30
0
 10
3089.667743349681
 20
983.6215377499902
 30
0
 10
3100.165878824308
 20
978.5566047608008
 30
0
 10
3105.684420064325
 20
960.5058878421405
 30
0
 10
3118.719131724327
 20
931.3961652736034
 30
0
 10
3116.219077481772
 20
880.7502880142274
 30
0
 10
3118.967662712792
 20
834.3505901671451
 30
0
 10
3111.47552010091
 20
779.2695806338306
 30
0
 10
3099.600350289373
 20
738.795932788038
 30
0
 10
3088.0458366971
 20
680.60861968463
 30
0
 10
3079.680329081719
 20
638.94821536784
 30
0
 10
3080.635750269983
 20
591.2803230425779
 30
0
 10
3080.474749563262
 20
558.2347014610277
 30
0
 10
3071.758387128473
 20
525.542598610904
 30
0
 10
3088.760641185916
 20
511.1549750921986
 30
0
 10
3111.960298147285
 20
522.9779408059985
 30
0
 10
3082.537921656738
 20
575.6060728381126
 30
0
 10
3095.224293876789
 20
634.3176457099471
 30
0
 10
3102.290151787573
 20
694.6465842728358
 30
0
 10
3123.247804939281
 20
736.5725709998369
 30
0
 10
3145.94969752722
 20
772.2708983972407
 30
0
 10
3203.059219911927
 20
804.838453001852
 30
0
 10
3245.127902496723
 20
854.1637053005834
 30
0
 10
3253.471029969631
 20
904.3595522493561
 30
0
 10
3259.121649998822
 20
931.5640228101838
 30
0
 10
3273.159922364401
 20
955.9563633001962
 30
0
 10
3290.7484604856
 20
975.5085784234543
 30
0
 10
3303.690733232768
 20
987.6950663226162
 30
0
 10
3317.058225734043
 20
989.3198327810242
 30
0
 10
3321.549684971804
 20
976.4635328156728
 30
0
 10
3309.442816128256
 20
962.833383075762
 30
0
 10
3298.991531718755
 20
943.2310871445079
 30
0
 10
3277.167423882172
 20
918.1529604148673
 30
0
 10
3257.986366177909
 20
889.2778647487139
 30
0
 10
3245.586754660006
 20
858.8183005305327
 30
0
 10
3229.639406477334
 20
833.2874323479919
 30
0
 10
3224.134425482014
 20
802.1190414886078
 30
0
 10
3220.115450396086
 20
731.4417025438015
 30
0
 10
3207.810128709069
 20
647.9313307665725
 30
0
 10
3204.396591516095
 20
548.4928558763786
 30
0
 10
3192.989703350002
 20
457.766603022741
 30
0
 10
3193.71933659201
 20
371.6128344254539
 30
0
 10
3177.873095806106
 20
297.7432067741611
 30
0
 10
3180.869192946819
 20
242.1036160690564
 30
0
 10
3178.178063535132
 20
199.2352345411055
 30
0
 10
3178.493965788628
 20
161.0291873870156
 30
0
 10
3178.531059029745
 20
131.2530762934912
 30
0
 10
3177.990775650367
 20
93.78129893417645
 30
0
 10
3180.71421496931
 20
55.55478259104711
 30
0
 10
3183.260615504812
 20
26.4160230319103
 30
0
 10
3177.090270019951
 20
0.3178650032932637
 30
0
 10
3198.301163539407
 20
-0.6445445312565425
 30
0
 10
3213.663427386316
 20
8.772082627096097
 30
0
 10
3230.329484604998
 20
25.58444876222347
 30
0
 10
3244.94303216238
 20
82.69231302400294
 30
0
 10
3283.28207086958
 20
147.3989034414844
 30
0
 10
3303.627385834814
 20
243.9347900746943
 30
0
 10
3334.618083001231
 20
305.1513754855696
 30
0
 10
3328.241180853336
 20
387.764665698327
 30
0
 10
3393.705388634233
 20
439.7703080175997
 30
0
 10
3389.571043615113
 20
521.978562518183
 30
0
 10
3396.322894946323
 20
590.5878773974691
 30
0
 10
3408.229095246177
 20
683.5164653960819
 30
0
 10
3429.110804663622
 20
776.0358803943236
 30
0
 10
3424.532174949534
 20
872.7949111704802
 30
0
 10
3427.206371013424
 20
923.007868554836
 30
0
 10
3458.262024871772
 20
976.0129950585397
 30
0
 10
3461.955526325153
 20
898.0934369802562
 30
0
 10
3447.857968744473
 20
864.7152695039258
 30
0
 10
3435.521162692574
 20
745.1824827474629
 30
0
 10
3501.318267088034
 20
867.5520690760313
 30
0
 10
3560.67970220244
 20
900.0907039135782
 30
0
 10
3610.956622449565
 20
980.0184982031205
 30
0
 10
3672.328012035694
 20
988.9363453353726
 30
0
 10
3709.157907759771
 20
1016.685747067953
 30
0
 10
3742.963056474226
 20
1030.71373791869
 30
0
 10
3774.473475647508
 20
1025.657867414397
 30
0
 10
3808.169979255879
 20
1032.577978142057
 30
0
 10
3825.796255064313
 20
1007.993745729313
 30
0
 10
3828.905247842311
 20
982.2695766173856
 30
0
 10
3813.938320834539
 20
962.253229246111
 30
0
 10
3796.577792550204
 20
902.7100964507408
 30
0
 10
3741.739360625041
 20
861.5449032295001
 30
0
 10
3709.265285401605
 20
803.2973683389573
 30
0
 10
3685.190496297553
 20
774.2823704509501
 30
0
 10
3665.355085989693
 20
726.8061727253225
 30
0
 10
3596.906993879937
 20
701.7392697586765
 30
0
 10
3553.3661732201
 20
637.1032160948234
 30
0
 10
3524.154770711437
 20
578.9060469873803
 30
0
 10
3490.770517219906
 20
523.7245554581605
 30
0
 10
3453.771754984162
 20
485.6942381991976
 30
0
 10
3440.741144720349
 20
439.7483269558725
 30
0
 10
3412.770852891379
 20
421.2441062633152
 30
0
 10
3377.624301212607
 20
449.0418362727942
 30
0
 10
3390.152989872848
 20
497.9853068492812
 30
0
 10
3391.685506840702
 20
550.1211078977067
 30
0
 10
3416.329065878643
 20
592.9624463178188
 30
0
 10
3418.905903591192
 20
661.5916778519604
 30
0
 10
3440.615044292179
 20
725.047360939192
 30
0
 10
3461.710481244489
 20
800.1526143937226
 30
0
 10
3509.858645633329
 20
822.7511607034685
 30
0
 10
3543.765504988376
 20
851.5989587033837
 30
0
 10
3575.04189549142
 20
845.8567954480386
 30
0
 10
3598.604579842184
 20
830.7538376230368
 30
0
 10
3585.909777741297
 20
780.5651165937743
 30
0
 10
3583.148990254384
 20
697.8708401461918
 30
0
 10
3629.837840513326
 20
709.4653136533307
 30
0
 10
3662.252595244325
 20
713.6004122177692
 30
0
 10
3672.501677619992
 20
673.8385749776935
 30
0
 10
3660.132484957692
 20
651.0268651775405
 30
0
 10
3663.768501438433
 20
627.3415631902608
 30
0
 10
3656.456122250645
 20
597.803083051389
 30
0
 10
3651.508845460019
 20
559.8046526659018
 30
0
 10
3650.529541884433
 20
518.9497104810871
 30
0
 10
3648.591159937321
 20
476.0228605597367
 30
0
 10
3642.262995023746
 20
439.2094967671292
 30
0
 10
3634.513357461663
 20
406.3955737295182
 30
0
 10
3618.418495131307
 20
384.3127627769572
 30
0
 10
3591.40057518566
 20
375.6473591798422
 30
0
 10
3554.855116441729
 20
376.6175178572157
 30
0
 10
3537.382411025581
 20
416.4914728686417
 30
0
 10
3530.617051829584
 20
457.6362318647298
 30
0
 10
3532.787512699259
 20
509.4824452185858
 30
0
 10
3552.505443815142
 20
575.8039918014983
 30
0
 10
3613.376624082564
 20
651.9049835076876
 30
0
 10
3693.137654310674
 20
789.313800434742
 30
0
 10
3792.293871512054
 20
924.4405951804802
 30
0
 10
3924.628301238525
 20
1086.377101677048
 30
0
 10
4062.940600759001
 20
1223.035361088972
 30
0
 10
4232.939925031504
 20
1369.61518894996
 30
0
 10
4368.219752654666
 20
1488.305046496956
 30
0
 10
4472.605903624906
 20
1619.857704191803
 30
0
 10
4585.401641806355
 20
1694.337175722743
 30
0
 10
4699.820130952983
 20
1795.983756302725
 30
0
 10
4806.665053111617
 20
1865.748248303702
 30
0
 10
4898.485422428465
 20
1946.767730299602
 30
0
 10
5018.291033858084
 20
2015.287798101766
 30
0
 10
5118.888423894066
 20
2112.266966996234
 30
0
 10
5212.4937923213
 20
2161.719118246969
 30
0
 10
5238.57648912014
 20
2177.410009769359
 30
0
1001
AcDbBlockRepETag
1070
     1
1071
        0
1005
347
  0
SPLINE
  5
348
330
343
100
AcDbEntity
  8
0
100
AcDbSpline
210
0
220
0
230
1
 70
     8
 71
     3
 72
     0
 73
     0
 74
     9
 42
1E-07
 43
1E-07
 44
1E-10
 12
0
 22
0
 32
0
 13
0
 23
0
 33
0
 11
3454.654051616206
 21
772.3653188531025
 31
0
 11
3441.516689278185
 21
729.2771977226803
 31
0
 11
3436.904116195044
 21
672.4013805453287
 31
0
 11
3444.820471897954
 21
656.2561754174967
 31
0
 11
3462.836004024837
 21
636.3923823012592
 31
0
 11
3483.214210575214
 21
620.2709497359901
 31
0
 11
3504.441974525806
 21
612.6346435959422
 31
0
 11
3520.103210505447
 21
608.2020397283341
 31
0
 11
3539.985814638902
 21
609.7285354809574
 31
0
1001
AcDbBlockRepETag
1070
     1
1071
        1
1005
348
  0
LWPOLYLINE
  5
349
330
343
100
AcDbEntity
  8
0
100
AcDbPolyline
 90
        6
 70
     0
 43
0
 10
0.0001556928036734462
 20
170.7716861009103
 10
12.61661876644939
 20
146.5307003335183
 10
52.35914556495845
 20
120.5481674373586
 10
1682.730935101979
 20
205.5996088703832
 10
4374.244326858432
 20
387.5699314495287
 10
5862.969151562545
 20
566.2943697604205
1001
AcDbBlockRepETag
1070
     1
1071
        2
1005
349
  0
ENDBLK
  5
34A
330
343
100
AcDbEntity
  8
0
100
AcDbBlockEnd
  0
BLOCK
  5
34E
330
34B
100
AcDbEntity
  8
0
100
AcDbBlockBegin
  2
A3-1-1-ISO3TGROUP
 70
     2
 10
0
 20
0
 30
0
  3
A3-1-1-ISO3TGROUP
  1

  0
LWPOLYLINE
  5
499
330
34B
100
AcDbEntity
  8
DEFPOINTS
 62
   250
100
AcDbPolyline
 90
        4
 70
     1
 43
0
 10
0
 20
0
 10
420
 20
0
 10
420
 20
297
 10
0
 20
297
  0
INSERT
  5
49A
330
34B
100
AcDbEntity
  8
0
 48
20
100
AcDbBlockReference
  2
LOGO
 10
372.0007085230573
 20
154.6832096881419
 30
0
 41
0.007825423728839686
 42
0.007825423728839686
 43
0.007825423728839686
  0
MTEXT
  5
49B
102
{ACAD_XDICTIONARY
360
49C
102
}
330
34B
100
AcDbEntity
  8
0
100
AcDbMText
 10
388.8620901023124
 20
148.6575311521603
 30
0
210
0
220
0
230
1
 11
1
 21
0
 31
0
 40
1.5
 41
42.15236798139264
 46
0
 71
     5
 72
     5
  1
\pt36;{\fSegoe UI|b1|i0|c0|p34;CÔNG TY CỔ PHẦN 3T GROUP VIỆT NAM}
  7
3T_SegoeUI
 73
     1
 44
1
  0
LINE
  5
49D
330
34B
100
AcDbEntity
  8
0
 48
20
100
AcDbLine
 10
371
 20
150.6575311521603
 30
0
 11
407
 21
150.6575311521603
 31
0
  0
MTEXT
  5
49E
102
{ACAD_XDICTIONARY
360
49F
102
}
330
34B
100
AcDbEntity
  8
0
100
AcDbMText
 10
389
 20
145.1575311521603
 30
0
210
0
220
0
230
1
 11
1
 21
0
 31
0
 40
0.8
 41
46.40928792329339
 46
0
 71
     2
 72
     5
  1
{\W0.9;ĐỊA CHỈ: TẦNG 9 TOÀN NHÀ NAM HẢI LAKEVIEW-LÔ 01-9A KĐT VĨNH HOÀNG, HOÀNG MAI, HÀ NỘI\PTEL: (024) 3633 0787       HOTLINE: \H0.83333x;\W1;0936.121.288\H1.2x;\W0.9;      EMAIL: 3TGROUP.JSC@GMAIL.COM\PWEBSITE: HTTP://WWW.3TGROUP.COM
.VN }
  7
3T_SegoeUI
 73
     1
 44
0.975
1001
ACAD
1000
ACAD_MTEXT_COLUMN_INFO_BEGIN
1070
    75
1070
     2
1070
    79
1070
     0
1070
    76
1070
     1
1070
    78
1070
     0
1070
    48
1040
46.40928792329339
1070
    49
1040
1500
1070
    50
1070
     1
1040
0
1000
ACAD_MTEXT_COLUMN_INFO_END
  0
LWPOLYLINE
  5
4A0
330
34B
100
AcDbEntity
  8
0
 48
20
100
AcDbPolyline
 90
        4
 70
     1
 43
1
 43
1
 10
19
 20
6
 10
414
 20
6
 10
414
 20
291
 10
19
 20
291
  0
LWPOLYLINE
  5
4A1
330
34B
100
AcDbEntity
  8
0
100
AcDbPolyline
 90
        4
 70
     1
 43
0
 10
364
 20
291
 10
414
 20
291
 10
414
 20
6
 10
364
 20
6
  0
LWPOLYLINE
  5
4A2
330
34B
100
AcDbEntity
  8
0
100
AcDbPolyline
 90
        4
 70
     1
 43
0
 10
365
 20
263
 10
413
 20
263
 10
413
 20
290
 10
365
 20
290
  0
MTEXT
  5
4A3
102
{ACAD_XDICTIONARY
360
4A4
102
}
330
34B
100
AcDbEntity
  8
0
100
AcDbMText
 10
366
 20
261
 30
0
210
0
220
0
230
1
 11
1
 21
0
 31
0
 40
1
 41
47
 46
0
 71
     1
 72
     5
  1
{\H2x;\LGHI CHÚ - CAUTION\P\P\pi-2,l2,t2;\H0.5x;\T0.9;\l1.	BẢN VẼ NÀY THUỘC BẢN QUYỀN CỦA CÔNG TY 3T GROUP VIỆT NAM. \fSegoe UI|b0|i1|c0|p34;\T1;3T \P\pi0;Group Vietnam own all copyrights of this drawing, do not use without \Ppermission.}
  3
\P\pi-2;2.	CÁC KÍCH THƯỚC THỂ HIỆN TRONG BẢN VẼ CẦN ĐƯỢC KIỂM TRA \P\pi0;TRONG THỰC TẾ TRƯỚC KHI THI CÔNG.\P\pl0,tz;    {\fSegoe UI|b0|i1|c0|p34; All dimensions should be checked carefully at the construction site \P     befor
  3
e execution.} \P\pi-2,l2,t2;3.	ĐƠN VỊ THỂ HIỆN TRONG BẢN VẼ LÀ MILI MÉT (MM)\P\pi0,l0,tz;     {\fSegoe UI|b0|i1|c0|p34;All dimensions are in milimeters (mm) }\P\pi-2,l2,t2;4.	MỌI THAY ĐỔI SO VỚI THIẾT KẾ ĐỀU CẦN ĐƯỢC THÔ
NG BÁO TỚI \P\pi0;3T GROUP VIỆT NAM TRƯỚC KHI BẮT ĐẦU THI CÔNG.\P\pl0,tz;     {\fSegoe UI|b0|i1|c0|p34;Any discrepancy shall be reported to 3T Group Vietnam before \P     execution }
  7
3T_SegoeUI
 73
     1
 44
1
1001
ACAD
1000
ACAD_MTEXT_COLUMN_INFO_BEGIN
1070
    75
1070
     2
1070
    79
1070
     0
1070
    76
1070
     1
1070
    78
1070
     0
1070
    48
1040
47
1070
    49
1040
1000
1070
    50
1070
     1
1040
51.5230779177482
1000
ACAD_MTEXT_COLUMN_INFO_END
  0
LWPOLYLINE
  5
4A5
330
34B
100
AcDbEntity
  8
0
100
AcDbPolyline
 90
        4
 70
     1
 43
0
 10
365
 20
229
 10
413
 20
229
 10
413
 20
262
 10
365
 20
262
  0
TEXT
  5
4A6
330
34B
100
AcDbEntity
  8
0
100
AcDbText
 10
366
 20
226
 30
0
 40
1
  1
STT/Order
  7
3T_SegoeUI Light
 11
0
 21
0
 31
0
100
AcDbText
  0
TEXT
  5
4A7
330
34B
100
AcDbEntity
  8
0
100
AcDbText
 10
374
 20
226
 30
0
 40
1
  1
NGÀY/Date
  7
3T_SegoeUI Light
 11
0
 21
0
 31
0
100
AcDbText
  0
TEXT
  5
4A8
330
34B
100
AcDbEntity
  8
0
100
AcDbText
 10
384
 20
226
 30
0
 40
1
  1
NỘI DUNG ĐIỀU CHỈNH/Subject
  7
3T_SegoeUI Light
 11
0
 21
0
 31
0
100
AcDbText
  0
LWPOLYLINE
  5
4A9
330
34B
100
AcDbEntity
  8
0
100
AcDbPolyline
 90
        4
 70
     1
 43
0
 10
365
 20
216
 10
413
 20
216
 10
413
 20
228
 10
365
 20
228
  0
LINE
  5
4AA
330
34B
100
AcDbEntity
  8
0
100
AcDbLine
 10
365
 20
225
 30
0
 11
413
 21
225
 31
0
  0
LINE
  5
4AB
330
34B
100
AcDbEntity
  8
0
100
AcDbLine
 10
373
 20
228
 30
0
 11
373
 21
216
 31
0
  0
LINE
  5
4AC
330
34B
100
AcDbEntity
  8
0
100
AcDbLine
 10
383
 20
228
 30
0
 11
383
 21
216
 31
0
  0
LINE
  5
4AD
330
34B
100
AcDbEntity
  8
0
100
AcDbLine
 10
365
 20
222
 30
0
 11
413
 21
222
 31
0
  0
LINE
  5
4AE
330
34B
100
AcDbEntity
  8
0
100
AcDbLine
 10
365
 20
219
 30
0
 11
413
 21
219
 31
0
  0
LWPOLYLINE
  5
4AF
330
34B
100
AcDbEntity
  8
0
100
AcDbPolyline
 90
        4
 70
     1
 43
0
 10
365
 20
7
 10
413
 20
7
 10
413
 20
22
 10
365
 20
22
  0
LINE
  5
4B0
330
34B
100
AcDbEntity
  8
0
100
AcDbLine
 10
365
 20
12
 30
0
 11
413
 21
12
 31
0
  0
TEXT
  5
4B1
330
34B
100
AcDbEntity
  8
0
100
AcDbText
 10
366
 20
9
 30
0
 40
1
  1
NGÀY HT/FINISH DATE
  7
3T_SegoeUI
 11
0
 21
0
 31
0
100
AcDbText
  0
LINE
  5
4B2
330
34B
100
AcDbEntity
  8
0
100
AcDbLine
 10
389
 20
12
 30
0
 11
389
 21
7
 31
0
  0
TEXT
  5
4B3
330
34B
100
AcDbEntity
  8
0
100
AcDbText
 10
366
 20
20
 30
0
 40
1
  1
KÝ HIỆU BẢN VẼ/DRAWING LABEL
  7
3T_SegoeUI
 11
0
 21
0
 31
0
100
AcDbText
  0
LWPOLYLINE
  5
4B4
330
34B
100
AcDbEntity
  8
0
100
AcDbPolyline
 90
        4
 70
     1
 43
0
 10
365
 20
23
 10
413
 20
23
 10
413
 20
39.80185889993038
 10
365
 20
39.80185889993038
  0
TEXT
  5
4B5
330
34B
100
AcDbEntity
  8
0
100
AcDbText
 10
366
 20
37.80185889993038
 30
0
 40
1
  1
TÊN BẢN VẼ/DRAWING TITLE
  7
3T_SegoeUI
 11
0
 21
0
 31
0
100
AcDbText
  0
LWPOLYLINE
  5
4B6
330
34B
100
AcDbEntity
  8
0
100
AcDbPolyline
 90
        4
 70
     1
 43
0
 10
365
 20
40.80185889993038
 10
413
 20
40.80185889993038
 10
413
 20
57.15753115216035
 10
365
 20
57.15753115216035
  0
LWPOLYLINE
  5
4B7
330
34B
100
AcDbEntity
  8
0
100
AcDbPolyline
 90
        4
 70
     1
 43
0
 10
365
 20
58.15753115216035
 10
413
 20
58.15753115216035
 10
413
 20
63.15753115216035
 10
365
 20
63.15753115216035
  0
TEXT
  5
4B8
330
34B
100
AcDbEntity
  8
0
100
AcDbText
 10
366
 20
60.15753115216035
 30
0
 40
1.5
  1
BỘ MÔN/discipline:
  7
3T_SegoeUI
 11
0
 21
0
 31
0
100
AcDbText
  0
TEXT
  5
4B9
330
34B
100
AcDbEntity
  8
0
100
AcDbText
 10
366
 20
54.17952563909773
 30
0
 40
1.5
  1
LOẠI HỒ SƠ / DOCUMENT TYPE
  7
3T_SegoeUI
 11
0
 21
0
 31
0
100
AcDbText
  0
TEXT
  5
4BA
330
34B
100
AcDbEntity
  8
0
100
AcDbText
 10
369.5645879576168
 20
50.30286282981081
 30
0
 40
1.2
  1
PHƯƠNG ÁN
  7
3T_SegoeUI
 11
0
 21
0
 31
0
100
AcDbText
  0
LWPOLYLINE
  5
4BB
330
34B
100
AcDbEntity
  8
0
100
AcDbPolyline
 90
        4
 70
     1
 43
0
 10
365
 20
64.15753115216035
 10
413
 20
64.15753115216035
 10
413
 20
79.15753115216035
 10
365
 20
79.15753115216035
  0
TEXT
  5
4BC
330
34B
100
AcDbEntity
  8
0
100
AcDbText
 10
366
 20
77.15753115216035
 30
0
 40
1
  1
KIỂM/CHECK BY
  7
3T_SegoeUI
 11
0
 21
0
 31
0
100
AcDbText
  0
LWPOLYLINE
  5
4BD
330
34B
100
AcDbEntity
  8
0
100
AcDbPolyline
 90
        4
 70
     1
 43
0
 10
365
 20
79.15753115216035
 10
413
 20
79.15753115216035
 10
413
 20
94.15753115216035
 10
365
 20
94.15753115216035
  0
TEXT
  5
4BE
330
34B
100
AcDbEntity
  8
0
100
AcDbText
 10
366
 20
92.15753115216035
 30
0
 40
1
  1
THIẾT KẾ/DESIGNED BY
  7
3T_SegoeUI
 11
0
 21
0
 31
0
100
AcDbText
  0
LWPOLYLINE
  5
4BF
330
34B
100
AcDbEntity
  8
0
100
AcDbPolyline
 90
        4
 70
     1
 43
0
 10
365
 20
94.15753115216035
 10
413
 20
94.15753115216035
 10
413
 20
109.1575311521603
 10
365
 20
109.1575311521603
  0
TEXT
  5
4C0
330
34B
100
AcDbEntity
  8
0
100
AcDbText
 10
366
 20
107.1575311521603
 30
0
 40
1
  1
CHỦ TRÌ KIẾN TRÚC/CHIEF OF ARCHITECTURE
  7
3T_SegoeUI
 11
0
 21
0
 31
0
100
AcDbText
  0
LWPOLYLINE
  5
4C1
330
34B
100
AcDbEntity
  8
0
100
AcDbPolyline
 90
        4
 70
     1
 43
0
 10
365
 20
109.1575311521603
 10
413
 20
109.1575311521603
 10
413
 20
124.1575311521603
 10
365
 20
124.1575311521603
  0
TEXT
  5
4C2
330
34B
100
AcDbEntity
  8
0
100
AcDbText
 10
366
 20
122.1575311521603
 30
0
 40
1
  1
CHỦ NHIỆM DỰ ÁN/ CHIEF OF PROJECT
  7
3T_SegoeUI
 11
0
 21
0
 31
0
100
AcDbText
  0
LWPOLYLINE
  5
4C3
330
34B
100
AcDbEntity
  8
0
100
AcDbPolyline
 90
        4
 70
     1
 43
0
 10
365
 20
124.1575311521603
 10
413
 20
124.1575311521603
 10
413
 20
139.1575311521603
 10
365
 20
139.1575311521603
  0
TEXT
  5
4C4
330
34B
100
AcDbEntity
  8
0
100
AcDbText
 10
366
 20
137.1575311521603
 30
0
 40
1
  1
TỔNG GIÁM ĐỐC/GENERAL MANAGER
  7
3T_SegoeUI
 11
0
 21
0
 31
0
100
AcDbText
  0
TEXT
  5
4C5
330
34B
100
AcDbEntity
  8
0
100
AcDbText
 10
366
 20
125.1575311521603
 30
0
 40
1.5
  1
ThS.KTS. NGUYỄN TRIỀU DƯƠNG
  7
3T_SegoeUI
 11
0
 21
0
 31
0
100
AcDbText
  0
INSERT
  5
4C6
330
34B
100
AcDbEntity
  8
0
100
AcDbBlockReference
  2
A$C1BAB2EA3
 10
375.5953202169017
 20
126.7850207694803
 30
0
 41
0.006075000000000001
 42
0.006075000000000001
 43
0.006075000000000001
  0
LWPOLYLINE
  5
4C7
330
34B
100
AcDbEntity
  8
0
100
AcDbPolyline
 90
        4
 70
     1
 43
0
 10
365
 20
140.1575311521603
 10
413
 20
140.1575311521603
 10
413
 20
165.1575311521603
 10
365
 20
165.1575311521603
  0
LWPOLYLINE
  5
4C8
330
34B
100
AcDbEntity
  8
0
100
AcDbPolyline
 90
        4
 70
     1
 43
0
 10
365.5
 20
140.6575311521603
 10
412.5
 20
140.6575311521603
 10
412.5
 20
164.6575311521603
 10
365.5
 20
164.6575311521603
  0
TEXT
  5
4C9
330
34B
100
AcDbEntity
  8
0
100
AcDbText
 10
366.5
 20
162.6575311521603
 30
0
 40
1
  1
ĐƠN VỊ TƯ VẤN THIẾT KẾ - CONSULTANT
  7
3T_SegoeUI
 11
0
 21
0
 31
0
100
AcDbText
  0
LWPOLYLINE
  5
4CA
330
34B
100
AcDbEntity
  8
0
100
AcDbPolyline
 90
        4
 70
     1
 43
0
 10
365
 20
166.1575311521603
 10
413
 20
166.1575311521603
 10
413
 20
188
 10
365
 20
188
  0
LWPOLYLINE
  5
4CB
330
34B
100
AcDbEntity
  8
0
100
AcDbPolyline
 90
        4
 70
     1
 43
0
 10
365.5
 20
166.6575311521603
 10
412.5
 20
166.6575311521603
 10
412.5
 20
187.5
 10
365.5
 20
187.5
  0
TEXT
  5
4CC
330
34B
100
AcDbEntity
  8
0
100
AcDbText
 10
366.5
 20
167.6575311521603
 30
0
 40
1
  1
ĐỊA CHỈ/location: 270 TRƯỜNG CHINH - KIM LIÊN- HÀ NỘI
  7
3T_SegoeUI
 11
0
 21
0
 31
0
100
AcDbText
  0
TEXT
  5
4CD
330
34B
100
AcDbEntity
  8
0
100
AcDbText
 10
366.5
 20
185.5
 30
0
 40
1
  1
DỰ ÁN/PROJECT
  7
3T_SegoeUI
 11
0
 21
0
 31
0
100
AcDbText
  0
LWPOLYLINE
  5
4CE
330
34B
100
AcDbEntity
  8
0
100
AcDbPolyline
 90
        4
 70
     1
 43
0
 10
365
 20
189
 10
413
 20
189
 10
413
 20
215
 10
365
 20
215
  0
LWPOLYLINE
  5
4CF
330
34B
100
AcDbEntity
  8
0
100
AcDbPolyline
 90
        4
 70
     1
 43
0
 10
365.5
 20
189.5
 10
412.5
 20
189.5
 10
412.5
 20
214.5
 10
365.5
 20
214.5
  0
TEXT
  5
4D0
330
34B
100
AcDbEntity
  8
0
100
AcDbText
 10
366.5
 20
190.5
 30
0
 40
1
  1
SỐ PHONE/phone : ..........
  7
3T_SegoeUI
 11
0
 21
0
 31
0
100
AcDbText
  0
TEXT
  5
4D1
330
34B
100
AcDbEntity
  8
0
100
AcDbText
 10
366.5
 20
212.5
 30
0
 40
1
  1
CHỦ ĐẦU TƯ/CLIENT
  7
3T_SegoeUI
 11
0
 21
0
 31
0
100
AcDbText
  0
TEXT
  5
4D2
330
34B
100
AcDbEntity
  8
0
100
AcDbText
 10
366.5
 20
192.5
 30
0
 40
1
  1
ĐỊA CHỈ/add : ..........
  7
3T_SegoeUI
 11
0
 21
0
 31
0
100
AcDbText
  0
TEXT
  5
4D3
330
34B
100
AcDbEntity
  8
0
100
AcDbText
 10
378.8204323570432
 20
178.5
 30
0
 40
2.5
  1
KHÁCH SẠN 
  7
3T_SegoeUI
 72
     1
 11
389
 21
178.5
 31
0
100
AcDbText
  0
TEXT
  5
4D4
330
34B
100
AcDbEntity
  8
0
100
AcDbText
 10
372.5364365411436
 20
173.5
 30
0
 40
2.5
  1
270 TRƯỜNG CHINH
  7
3T_SegoeUI
 72
     1
 11
389
 21
173.5
 31
0
100
AcDbText
  0
ATTDEF
  5
4D5
330
34B
100
AcDbEntity
  8
0
100
AcDbText
 10
390
 20
9
 30
0
 40
1.5
  1

  7
3T_SegoeUI
 11
0
 21
0
 31
0
100
AcDbAttributeDefinition
  3

  2
XX/YY/ZZZZ
 70
     0
280
     0
  0
ATTDEF
  5
4D6
330
34B
100
AcDbEntity
  8
0
100
AcDbText
 10
384.5648535564853
 20
15
 30
0
 40
2.5
  1

  7
3T_SegoeUI
 72
     1
 11
389
 21
15
 31
0
100
AcDbAttributeDefinition
  3

  2
KHBV
 70
     0
280
     0
  0
ATTDEF
  5
4D7
102
{ACAD_XDICTIONARY
360
4D8
102
}
330
34B
100
AcDbEntity
  8
0
100
AcDbText
 10
379.3417015341702
 20
32.30185889993038
 30
0
 40
2.5
  1

  7
3T_SegoeUI
 72
     1
 11
389
 21
34.80185889993038
 31
0
100
AcDbAttributeDefinition
  3

  2
TENBANVE1
 70
     0
 74
     3
280
     0
  0
ATTDEF
  5
4D9
102
{ACAD_XDICTIONARY
360
4DA
102
}
330
34B
100
AcDbEntity
  8
0
100
AcDbText
 10
385.1703103464206
 20
60.15753115216035
 30
0
 40
1.5
  1

  7
3T_SegoeUI
 11
385.1703103464206
 21
60.90753115216035
 31
0
100
AcDbAttributeDefinition
  3

  2
KIENTRUC1-ARCHITECTURE
 70
     0
 74
     2
280
     0
  0
ATTDEF
  5
4DB
102
{ACAD_XDICTIONARY
360
4DC
102
}
330
34B
100
AcDbEntity
  8
0
100
AcDbText
 10
366
 20
65.15753115216035
 30
0
 40
1.5
  1

  7
3T_SegoeUI
 11
366
 21
65.90753115216035
 31
0
100
AcDbAttributeDefinition
  3

  2
VE1
 70
     0
 74
     2
280
     0
  0
ATTDEF
  5
4DD
102
{ACAD_XDICTIONARY
360
4DE
102
}
330
34B
100
AcDbEntity
  8
0
100
AcDbText
 10
366
 20
80.15753115216035
 30
0
 40
1.5
  1

  7
3T_SegoeUI
 11
366
 21
80.90753115216035
 31
0
100
AcDbAttributeDefinition
  3

  2
THIETKE
 70
     0
 74
     2
280
     0
  0
ATTDEF
  5
4DF
102
{ACAD_XDICTIONARY
360
4E0
102
}
330
34B
100
AcDbEntity
  8
0
100
AcDbText
 10
366
 20
95.15753115216035
 30
0
 40
1.5
  1

  7
3T_SegoeUI
 11
366
 21
95.90753115216035
 31
0
100
AcDbAttributeDefinition
  3

  2
CHUTRIBOMON
 70
     0
 74
     2
280
     0
  0
ATTDEF
  5
4E1
102
{ACAD_XDICTIONARY
360
4E2
102
}
330
34B
100
AcDbEntity
  8
0
100
AcDbText
 10
366
 20
110.1575311521603
 30
0
 40
1.5
  1

  7
3T_SegoeUI
 11
366
 21
110.9075311521603
 31
0
100
AcDbAttributeDefinition
  3

  2
CHUNHIEM
 70
     0
 74
     2
280
     0
  0
INSERT
  5
4E3
330
34B
100
AcDbEntity
  8
A10 - Hatch
100
AcDbBlockReference
  2
QUANG
 10
14302.35058749843
 20
4315.566229376502
 30
0
 41
0.7999999999999999
 42
0.7999999999999999
 43
0.7999999999999999
  0
INSERT
  5
4E4
330
34B
100
AcDbEntity
  8
A10 - Hatch
100
AcDbBlockReference
  2
QUANG
 10
14302.35058749843
 20
4300.566229376502
 30
0
 41
0.7999999999999999
 42
0.7999999999999999
 43
0.7999999999999999
  0
SPLINE
  5
4E5
330
34B
100
AcDbEntity
  8
A16 - Chu - Text
 48
3
100
AcDbSpline
210
0
220
0
230
1
 70
     8
 71
     3
 72
    33
 73
    29
 74
     0
 42
1E-09
 43
1E-10
 40
0
 40
0
 40
0
 40
0
 40
1454.999858300121
 40
1612.975324247199
 40
2027.386268732444
 40
2195.453254943067
 40
2462.390942974881
 40
2715.163832113821
 40
2986.551941981501
 40
3279.519588235693
 40
3544.57491318838
 40
3758.97100312462
 40
3758.97100312462
 40
3758.97100312462
 40
3825.859295526926
 40
3921.894930098515
 40
4033.254032130005
 40
4091.835259075622
 40
4298.966746816139
 40
4298.966746816139
 40
4298.966746816139
 40
4522.348493271077
 40
4567.961669041472
 40
4682.449936223825
 40
4682.449936223825
 40
4682.449936223825
 40
5352.755120653866
 40
5488.441718929891
 40
5488.441718929891
 40
5488.441718929891
 40
5488.441718929891
 10
412.9330646767064
 20
85.47433411949319
 30
0
 10
407.3332826916745
 20
84.77247951884897
 30
0
 10
401.1255087791925
 20
83.99442160661536
 30
0
 10
388.5722833173522
 20
82.73165557131293
 30
0
 10
396.9773287342168
 20
80.30281543751303
 30
0
 10
397.2915445499025
 20
84.10754361081786
 30
0
 10
398.5970048225933
 20
90.14398970225889
 30
0
 10
394.9645654545447
 20
81.65898295873782
 30
0
 10
396.2756673692577
 20
91.96210422774172
 30
0
 10
392.2372206639146
 20
81.58815316613186
 30
0
 10
394.3094672868607
 20
90.78964871271862
 30
0
 10
393.0652465779928
 20
87.4162840802758
 30
0
 10
392.5088689207053
 20
85.90781801955316
 30
0
 10
392.2178906238773
 20
85.7654292677646
 30
0
 10
391.5091368931303
 20
85.41860422910256
 30
0
 10
390.2340693380568
 20
86.46854507169925
 30
0
 10
390.9263270813809
 20
88.06542613607675
 30
0
 10
393.1074700890587
 20
87.75648429218569
 30
0
 10
391.5835186095877
 20
86.51444560871431
 30
0
 10
390.3955501017194
 20
85.54623706572897
 30
0
 10
389.6030228557375
 20
85.00385041282541
 30
0
 10
388.6486664310182
 20
84.35071174850023
 30
0
 10
386.5793416679834
 20
83.83556143279137
 30
0
 10
387.4500851109948
 20
83.14934273647202
 30
0
 10
388.0727522532281
 20
82.6586289240237
 30
0
 10
388.8162034435514
 20
85.77581544609279
 30
0
 10
389.7101478201757
 20
89.52399878154836
 30
0
 10
388.4747991994472
 20
93.032094151243
 30
0
 10
388.2668315059437
 20
93.62267278660298
 30
0
  0
LWPOLYLINE
  5
4E6
102
{ACAD_REACTORS
330
4F1
102
}
330
34B
100
AcDbEntity
  8
0
100
AcDbPolyline
 90
        4
 70
     1
 43
0
 10
366.1448502288938
 20
49.69423138857235
 10
368.6448502288938
 20
49.69423138857235
 10
368.6448502288938
 20
52.19423138857235
 10
366.1448502288938
 20
52.19423138857235
  0
LWPOLYLINE
  5
4E7
330
34B
100
AcDbEntity
  8
0
100
AcDbPolyline
 90
        4
 70
     1
 43
0
 10
366.1448502288938
 20
45.73672624629569
 10
368.6448502288938
 20
45.73672624629569
 10
368.6448502288938
 20
48.23672624629569
 10
366.1448502288938
 20
48.23672624629569
  0
LWPOLYLINE
  5
4E8
330
34B
100
AcDbEntity
  8
0
100
AcDbPolyline
 90
        4
 70
     1
 43
0
 10
366.1448502288938
 20
41.77922110401903
 10
368.6448502288938
 20
41.77922110401903
 10
368.6448502288938
 20
44.27922110401903
 10
366.1448502288938
 20
44.27922110401903
  0
TEXT
  5
4E9
330
34B
100
AcDbEntity
  8
0
100
AcDbText
 10
369.5645879576168
 20
46.34535768753415
 30
0
 40
1.2
  1
THIẾT KẾ CƠ SỞ
  7
3T_SegoeUI
 11
0
 21
0
 31
0
100
AcDbText
  0
TEXT
  5
4EA
330
34B
100
AcDbEntity
  8
0
100
AcDbText
 10
369.5645879576168
 20
42.38785254525749
 30
0
 40
1.2
  1
THIẾT KẾ KỸ THUẬT
  7
3T_SegoeUI
 11
0
 21
0
 31
0
100
AcDbText
  0
TEXT
  5
4EB
330
34B
100
AcDbEntity
  8
0
100
AcDbText
 10
396.8452299422926
 20
50.30286282981081
 30
0
 40
1.2
  1
BẢN VẼ THI CÔNG
  7
3T_SegoeUI
 11
0
 21
0
 31
0
100
AcDbText
  0
LWPOLYLINE
  5
4EC
330
34B
100
AcDbEntity
  8
0
100
AcDbPolyline
 90
        4
 70
     1
 43
0
 10
393.4254922135696
 20
49.69423138857235
 10
395.9254922135696
 20
49.69423138857235
 10
395.9254922135696
 20
52.19423138857235
 10
393.4254922135696
 20
52.19423138857235
  0
LWPOLYLINE
  5
4ED
330
34B
100
AcDbEntity
  8
0
100
AcDbPolyline
 90
        4
 70
     1
 43
0
 10
393.4254922135696
 20
45.73672624629569
 10
395.9254922135696
 20
45.73672624629569
 10
395.9254922135696
 20
48.23672624629569
 10
393.4254922135696
 20
48.23672624629569
  0
LWPOLYLINE
  5
4EE
330
34B
100
AcDbEntity
  8
0
100
AcDbPolyline
 90
        4
 70
     1
 43
0
 10
393.4254922135696
 20
41.77922110401903
 10
395.9254922135696
 20
41.77922110401903
 10
395.9254922135696
 20
44.27922110401903
 10
393.4254922135696
 20
44.27922110401903
  0
TEXT
  5
4EF
330
34B
100
AcDbEntity
  8
0
100
AcDbText
 10
396.8452299422926
 20
46.34535768753415
 30
0
 40
1.2
  1
HOÀN CÔNG
  7
3T_SegoeUI
 11
0
 21
0
 31
0
100
AcDbText
  0
TEXT
  5
4F0
330
34B
100
AcDbEntity
  8
0
100
AcDbText
 10
396.8452299422926
 20
42.38785254525749
 30
0
 40
1.2
  1
HIỆU CHỈNH
  7
3T_SegoeUI
 11
0
 21
0
 31
0
100
AcDbText
  0
HATCH
  5
4F1
330
34B
100
AcDbEntity
  8
0
 62
     1
100
AcDbHatch
 10
0
 20
0
 30
0
210
0
220
0
230
1
  2
SOLID
 70
     1
 71
     1
 91
        1
 92
        1
 93
        4
 72
     1
 10
366.1448502288938
 20
49.69423138857235
 11
368.6448502288938
 21
49.69423138857235
 72
     1
 10
368.6448502288938
 20
49.69423138857235
 11
368.6448502288938
 21
52.19423138857235
 72
     1
 10
368.6448502288938
 20
52.19423138857235
 11
366.1448502288938
 21
52.19423138857235
 72
     1
 10
366.1448502288938
 20
52.19423138857235
 11
366.1448502288938
 21
49.69423138857235
 97
        1
330
4E6
 75
     1
 76
     1
 98
        1
 10
0
 20
0
1001
GradientColor1ACI
1070
     5
1001
GradientColor2ACI
1070
     2
1001
ACAD
1010
0
1020
0
1030
0
  0
MTEXT
  5
4F2
330
34B
100
AcDbEntity
  8
0
100
AcDbMText
 10
388.8712934193136
 20
208
 30
0
210
0
220
0
230
1
 11
1
 21
0
 31
0
 40
2
 41
44.13812523746307
 46
0
 71
     2
 72
     5
  1
CÔNG TY CỔ PHẦN TẬP ĐOÀN LÂM NGỌC DƯƠNG - CHI NHÁNH HÀ NỘI
  7
3T_SegoeUI
 73
     1
 44
1
  0
SPLINE
  5
4F3
330
34B
100
AcDbEntity
  8
0
100
AcDbSpline
210
0
220
0
230
1
 70
     8
 71
     3
 72
     0
 73
     0
 74
   114
 42
1E-07
 43
1E-07
 44
1E-05
 12
0
 22
0
 32
0
 13
0
 23
0
 33
0
 11
383.0340932750987
 21
66.2210170509934
 31
0
 11
385.8206959912827
 21
68.67623733174742
 31
0
 11
390.1184408605109
 21
72.51241178233431
 31
0
 11
393.240799039879
 21
75.21583297897223
 31
0
 11
394.5835633603574
 21
76.9070219216128
 31
0
 11
394.7041500468504
 21
77.25327741049477
 31
0
 11
394.3500567611968
 21
76.73957800929111
 31
0
 11
393.2192429359645
 21
74.31948360196202
 31
0
 11
391.9949848249964
 21
71.60332945047685
 31
0
 11
391.0771949164089
 21
69.12948823552824
 31
0
 11
391.0832749992719
 21
67.99579428384686
 31
0
 11
391.4376160912266
 21
67.6416645012805
 31
0
 11
391.9405520703342
 21
68.05291197237693
 31
0
 11
392.6230282812294
 21
69.01553819397395
 31
0
 11
393.4499092000001
 21
70.36046624795654
 31
0
 11
394.4217896835416
 21
72.09976349579119
 31
0
 11
394.9933077309165
 21
73.35635235925565
 31
0
 11
395.2818918682115
 21
74.16519126918911
 31
0
 11
395.5669555729892
 21
75.38270053630777
 31
0
 11
395.4308124958341
 21
75.76224109401801
 31
0
 11
395.0797068895931
 21
75.79088548209529
 31
0
 11
394.7644284730095
 21
75.66914612227083
 31
0
 11
394.4849772460841
 21
75.3898617754262
 31
0
 11
394.0980444501852
 21
74.88858185789195
 31
0
 11
393.7397731624683
 21
74.24407914737549
 31
0
 11
393.6036306941737
 21
73.78576609615538
 31
0
 11
393.6681193920135
 21
73.51364270423073
 31
0
 11
394.0693829420034
 21
73.03384621985333
 31
0
 11
395.0152181917533
 21
72.51108315336023
 31
0
 11
396.2267925168003
 21
71.85710724721184
 31
0
 11
396.9003422211006
 21
71.34150485144028
 31
0
 11
397.1582970124593
 21
70.71848585828002
 31
0
 11
396.9361688018976
 21
69.89495444338809
 31
0
 11
396.348615799357
 21
68.95505502430842
 31
0
 11
395.6822317765325
 21
68.57551446659818
 31
0
 11
395.230810282794
 21
68.71873725957994
 31
0
 11
395.0373441892748
 21
69.69265242237316
 31
0
 11
395.4744349289226
 21
70.79546818410972
 31
0
 11
396.1766455325439
 21
71.66912713603733
 31
0
 11
396.9873423252793
 21
72.55299791604648
 31
0
 11
397.7468765541255
 21
73.31207903146742
 31
0
 11
398.0348396535153
 21
73.58328701934352
 31
0
 11
398.1424174224778
 21
73.73559791870412
 31
0
 11
398.1200058692921
 21
73.9013477225094
 31
0
 11
397.9676037762365
 21
73.91030708687231
 31
0
 11
397.8465787100461
 21
73.73559791870412
 31
0
 11
397.7658955355394
 21
73.52057090040671
 31
0
 11
397.6000467541166
 21
73.00988201614837
 31
0
 11
397.4745392555169
 21
72.55742971074551
 31
0
 11
397.3668658954259
 21
72.07220275739883
 31
0
 11
397.3310064361515
 21
71.74966251415117
 31
0
 11
397.3803125837931
 21
71.49431792992254
 31
0
 11
397.5103025148021
 21
71.44056117534819
 31
0
 11
397.6754608482011
 21
71.53937564615353
 31
0
 11
397.877859536922
 21
71.87061492774501
 31
0
 11
398.0526731831633
 21
72.28722977569669
 31
0
 11
398.187243573153
 21
73.82905439121168
 31
0
 11
398.1065603986463
 21
73.43931792054718
 31
0
 11
398.0314836133848
 21
72.93186179662644
 31
0
 11
398.1200076958742
 21
72.48065627096821
 31
0
 11
398.3037862069341
 21
72.4716969066053
 31
0
 11
398.5951424869563
 21
72.74944004383997
 31
0
 11
398.8685690373418
 21
73.28700730538549
 31
0
 11
399.0660627443335
 21
73.87833132150536
 31
0
 11
399.0747597104482
 21
74.11575689280926
 31
0
 11
399.0075232243087
 21
74.2367093064031
 31
0
 11
398.828227145658
 21
74.02616239658482
 31
0
 11
398.7744385656069
 21
73.76185844799375
 31
0
 11
398.7654737007883
 21
73.29148712966617
 31
0
 11
398.8371920104764
 21
72.95550741357647
 31
0
 11
398.9671819414857
 21
72.84799390442731
 31
0
 11
399.2726114275265
 21
73.10782968088506
 31
0
 11
399.49431830649
 21
73.5067790211624
 31
0
 11
399.7126667098801
 21
74.07587074052208
 31
0
 11
399.8530736384564
 21
74.49403106106365
 31
0
 11
399.8382618844194
 21
74.78864622317178
 31
0
 11
399.7440656557301
 21
74.82002630804072
 31
0
 11
399.6722968106046
 21
74.64519465022795
 31
0
 11
399.61846987233
 21
74.07587074052208
 31
0
 11
399.5637826138989
 21
73.47907137494258
 31
0
 11
399.5960424887662
 21
73.14343494798959
 31
0
 11
399.9887338890835
 21
73.62056792204794
 31
0
 11
400.1343076094861
 21
73.9369021180446
 31
0
 11
400.3618632042499
 21
74.54477133052023
 31
0
 11
400.3899834352774
 21
74.94554664751558
 31
0
 11
400.3137291134392
 21
75.05761813559047
 31
0
 11
400.2485694511176
 21
74.95061533152511
 31
0
 11
400.1701920320488
 21
74.5645029628231
 31
0
 11
400.2015909778988
 21
73.95931630198038
 31
0
 11
400.216288266126
 21
73.91403207937674
 31
0
 11
400.3361571058635
 21
73.8606933811061
 31
0
 11
400.4316610259539
 21
73.94949355460858
 31
0
 11
401.1778838748701
 21
75.16912008944882
 31
0
 11
401.4387745924823
 21
75.62315936045388
 31
0
 11
401.4558062525998
 21
75.69201502414398
 31
0
 11
401.403873479936
 21
75.68449768404025
 31
0
 11
401.375734983088
 21
75.65918808363767
 31
0
 11
401.3504100314942
 21
75.57482312789352
 31
0
 11
401.3363423052219
 21
75.34703899785836
 31
0
 11
401.3504100314942
 21
74.55681822967881
 31
0
 11
401.3474972419472
 21
74.11049580627241
 31
0
 11
401.2484690948118
 21
73.49418958666502
 31
0
 11
401.0594154147225
 21
73.11630846522758
 31
0
 11
400.7488276609047
 21
72.89137911124453
 31
0
 11
400.4067307574521
 21
72.85988904147462
 31
0
 11
400.2207067681627
 21
72.94617006492808
 31
0
 11
400.2851966837238
 21
73.25576448849415
 31
0
 11
400.6723060492232
 21
73.79109624297917
 31
0
 11
401.1621582209355
 21
74.3305977609516
 31
0
 11
401.970515770895
 21
75.00398273386554
 31
0
 11
402.4097978001705
 21
75.29362413433319
 31
0
 11
403.3189577173198
 21
75.79224622552329
 31
0
 11
405.0471077186805
 21
76.41832632299884
 31
0
 11
407.0920844693626
 21
76.95805065276045
 31
0
  0
ENDBLK
  5
3AA
330
34B
100
AcDbEntity
  8
0
100
AcDbBlockEnd
  0
BLOCK
  5
3AE
330
3AB
100
AcDbEntity
  8
0
100
AcDbBlockBegin
  2
QUANG
 70
     0
 10
0
 20
0
 30
0
  3
QUANG
  1

  0
SPLINE
  5
3AF
330
3AB
100
AcDbEntity
  8
A16 - Chu - Text
100
AcDbSpline
210
0
220
0
230
1
 70
     8
 71
     3
 72
     0
 73
     0
 74
     4
 42
1E-07
 43
1E-07
 44
1E-05
 12
0
 22
0
 32
0
 13
0
 23
0
 33
0
 11
-17395.6615193772
 21
-5255.669689892954
 31
0
 11
-17396.0593700219
 21
-5255.338693566345
 31
0
 11
-17395.52909125852
 21
-5255.129188876734
 31
0
 11
-17389.77543248303
 21
-5254.751159638793
 31
0
  0
SPLINE
  5
3B0
330
3AB
100
AcDbEntity
  8
A16 - Chu - Text
100
AcDbSpline
210
0
220
0
230
1
 70
     8
 71
     3
 72
     0
 73
     0
 74
     6
 42
1E-07
 43
1E-07
 44
1E-05
 12
0
 22
0
 32
0
 13
0
 23
0
 33
0
 11
-17393.05596272477
 21
-5253.832879796313
 31
0
 11
-17391.5069979728
 21
-5251.758181562403
 31
0
 11
-17392.23749196693
 21
-5251.707279224021
 31
0
 11
-17392.84484884073
 21
-5252.959776880175
 31
0
 11
-17391.93579328666
 21
-5253.74379680031
 31
0
 11
-17391.13476379842
 21
-5253.504169838291
 31
0
  0
SPLINE
  5
3B1
330
3AB
100
AcDbEntity
  8
A16 - Chu - Text
100
AcDbSpline
210
0
220
0
230
1
 70
     8
 71
     3
 72
     0
 73
     0
 74
     3
 42
1E-07
 43
1E-07
 44
1E-05
 12
0
 22
0
 32
0
 13
0
 23
0
 33
0
 11
-17389.43009078805
 21
-5246.652663042507
 31
0
 11
-17390.04582033785
 21
-5253.9934842897
 31
0
 11
-17390.1018476572
 21
-5254.276533946633
 31
0
  0
SPLINE
  5
3B2
330
3AB
100
AcDbEntity
  8
A16 - Chu - Text
100
AcDbSpline
210
0
220
0
230
1
 70
     8
 71
     3
 72
     0
 73
     0
 74
     3
 42
1E-07
 43
1E-07
 44
1E-05
 12
0
 22
0
 32
0
 13
0
 23
0
 33
0
 11
-17388.21640634869
 21
-5246.568569599314
 31
0
 11
-17388.83213589849
 21
-5253.90939084651
 31
0
 11
-17388.88816321784
 21
-5254.19244050344
 31
0
  0
SPLINE
  5
3B3
330
3AB
100
AcDbEntity
  8
A16 - Chu - Text
100
AcDbSpline
210
0
220
0
230
1
 70
     8
 71
     3
 72
     0
 73
     0
 74
    18
 42
1E-07
 43
1E-07
 44
1E-05
 12
0
 22
0
 32
0
 13
0
 23
0
 33
0
 11
-17391.52533213841
 21
-5249.969132151284
 31
0
 11
-17386.22939201267
 21
-5249.417377627316
 31
0
 11
-17385.98354600286
 21
-5249.297903164623
 31
0
 11
-17387.28864090864
 21
-5248.941110681498
 31
0
 11
-17387.55343223041
 21
-5250.681639825003
 31
0
 11
-17386.31766719612
 21
-5253.978776363558
 31
0
 11
-17384.58453414376
 21
-5248.753245984327
 31
0
 11
-17385.50835055491
 21
-5249.576909169556
 31
0
 11
-17384.82384032516
 21
-5253.893546611591
 31
0
 11
-17382.561813171
 21
-5248.676315015675
 31
0
 11
-17383.38349623713
 21
-5249.238198102741
 31
0
 11
-17383.14658138816
 21
-5253.765732906405
 31
0
 11
-17380.69699789297
 21
-5248.470285794544
 31
0
 11
-17381.70676724264
 21
-5249.556272098715
 31
0
 11
-17382.02190783306
 21
-5252.280878088547
 31
0
 11
-17378.22937091448
 21
-5253.785947062705
 31
0
 11
-17373.43788421565
 21
-5252.912139203734
 31
0
 11
-17371.9619575896
 21
-5252.677863429005
 31
0
  0
SPLINE
  5
3B4
330
3AB
100
AcDbEntity
  8
A16 - Chu - Text
100
AcDbSpline
210
0
220
0
230
1
 70
     8
 71
     3
 72
     0
 73
     0
 74
     3
 42
1E-07
 43
1E-07
 44
1E-05
 12
0
 22
0
 32
0
 13
0
 23
0
 33
0
 11
-17395.16759713249
 21
-5256.457978106954
 31
0
 11
-17394.09046653681
 21
-5243.397617069617
 31
0
 11
-17394.07477585991
 21
-5242.748609480236
 31
0
  0
ENDBLK
  5
3B5
330
3AB
100
AcDbEntity
  8
0
100
AcDbBlockEnd
  0
ENDSEC
  0
SECTION
  2
ENTITIES
  0
INSERT
  5
411
330
1F
100
AcDbEntity
  8
0
 62
   250
100
AcDbBlockReference
 66
     1
  2
A3-1-1-ISO3TGROUP
 10
0
 20
-8.728095975268927E-15
 30
0
  0
ATTRIB
  5
412
330
411
100
AcDbEntity
  8
0
100
AcDbText
 10
383.9999999999999
 20
279.9999999999999
 30
0
 40
0.9999999999999991
  1

  7
3T_SegoeUI
 11
0
 21
0
 31
0
100
AcDbAttribute
  2
DD/MM/YYYY
 70
     0
280
     0
  0
ATTRIB
  5
413
330
411
100
AcDbEntity
  8
0
100
AcDbText
 10
383.9999999999999
 20
282.9999999999999
 30
0
 40
0.9999999999999991
  1

  7
3T_SegoeUI
 11
0
 21
0
 31
0
100
AcDbAttribute
  2
...........HDTV
 70
     0
280
     0
  0
ATTRIB
  5
414
330
411
100
AcDbEntity
  8
0
100
AcDbText
 10
389.9999999999998
 20
8.999999999999988
 30
0
 40
1.499999999999999
  1
              5/2026
  7
3T_SegoeUI
 11
0
 21
0
 31
0
100
AcDbAttribute
  2
XX/YY/ZZZZ
 70
     0
280
     0
  0
ATTRIB
  5
415
330
411
100
AcDbEntity
  8
0
100
AcDbText
 10
385.9316596931658
 20
14.99999999999999
 30
0
 40
2.499999999999998
  1
NO.
  7
3T_SegoeUI
 72
     1
 11
388.9999999999999
 21
14.99999999999999
 31
0
100
AcDbAttribute
  2
KHBV
 70
     0
280
     0
  0
ATTRIB
  5
416
102
{ACAD_XDICTIONARY
360
417
102
}
330
411
100
AcDbEntity
  8
0
100
AcDbText
 10
380.3450139470013
 20
32.3018588999105
 30
0
 40
2.499999999999998
  1
TENBANVE
  7
3T_SegoeUI
 11
0
 21
0
 31
0
100
AcDbAttribute
  2
TENBANVE1_001
 70
     0
280
     0
  0
ATTRIB
  5
418
102
{ACAD_XDICTIONARY
360
419
102
}
330
411
100
AcDbEntity
  8
0
100
AcDbText
 10
385.1703103464186
 20
60.1575311521443
 30
0
 40
1.499999999999999
  1

  7
3T_SegoeUI
 11
385.1703103464186
 21
60.9075311521443
 31
0
100
AcDbAttribute
  2
KIENTRUC1-ARCHITECTURE
 70
     0
 74
     2
280
     0
  0
ATTRIB
  5
41A
102
{ACAD_XDICTIONARY
360
41B
102
}
330
411
100
AcDbEntity
  8
0
100
AcDbText
 10
365.8033472803346
 20
64.92740562913174
 30
0
 40
1.499999999999999
  1
KTS. TÔ XUÂN SANG
  7
3T_SegoeUI
 11
0
 21
0
 31
0
100
AcDbAttribute
  2
VE2_001
 70
     0
280
     0
  0
ATTRIB
  5
41C
102
{ACAD_XDICTIONARY
360
41D
102
}
330
411
100
AcDbEntity
  8
0
100
AcDbText
 10
365.8033472803346
 20
79.92688261657943
 30
0
 40
1.499999999999999
  1
KTS. LÊ THANH LONG
  7
3T_SegoeUI
 11
0
 21
0
 31
0
100
AcDbAttribute
  2
VE1_001
 70
     0
280
     0
  0
ATTRIB
  5
41E
102
{ACAD_XDICTIONARY
360
41F
102
}
330
411
100
AcDbEntity
  8
0
100
AcDbText
 10
365.8033472803346
 20
95.04508345339951
 30
0
 40
1.499999999999999
  1
KTS. LÊ TRỌNG HIẾU
  7
3T_SegoeUI
 11
0
 21
0
 31
0
100
AcDbAttribute
  2
THIETKE_001
 70
     0
280
     0
  0
ATTRIB
  5
420
102
{ACAD_XDICTIONARY
360
421
102
}
330
411
100
AcDbEntity
  8
0
100
AcDbText
 10
365.8033472803346
 20
110.0450834533995
 30
0
 40
1.499999999999999
  1
KTS. LÊ TRỌNG HIẾU
  7
3T_SegoeUI
 11
0
 21
0
 31
0
100
AcDbAttribute
  2
CHUTRIBOMON_001
 70
     0
280
     0
  0
ATTRIB
  5
422
102
{ACAD_XDICTIONARY
360
423
102
}
330
411
100
AcDbEntity
  8
0
100
AcDbText
 10
365.9999999999999
 20
125.1575311521443
 30
0
 40
1.499999999999999
  1

  7
3T_SegoeUI
 11
365.9999999999999
 21
125.9075311521443
 31
0
100
AcDbAttribute
  2
CHUNHIEM
 70
     0
 74
     2
280
     0
  0
SEQEND
  5
424
330
411
100
AcDbEntity
  8
0
 62
   250
  0
ENDSEC
  0
SECTION
  2
OBJECTS
  0
DICTIONARY
  5
C
330
0
100
AcDbDictionary
281
     1
  3
ACAD_CIP_PREVIOUS_PRODUCT_INFO
350
216
  3
ACAD_COLOR
350
6B
  3
ACAD_DETAILVIEWSTYLE
350
21B
  3
ACAD_GROUP
350
D
  3
ACAD_LAST_SAVED_VERSION_INFO
350
42E
  3
ACAD_LAYOUT
350
1A
  3
ACAD_MATERIAL
350
6A
  3
ACAD_MLEADERSTYLE
350
12D
  3
ACAD_MLINESTYLE
350
17
  3
ACAD_PLOTSETTINGS
350
19
  3
ACAD_PLOTSTYLENAME
350
E
  3
ACAD_SCALELIST
350
10C
  3
ACAD_SECTIONVIEWSTYLE
350
219
  3
ACAD_TABLESTYLE
350
7E
  3
ACAD_VISUALSTYLE
350
EF
  3
ACDB_RECOMPOSE_DATA
350
522
  3
ACDBVARIABLEDICTIONARY
350
3D1
  3
AcDsDecomposeData
350
528
  3
AEC_PROPERTY_SET_DEFS
350
409
  0
DICTIONARY
  5
D
102
{ACAD_REACTORS
330
C
102
}
330
C
100
AcDbDictionary
281
     1
  0
ACDBDICTIONARYWDFLT
  5
E
102
{ACAD_REACTORS
330
C
102
}
330
C
100
AcDbDictionary
281
     1
  3
Normal
350
F
100
AcDbDictionaryWithDefault
340
F
  0
ACDBPLACEHOLDER
  5
F
102
{ACAD_REACTORS
330
E
102
}
330
E
  0
DICTIONARY
  5
17
102
{ACAD_REACTORS
330
C
102
}
330
C
100
AcDbDictionary
281
     1
  3
MLST1
350
3D0
  3
Standard
350
18
  0
MLINESTYLE
  5
18
102
{ACAD_REACTORS
330
17
102
}
330
17
100
AcDbMlineStyle
  2
STANDARD
 70
     0
  3

 62
     0
 51
90
 52
90
 71
     2
 49
0.5
 62
     0
  6
BYLAYER
 49
-0.5
 62
     0
  6
BYLAYER
  0
DICTIONARY
  5
19
102
{ACAD_REACTORS
330
C
102
}
330
C
100
AcDbDictionary
281
     1
  0
DICTIONARY
  5
1A
102
{ACAD_REACTORS
330
C
102
}
330
C
100
AcDbDictionary
281
     1
  3
Layout1
350
D3
  3
Layout2
350
D7
  3
Model
350
22
  0
LAYOUT
  5
22
102
{ACAD_XDICTIONARY
360
205
102
}
102
{ACAD_REACTORS
330
1A
102
}
330
1A
100
AcDbPlotSettings
  1

  2
none_device
  4
ISO_A4_(210.00_x_297.00_MM)
  6

 40
7.5
 41
20
 42
7.5
 43
20
 44
210
 45
297
 46
11.54999923706055
 47
-13.65000009536743
 48
0
 49
0
140
0
141
0
142
1
143
8.704084754739808
 70
 11952
 72
     1
 73
     0
 74
     0
  7

 75
     0
147
0.1148885871608098
148
0
149
0
 76
     0
 77
     2
 78
   300
333
0
100
AcDbLayout
  1
Model
 70
     1
 71
     0
 10
0
 20
0
 11
12
 21
9
 12
0
 22
0
 32
0
 14
0
 24
0
 34
0
 15
0
 25
0
 35
0
146
0
 13
0
 23
0
 33
0
 16
1
 26
0
 36
0
 17
0
 27
1
 37
0
 76
     0
330
1F
331
EA
1001
ACAD_PSEXT
1000
None
1000
None
1000
Not applicable
1000
The layout will not be plotted unless a new plotter configuration name is selected.
1070
     0
  0
DICTIONARY
  5
6A
102
{ACAD_REACTORS
330
C
102
}
330
C
100
AcDbDictionary
281
     1
  3
ByBlock
350
ED
  3
ByLayer
350
EC
  3
Global
350
EE
  0
DICTIONARY
  5
6B
102
{ACAD_REACTORS
330
C
102
}
330
C
100
AcDbDictionary
281
     1
  0
DICTIONARY
  5
7E
102
{ACAD_REACTORS
330
C
102
}
330
C
100
AcDbDictionary
281
     1
  3
Standard
350
7F
  0
TABLESTYLE
  5
7F
102
{ACAD_XDICTIONARY
360
162
102
}
102
{ACAD_REACTORS
330
7E
102
}
330
7E
100
AcDbTableStyle
  3
Standard
 70
     0
 71
     0
 40
1.5
 41
1.5
280
     0
281
     0
  7
Standard
140
4.5
170
     2
 62
     0
 63
     7
283
     0
274
    -2
284
     1
 64
     0
275
    -2
285
     1
 65
     0
276
    -2
286
     1
 66
     0
277
    -2
287
     1
 67
     0
278
    -2
288
     1
 68
     0
279
    -2
289
     1
 69
     0
  7
Standard
140
2.716154614965165E-312
170
     0
 62
   256
420
3254779909
 63
   256
421
3263168705
283
     0
274
-32671
284
     0
 64
   256
422
3254780160
275
     0
285
     0
 65
   256
423
3271556353
276
 12288
286
     0
 66
   256
424
3271556353
277
 12288
287
     0
 67
   256
425
3271556353
278
 12288
288
     0
 68
   256
426
3271556353
279
 12288
289
     0
 69
   256
427
3271556353
  7
Standard
140
3.815343303923948E-270
170
     0
 62
   256
420
3264218112
 63
   256
421
3255308300
283
     0
274
  6150
284
     0
 64
   256
422
3254780160
275
     0
285
     0
 65
   256
423
3271089951
276
  1027
286
     0
 66
   256
424
3254780160
277
     0
287
     0
 67
   256
425
3271089951
278
  1027
288
     0
 68
   256
426
3254780160
279
     0
289
     0
 69
   256
427
3271089951
  0
LAYOUT
  5
D3
102
{ACAD_REACTORS
330
1A
102
}
330
1A
100
AcDbPlotSettings
  1

  2
C:\Documents and Settings\basas\Application Data\Autodesk\AutoCAD 2005\R16.1\enu\plotters\Default Windows System Printer.pc3
  4

  6

 40
0
 41
0
 42
0
 43
0
 44
0
 45
0
 46
0
 47
0
 48
0
 49
0
140
0
141
0
142
1
143
1
 70
   688
 72
     0
 73
     0
 74
     5
  7

 75
    16
147
1
148
0
149
0
 76
     0
 77
     2
 78
   300
333
0
100
AcDbLayout
  1
Layout1
 70
     1
 71
     1
 10
0
 20
0
 11
12
 21
9
 12
0
 22
0
 32
0
 14
0
 24
0
 34
0
 15
0
 25
0
 35
0
146
0
 13
0
 23
0
 33
0
 16
1
 26
0
 36
0
 17
0
 27
1
 37
0
 76
     0
330
D2
  0
LAYOUT
  5
D7
102
{ACAD_REACTORS
330
1A
102
}
330
1A
100
AcDbPlotSettings
  1

  2
C:\Documents and Settings\basas\Application Data\Autodesk\AutoCAD 2005\R16.1\enu\plotters\Default Windows System Printer.pc3
  4

  6

 40
0
 41
0
 42
0
 43
0
 44
0
 45
0
 46
0
 47
0
 48
0
 49
0
140
0
141
0
142
1
143
1
 70
   688
 72
     0
 73
     0
 74
     5
  7

 75
    16
147
1
148
0
149
0
 76
     0
 77
     2
 78
   300
333
0
100
AcDbLayout
  1
Layout2
 70
     1
 71
     2
 10
0
 20
0
 11
12
 21
9
 12
0
 22
0
 32
0
 14
0
 24
0
 34
0
 15
0
 25
0
 35
0
146
0
 13
0
 23
0
 33
0
 16
1
 26
0
 36
0
 17
0
 27
1
 37
0
 76
     0
330
D6
  0
MATERIAL
  5
EC
102
{ACAD_XDICTIONARY
360
1F7
102
}
102
{ACAD_REACTORS
330
6A
102
}
330
6A
100
AcDbMaterial
  1
ByLayer
  2

 70
     0
 40
1
 71
     0
 41
1
 42
1
 73
     2
 74
     1
 75
     1
 43
1
 43
0
 43
0
 43
0
 43
0
 43
1
 43
0
 43
0
 43
0
 43
0
 43
1
 43
0
 43
0
 43
0
 43
0
 43
1
 72
     1
  3

277
     0
278
     0
460
0
279
     0
461
0
 76
     0
 45
1
 44
0.5
 46
1
 78
     2
 79
     1
170
     1
 47
1
 47
0
 47
0
 47
0
 47
0
 47
1
 47
0
 47
0
 47
0
 47
0
 47
1
 47
0
 47
0
 47
0
 47
0
 47
1
 77
     1
  4

 48
1
172
     2
173
     1
174
     1
 49
1
 49
0
 49
0
 49
0
 49
0
 49
1
 49
0
 49
0
 49
0
 49
0
 49
1
 49
0
 49
0
 49
0
 49
0
 49
1
171
     1
  6

140
1
141
1
176
     2
177
     1
178
     1
142
1
142
0
142
0
142
0
142
0
142
1
142
0
142
0
142
0
142
0
142
1
142
0
142
0
142
0
142
0
142
1
175
     1
  7

143
1
270
     2
271
     1
272
     1
144
1
144
0
144
0
144
0
144
0
144
1
144
0
144
0
144
0
144
0
144
1
144
0
144
0
144
0
144
0
144
1
179
     1
  8

145
1
146
1
274
     2
275
     1
276
     1
147
1
147
0
147
0
147
0
147
0
147
1
147
0
147
0
147
0
147
0
147
1
147
0
147
0
147
0
147
0
147
1
273
     0
 94
       63
  0
MATERIAL
  5
ED
102
{ACAD_XDICTIONARY
360
1F9
102
}
102
{ACAD_REACTORS
330
6A
102
}
330
6A
100
AcDbMaterial
  1
ByBlock
  2

 70
     0
 40
1
 71
     0
 41
1
 42
1
 73
     2
 74
     1
 75
     1
 43
1
 43
0
 43
0
 43
0
 43
0
 43
1
 43
0
 43
0
 43
0
 43
0
 43
1
 43
0
 43
0
 43
0
 43
0
 43
1
 72
     1
  3

277
     0
278
     0
460
0
279
     0
461
0
 76
     0
 45
1
 44
0.5
 46
1
 78
     2
 79
     1
170
     1
 47
1
 47
0
 47
0
 47
0
 47
0
 47
1
 47
0
 47
0
 47
0
 47
0
 47
1
 47
0
 47
0
 47
0
 47
0
 47
1
 77
     1
  4

 48
1
172
     2
173
     1
174
     1
 49
1
 49
0
 49
0
 49
0
 49
0
 49
1
 49
0
 49
0
 49
0
 49
0
 49
1
 49
0
 49
0
 49
0
 49
0
 49
1
171
     1
  6

140
1
141
1
176
     2
177
     1
178
     1
142
1
142
0
142
0
142
0
142
0
142
1
142
0
142
0
142
0
142
0
142
1
142
0
142
0
142
0
142
0
142
1
175
     1
  7

143
1
270
     2
271
     1
272
     1
144
1
144
0
144
0
144
0
144
0
144
1
144
0
144
0
144
0
144
0
144
1
144
0
144
0
144
0
144
0
144
1
179
     1
  8

145
1
146
1
274
     2
275
     1
276
     1
147
1
147
0
147
0
147
0
147
0
147
1
147
0
147
0
147
0
147
0
147
1
147
0
147
0
147
0
147
0
147
1
273
     0
 94
       63
  0
MATERIAL
  5
EE
102
{ACAD_XDICTIONARY
360
173
102
}
102
{ACAD_REACTORS
330
6A
102
}
330
6A
100
AcDbMaterial
  1
Global
  2

 70
     0
 40
1
 71
     0
 41
1
 42
1
 73
     2
 74
     1
 75
     1
 43
0.0007999999797903001
 43
0
 43
0
 43
0
 43
0
 43
0.0007999999797903001
 43
0
 43
0
 43
0
 43
0
 43
1
 43
0
 43
0
 43
0
 43
0
 43
1
 72
     1
  3

277
     0
278
     0
460
0
279
     0
461
0
 76
     0
 45
1
 44
0.5
 46
1
 78
     2
 79
     1
170
     1
 47
1
 47
0
 47
0
 47
0
 47
0
 47
1
 47
0
 47
0
 47
0
 47
0
 47
1
 47
0
 47
0
 47
0
 47
0
 47
1
 77
     1
  4

 48
1
172
     2
173
     1
174
     1
 49
0.0007999999797903001
 49
0
 49
0
 49
0
 49
0
 49
0.0007999999797903001
 49
0
 49
0
 49
0
 49
0
 49
1
 49
0
 49
0
 49
0
 49
0
 49
1
171
     1
  6

140
1
141
1
176
     2
177
     1
178
     1
142
0.0007999999797903001
142
0
142
0
142
0
142
0
142
0.0007999999797903001
142
0
142
0
142
0
142
0
142
1
142
0
142
0
142
0
142
0
142
1
175
     1
  7

143
1
270
     2
271
     1
272
     1
144
0.0007999999797903001
144
0
144
0
144
0
144
0
144
0.0007999999797903001
144
0
144
0
144
0
144
0
144
1
144
0
144
0
144
0
144
0
144
1
179
     1
  8

145
1
146
1
274
     2
275
     1
276
     1
147
1
147
0
147
0
147
0
147
0
147
1
147
0
147
0
147
0
147
0
147
1
147
0
147
0
147
0
147
0
147
1
273
     0
 94
       63
1001
ACAD
1070
 65535
1070
     3
1070
     0
1000

1071
        0
1070
     0
  0
DICTIONARY
  5
EF
102
{ACAD_REACTORS
330
C
102
}
330
C
100
AcDbDictionary
281
     1
  3
2dWireframe
350
F5
  3
Basic
350
F4
  3
Brighten
350
FB
  3
ColorChange
350
FF
  3
Conceptual
350
F8
  3
Dim
350
FA
  3
EdgeColorOff
350
1E6
  3
Facepattern
350
FE
  3
Flat
350
F0
  3
FlatWithEdges
350
F1
  3
Gouraud
350
F2
  3
GouraudWithEdges
350
F3
  3
Hidden
350
F7
  3
JitterOff
350
1E4
  3
Linepattern
350
FD
  3
OverhangOff
350
1E5
  3
Realistic
350
F9
  3
Shaded
350
1F3
  3
Shaded with edges
350
1F2
  3
Shades of Gray
350
1EF
  3
Sketchy
350
1F0
  3
Thicken
350
FC
  3
Wireframe
350
F6
  3
X-Ray
350
1F1
  0
VISUALSTYLE
  5
F0
102
{ACAD_XDICTIONARY
360
52B
102
}
102
{ACAD_REACTORS
330
EF
102
}
330
EF
100
AcDbVisualStyle
  2
Flat
 70
     0
 71
     2
 72
     1
 73
     1
 90
        2
 40
-0.6
 41
30
 62
     5
 63
     7
421
3271557119
 74
     0
 91
        0
 64
     7
 65
   257
 75
     1
175
     1
 42
1
 92
        8
 66
     7
 43
1
 76
     1
 77
     6
 78
     2
 67
     7
 79
     5
170
     0
171
     0
290
     0
174
     0
 93
       13
 44
0
173
     0
291
     1
 45
0
1001
ACAD
1000
AcDbSavedByObjectVersion
1070
     0
  0
VISUALSTYLE
  5
F1
102
{ACAD_XDICTIONARY
360
52D
102
}
102
{ACAD_REACTORS
330
EF
102
}
330
EF
100
AcDbVisualStyle
  2
FlatWithEdges
 70
     1
 71
     2
 72
     1
 73
     1
 90
        2
 40
-0.6
 41
30
 62
     5
 63
     7
421
3271557119
 74
     1
 91
        0
 64
     7
 65
   257
 75
     1
175
     1
 42
1
 92
        0
 66
   257
 43
1
 76
     1
 77
     6
 78
     2
 67
     7
 79
     5
170
     0
171
     0
290
     0
174
     0
 93
       13
 44
0
173
     0
291
     1
 45
0
1001
ACAD
1000
AcDbSavedByObjectVersion
1070
     0
  0
VISUALSTYLE
  5
F2
102
{ACAD_XDICTIONARY
360
52F
102
}
102
{ACAD_REACTORS
330
EF
102
}
330
EF
100
AcDbVisualStyle
  2
Gouraud
 70
     2
 71
     2
 72
     2
 73
     1
 90
        2
 40
-0.6
 41
30
 62
     5
 63
     7
421
3271557119
 74
     0
 91
        0
 64
     7
 65
   257
 75
     1
175
     1
 42
1
 92
        0
 66
     7
 43
1
 76
     1
 77
     6
 78
     2
 67
     7
 79
     5
170
     0
171
     0
290
     0
174
     0
 93
       13
 44
0
173
     0
291
     1
 45
0
1001
ACAD
1000
AcDbSavedByObjectVersion
1070
     0
  0
VISUALSTYLE
  5
F3
102
{ACAD_XDICTIONARY
360
531
102
}
102
{ACAD_REACTORS
330
EF
102
}
330
EF
100
AcDbVisualStyle
  2
GouraudWithEdges
 70
     3
 71
     2
 72
     2
 73
     1
 90
        2
 40
-0.6
 41
30
 62
     5
 63
     7
421
3271557119
 74
     1
 91
        0
 64
     7
 65
   257
 75
     1
175
     1
 42
1
 92
        0
 66
   257
 43
1
 76
     1
 77
     6
 78
     2
 67
     7
 79
     5
170
     0
171
     0
290
     0
174
     0
 93
       13
 44
0
173
     0
291
     1
 45
0
1001
ACAD
1000
AcDbSavedByObjectVersion
1070
     0
  0
VISUALSTYLE
  5
F4
102
{ACAD_XDICTIONARY
360
533
102
}
102
{ACAD_REACTORS
330
EF
102
}
330
EF
100
AcDbVisualStyle
  2
Basic
 70
     7
 71
     1
 72
     0
 73
     1
 90
        0
 40
-0.6
 41
-30
 62
     5
 63
     7
421
3271557119
 74
     0
 91
        4
 64
     7
 65
   257
 75
     1
175
     1
 42
1
 92
        8
 66
     7
 43
1
 76
     1
 77
     6
 78
     2
 67
     7
 79
     5
170
     0
171
     0
290
     0
174
     0
 93
        1
 44
0
173
     0
291
     1
 45
0
1001
ACAD
1000
AcDbSavedByObjectVersion
1070
     0
  0
VISUALSTYLE
  5
F5
102
{ACAD_XDICTIONARY
360
535
102
}
102
{ACAD_REACTORS
330
EF
102
}
330
EF
100
AcDbVisualStyle
  2
2dWireframe
 70
     4
 71
     0
 72
     2
 73
     1
 90
        0
 40
-0.6
 41
-30
 62
     5
 63
     7
421
3271557119
 74
     1
 91
        4
 64
     7
 65
   257
 75
     1
175
     1
 42
1
 92
        0
 66
   257
 43
1
 76
     1
 77
     6
 78
     2
 67
     7
 79
     5
170
     0
171
     0
290
     0
174
     0
 93
        1
 44
0
173
     0
291
     0
 45
0
1001
ACAD
1000
AcDbSavedByObjectVersion
1070
     0
  0
VISUALSTYLE
  5
F6
102
{ACAD_XDICTIONARY
360
537
102
}
102
{ACAD_REACTORS
330
EF
102
}
330
EF
100
AcDbVisualStyle
  2
Wireframe
 70
     5
 71
     0
 72
     2
 73
     0
 90
        0
 40
-0.6
 41
-30
 62
     5
 63
     7
421
3271557119
 74
     1
 91
        4
 64
     7
 65
   257
 75
     1
175
     1
 42
1
 92
        0
 66
   257
 43
1
 76
     1
 77
     6
 78
     2
 67
     7
 79
     3
170
     0
171
     0
290
     0
174
     0
 93
        1
 44
0
173
     0
291
     0
 45
0
1001
ACAD
1000
AcDbSavedByObjectVersion
1070
     0
  0
VISUALSTYLE
  5
F7
102
{ACAD_XDICTIONARY
360
539
102
}
102
{ACAD_REACTORS
330
EF
102
}
330
EF
100
AcDbVisualStyle
  2
Hidden
 70
     6
 71
     1
 72
     2
 73
     2
 90
        0
 40
-0.6
 41
-30
 62
     5
 63
     7
421
3271557119
 74
     2
 91
        2
 64
     7
 65
   257
 75
     2
175
     1
 42
40
 92
        0
 66
   257
 43
1
 76
     1
 77
     6
 78
     2
 67
     7
 79
     3
170
     0
171
     0
290
     0
174
     0
 93
        1
 44
0
173
     0
291
     0
 45
0
1001
ACAD
1000
AcDbSavedByObjectVersion
1070
     0
  0
VISUALSTYLE
  5
F8
102
{ACAD_XDICTIONARY
360
53B
102
}
102
{ACAD_REACTORS
330
EF
102
}
330
EF
100
AcDbVisualStyle
  2
Conceptual
 70
     9
 71
     3
 72
     2
 73
     1
 90
        0
 40
-0.6
 41
-30
 62
     5
 63
     7
421
3271557119
 74
     2
 91
        2
 64
     7
 65
   257
 75
     1
175
     1
 42
40
 92
        8
 66
     7
 43
1
 76
     1
 77
     6
 78
     2
 67
     7
 79
     3
170
     0
171
     0
290
     0
174
     0
 93
        1
 44
0
173
     0
291
     0
 45
0
1001
ACAD
1000
AcDbSavedByObjectVersion
1070
     0
  0
VISUALSTYLE
  5
F9
102
{ACAD_XDICTIONARY
360
53D
102
}
102
{ACAD_REACTORS
330
EF
102
}
330
EF
100
AcDbVisualStyle
  2
Realistic
 70
     8
 71
     2
 72
     2
 73
     0
 90
        2
 40
-0.6
 41
30
 62
     5
 63
     7
421
3271557119
 74
     0
 91
        0
 64
     7
 65
   257
 75
     1
175
     1
 42
1
 92
        8
 66
   257
 43
1
 76
     1
 77
     6
 78
     2
 67
     7
 79
     3
170
     0
171
     0
290
     0
174
     0
 93
       13
 44
0
173
     0
291
     0
 45
0
1001
ACAD
1000
AcDbSavedByObjectVersion
1070
     0
  0
VISUALSTYLE
  5
FA
102
{ACAD_XDICTIONARY
360
53F
102
}
102
{ACAD_REACTORS
330
EF
102
}
330
EF
100
AcDbVisualStyle
  2
Dim
 70
    11
 71
     2
 72
     2
 73
     1
 90
        0
 40
-0.6
 41
-30
 62
     5
 63
     7
421
3271557119
 74
     1
 91
        4
 64
     7
 65
   257
 75
     1
175
     1
 42
1
 92
        8
 66
     7
 43
1
 76
     1
 77
     6
 78
     2
 67
     7
 79
     5
170
     0
171
     0
290
     0
174
     0
 93
        1
 44
-50
173
     0
291
     1
 45
0
1001
ACAD
1000
AcDbSavedByObjectVersion
1070
     0
  0
VISUALSTYLE
  5
FB
102
{ACAD_XDICTIONARY
360
541
102
}
102
{ACAD_REACTORS
330
EF
102
}
330
EF
100
AcDbVisualStyle
  2
Brighten
 70
    12
 71
     2
 72
     2
 73
     1
 90
        0
 40
-0.6
 41
-30
 62
     5
 63
     7
421
3271557119
 74
     1
 91
        4
 64
     7
 65
   257
 75
     1
175
     1
 42
1
 92
        8
 66
     7
 43
1
 76
     1
 77
     6
 78
     2
 67
     7
 79
     5
170
     0
171
     0
290
     0
174
     0
 93
        1
 44
50
173
     0
291
     1
 45
0
1001
ACAD
1000
AcDbSavedByObjectVersion
1070
     0
  0
VISUALSTYLE
  5
FC
102
{ACAD_XDICTIONARY
360
543
102
}
102
{ACAD_REACTORS
330
EF
102
}
330
EF
100
AcDbVisualStyle
  2
Thicken
 70
    13
 71
     2
 72
     2
 73
     1
 90
        0
 40
-0.6
 41
-30
 62
     5
 63
     7
421
3271557119
 74
     1
 91
        4
 64
     7
 65
   257
 75
     1
175
     1
 42
1
 92
       12
 66
     7
 43
1
 76
     1
 77
     6
 78
     2
 67
     7
 79
     5
170
     0
171
     0
290
     0
174
     0
 93
        1
 44
0
173
     0
291
     1
 45
0
1001
ACAD
1000
AcDbSavedByObjectVersion
1070
     0
  0
VISUALSTYLE
  5
FD
102
{ACAD_XDICTIONARY
360
545
102
}
102
{ACAD_REACTORS
330
EF
102
}
330
EF
100
AcDbVisualStyle
  2
Linepattern
 70
    14
 71
     2
 72
     2
 73
     1
 90
        0
 40
-0.6
 41
-30
 62
     5
 63
     7
421
3271557119
 74
     1
 91
        4
 64
     7
 65
   257
 75
     7
175
     7
 42
1
 92
        8
 66
     7
 43
1
 76
     1
 77
     6
 78
     2
 67
     7
 79
     5
170
     0
171
     0
290
     0
174
     0
 93
        1
 44
0
173
     0
291
     1
 45
0
1001
ACAD
1000
AcDbSavedByObjectVersion
1070
     0
  0
VISUALSTYLE
  5
FE
102
{ACAD_XDICTIONARY
360
547
102
}
102
{ACAD_REACTORS
330
EF
102
}
330
EF
100
AcDbVisualStyle
  2
Facepattern
 70
    15
 71
     2
 72
     2
 73
     1
 90
        0
 40
-0.6
 41
-30
 62
     5
 63
     7
421
3271557119
 74
     1
 91
        4
 64
     7
 65
   257
 75
     1
175
     1
 42
1
 92
        8
 66
     7
 43
1
 76
     1
 77
     6
 78
     2
 67
     7
 79
     5
170
     0
171
     0
290
     0
174
     0
 93
        1
 44
0
173
     0
291
     1
 45
0
1001
ACAD
1000
AcDbSavedByObjectVersion
1070
     0
  0
VISUALSTYLE
  5
FF
102
{ACAD_XDICTIONARY
360
549
102
}
102
{ACAD_REACTORS
330
EF
102
}
330
EF
100
AcDbVisualStyle
  2
ColorChange
 70
    16
 71
     2
 72
     2
 73
     3
 90
        0
 40
-0.6
 41
-30
 62
     5
 63
     9
421
3263201408
 74
     1
 91
        4
 64
     7
 65
   257
 75
     1
175
     1
 42
1
 92
        8
 66
     9
424
3263201408
 43
1
 76
     1
 77
     6
 78
     2
 67
     7
 79
     5
170
     0
171
     0
290
     0
174
     0
 93
        1
 44
0
173
     0
291
     1
 45
0
1001
ACAD
1000
AcDbSavedByObjectVersion
1070
     0
  0
DICTIONARY
  5
10C
102
{ACAD_REACTORS
330
C
102
}
330
C
100
AcDbDictionary
281
     1
  3
A0
350
10D
  3
A1
350
1BE
  3
A2
350
1BF
  3
A3
350
1C0
  3
A4
350
1C1
  3
A5
350
1C2
  3
A6
350
1C3
  3
A7
350
1C4
  3
A8
350
1C5
  3
A9
350
1C6
  3
B0
350
1C7
  3
B1
350
1C8
  3
B2
350
1C9
  3
B3
350
1CA
  3
B4
350
1CB
  3
B5
350
1CC
  3
B6
350
1CD
  0
SCALE
  5
10D
102
{ACAD_REACTORS
330
10C
102
}
330
10C
100
AcDbScale
 70
     0
300
1:1
140
1
141
1
290
     1
  0
DICTIONARY
  5
12D
102
{ACAD_REACTORS
330
C
102
}
330
C
100
AcDbDictionary
281
     1
  3
Annotative
350
13B
  3
Standard
350
12E
  0
MLEADERSTYLE
  5
12E
102
{ACAD_REACTORS
330
12D
102
}
330
12D
100
AcDbMLeaderStyle
170
     2
171
     1
172
     0
 90
        2
 40
0
 41
0
173
     1
 91
-1056964608
340
14
 92
       -2
290
     1
 42
2
291
     1
 43
8
  3
Standard
341
0
 44
4
300

342
11
174
     1
178
     1
175
     1
176
     0
 93
-1056964608
 45
4
292
     0
297
     0
 46
4
343
0
 94
-1056964608
 47
1
 49
1
140
1
293
     1
141
0
294
     1
177
     0
142
1
295
     0
296
     0
143
3.75
1001
ACAD_MLEADERVER
1070
     2
  0
MLEADERSTYLE
  5
13B
102
{ACAD_REACTORS
330
12D
102
}
330
12D
100
AcDbMLeaderStyle
170
     2
171
     1
172
     0
 90
        2
 40
0
 41
0
173
     1
 91
-1056964608
340
14
 92
       -2
290
     1
 42
2
291
     1
 43
8
  3
Standard
341
0
 44
4
300

342
11
174
     1
178
     1
175
     1
176
     0
 93
-1056964608
 45
4
292
     0
297
     0
 46
4
343
0
 94
-1056964608
 47
1
 49
1
140
1
293
     1
141
0
294
     1
177
     0
142
1
295
     1
296
     0
143
3.75
1001
ACAD_MLEADERVER
1070
     2
  0
DICTIONARY
  5
13C
330
10
100
AcDbDictionary
280
     1
281
     1
  0
DICTIONARY
  5
162
330
7F
100
AcDbDictionary
280
     1
281
     1
  3
ACAD_ROUNDTRIP_2008_TABLESTYLE_CELLSTYLEMAP
360
507
  0
DICTIONARY
  5
173
330
EE
100
AcDbDictionary
280
     1
281
     1
  3
BUMPTILE
360
175
  3
DIFFUSETILE
360
174
  3
FBXASSET
360
1FB
  3
OPACITYTILE
360
176
  3
REFLECTIONTILE
360
177
  0
XRECORD
  5
174
102
{ACAD_REACTORS
330
173
102
}
330
173
100
AcDbXrecord
280
     1
270
     1
271
     1
  0
XRECORD
  5
175
102
{ACAD_REACTORS
330
173
102
}
330
173
100
AcDbXrecord
280
     1
270
     1
271
     1
  0
XRECORD
  5
176
102
{ACAD_REACTORS
330
173
102
}
330
173
100
AcDbXrecord
280
     1
270
     1
271
     1
  0
XRECORD
  5
177
102
{ACAD_REACTORS
330
173
102
}
330
173
100
AcDbXrecord
280
     1
270
     1
271
     1
  0
SCALE
  5
1BE
102
{ACAD_REACTORS
330
10C
102
}
330
10C
100
AcDbScale
 70
     0
300
1:2
140
1
141
2
290
     0
  0
SCALE
  5
1BF
102
{ACAD_REACTORS
330
10C
102
}
330
10C
100
AcDbScale
 70
     0
300
1:4
140
1
141
4
290
     0
  0
SCALE
  5
1C0
102
{ACAD_REACTORS
330
10C
102
}
330
10C
100
AcDbScale
 70
     0
300
1:5
140
1
141
5
290
     0
  0
SCALE
  5
1C1
102
{ACAD_REACTORS
330
10C
102
}
330
10C
100
AcDbScale
 70
     0
300
1:8
140
1
141
8
290
     0
  0
SCALE
  5
1C2
102
{ACAD_REACTORS
330
10C
102
}
330
10C
100
AcDbScale
 70
     0
300
1:10
140
1
141
10
290
     0
  0
SCALE
  5
1C3
102
{ACAD_REACTORS
330
10C
102
}
330
10C
100
AcDbScale
 70
     0
300
1:16
140
1
141
16
290
     0
  0
SCALE
  5
1C4
102
{ACAD_REACTORS
330
10C
102
}
330
10C
100
AcDbScale
 70
     0
300
1:20
140
1
141
20
290
     0
  0
SCALE
  5
1C5
102
{ACAD_REACTORS
330
10C
102
}
330
10C
100
AcDbScale
 70
     0
300
1:30
140
1
141
30
290
     0
  0
SCALE
  5
1C6
102
{ACAD_REACTORS
330
10C
102
}
330
10C
100
AcDbScale
 70
     0
300
1:40
140
1
141
40
290
     0
  0
SCALE
  5
1C7
102
{ACAD_REACTORS
330
10C
102
}
330
10C
100
AcDbScale
 70
     0
300
1:50
140
1
141
50
290
     0
  0
SCALE
  5
1C8
102
{ACAD_REACTORS
330
10C
102
}
330
10C
100
AcDbScale
 70
     0
300
1:100
140
1
141
100
290
     0
  0
SCALE
  5
1C9
102
{ACAD_REACTORS
330
10C
102
}
330
10C
100
AcDbScale
 70
     0
300
2:1
140
2
141
1
290
     0
  0
SCALE
  5
1CA
102
{ACAD_REACTORS
330
10C
102
}
330
10C
100
AcDbScale
 70
     0
300
4:1
140
4
141
1
290
     0
  0
SCALE
  5
1CB
102
{ACAD_REACTORS
330
10C
102
}
330
10C
100
AcDbScale
 70
     0
300
8:1
140
8
141
1
290
     0
  0
SCALE
  5
1CC
102
{ACAD_REACTORS
330
10C
102
}
330
10C
100
AcDbScale
 70
     0
300
10:1
140
10
141
1
290
     0
  0
SCALE
  5
1CD
102
{ACAD_REACTORS
330
10C
102
}
330
10C
100
AcDbScale
 70
     0
300
100:1
140
100
141
1
290
     0
  0
DICTIONARY
  5
1CE
330
1F
100
AcDbDictionary
280
     1
281
     1
  0
VISUALSTYLE
  5
1E4
102
{ACAD_XDICTIONARY
360
54B
102
}
102
{ACAD_REACTORS
330
EF
102
}
330
EF
100
AcDbVisualStyle
  2
JitterOff
 70
    20
 71
     2
 72
     2
 73
     0
 90
        0
 40
-0.6
 41
-30
 62
     5
 63
     7
421
3271557119
 74
     1
 91
        4
 64
     7
 65
   257
 75
     1
175
     1
 42
1
 92
       10
 66
     7
 43
1
 76
     1
 77
     6
 78
     2
 67
     7
 79
     5
170
     0
171
     0
290
     0
174
     0
 93
        1
 44
0
173
     0
291
     1
 45
0
1001
ACAD
1000
AcDbSavedByObjectVersion
1070
     0
  0
VISUALSTYLE
  5
1E5
102
{ACAD_XDICTIONARY
360
54D
102
}
102
{ACAD_REACTORS
330
EF
102
}
330
EF
100
AcDbVisualStyle
  2
OverhangOff
 70
    21
 71
     2
 72
     2
 73
     0
 90
        0
 40
-0.6
 41
-30
 62
     5
 63
     7
421
3271557119
 74
     1
 91
        4
 64
     7
 65
   257
 75
     1
175
     1
 42
1
 92
        9
 66
     7
 43
1
 76
     1
 77
     6
 78
     2
 67
     7
 79
     5
170
     0
171
     0
290
     0
174
     0
 93
        1
 44
0
173
     0
291
     1
 45
0
1001
ACAD
1000
AcDbSavedByObjectVersion
1070
     0
  0
VISUALSTYLE
  5
1E6
102
{ACAD_XDICTIONARY
360
54F
102
}
102
{ACAD_REACTORS
330
EF
102
}
330
EF
100
AcDbVisualStyle
  2
EdgeColorOff
 70
    22
 71
     2
 72
     2
 73
     0
 90
        0
 40
-0.6
 41
-30
 62
     5
 63
     7
421
3271557119
 74
     1
 91
        4
 64
     7
 65
   257
 75
     1
175
     1
 42
1
 92
        8
 66
     7
 43
1
 76
     1
 77
     6
 78
     2
 67
     7
 79
     5
170
     0
171
     0
290
     0
174
     0
 93
        1
 44
0
173
     0
291
     1
 45
0
1001
ACAD
1000
AcDbSavedByObjectVersion
1070
     0
  0
VISUALSTYLE
  5
1EF
102
{ACAD_XDICTIONARY
360
551
102
}
102
{ACAD_REACTORS
330
EF
102
}
330
EF
100
AcDbVisualStyle
  2
Shades of Gray
 70
    23
 71
     2
 72
     2
 73
     3
 90
        0
 40
-0.6
 41
-30
 62
     5
 63
     7
421
3271557119
 74
     2
 91
        2
 64
     7
 65
     7
 75
     1
175
     1
 42
40
 92
        8
 66
     7
 43
1
 76
     1
 77
     6
 78
     2
 67
     7
 79
     3
170
     0
171
     0
290
     0
174
     0
 93
        1
 44
0
173
     0
291
     0
 45
0
1001
ACAD
1000
AcDbSavedByObjectVersion
1070
     0
  0
VISUALSTYLE
  5
1F0
102
{ACAD_XDICTIONARY
360
553
102
}
102
{ACAD_REACTORS
330
EF
102
}
330
EF
100
AcDbVisualStyle
  2
Sketchy
 70
    24
 71
     1
 72
     2
 73
     2
 90
        0
 40
-0.6
 41
-30
 62
     5
 63
     7
421
3271557119
 74
     2
 91
        2
 64
     7
 65
     7
 75
     1
175
     1
 42
40
 92
       11
 66
     7
 43
1
 76
     1
 77
     6
 78
     2
 67
     7
 79
     6
170
     0
171
     0
290
     0
174
     0
 93
        1
 44
0
173
     0
291
     0
 45
0
1001
ACAD
1000
AcDbSavedByObjectVersion
1070
     0
  0
VISUALSTYLE
  5
1F1
102
{ACAD_XDICTIONARY
360
555
102
}
102
{ACAD_REACTORS
330
EF
102
}
330
EF
100
AcDbVisualStyle
  2
X-Ray
 70
    25
 71
     2
 72
     2
 73
     1
 90
        1
 40
0.5
 41
-30
 62
     5
 63
     7
421
3271557119
 74
     1
 91
        0
 64
     7
 65
   257
 75
     1
175
     1
 42
1
 92
        8
 66
     7
 43
1
 76
     1
 77
     6
 78
     2
 67
     7
 79
     3
170
     0
171
     0
290
     0
174
     0
 93
       13
 44
0
173
     0
291
     0
 45
0
1001
ACAD
1000
AcDbSavedByObjectVersion
1070
     0
  0
VISUALSTYLE
  5
1F2
102
{ACAD_XDICTIONARY
360
557
102
}
102
{ACAD_REACTORS
330
EF
102
}
330
EF
100
AcDbVisualStyle
  2
Shaded with edges
 70
    26
 71
     2
 72
     2
 73
     1
 90
        2
 40
-0.6
 41
30
 62
     5
 63
     7
421
3271557119
 74
     1
 91
        2
 64
     7
 65
   257
 75
     2
175
     1
 42
1
 92
        8
 66
   257
 43
1
 76
     1
 77
     6
 78
     2
 67
     7
 79
     3
170
     0
171
     0
290
     0
174
     0
 93
        5
 44
0
173
     0
291
     0
 45
0
1001
ACAD
1000
AcDbSavedByObjectVersion
1070
     0
  0
VISUALSTYLE
  5
1F3
102
{ACAD_XDICTIONARY
360
559
102
}
102
{ACAD_REACTORS
330
EF
102
}
330
EF
100
AcDbVisualStyle
  2
Shaded
 70
    27
 71
     2
 72
     2
 73
     1
 90
        2
 40
-0.6
 41
30
 62
     5
 63
     7
421
3271557119
 74
     0
 91
        4
 64
     7
 65
   257
 75
     1
175
     1
 42
1
 92
        8
 66
   257
 43
1
 76
     1
 77
     6
 78
     2
 67
   256
425
3262675064
 79
     3
170
     0
171
     0
290
     0
174
     0
 93
        5
 44
0
173
     0
291
     0
 45
0
1001
ACAD
1000
AcDbSavedByObjectVersion
1070
     0
  0
DICTIONARY
  5
1F7
330
EC
100
AcDbDictionary
280
     1
281
     1
  3
FBXASSET
360
1F8
  0
XRECORD
  5
1F8
102
{ACAD_REACTORS
330
1F7
102
}
330
1F7
100
AcDbXrecord
280
     1
 70
     1
 90
429727718
  1
30362254-06B7-45E0-A893-8CFA70E3D6BC
310
504B03040A0000080000CC70623B3DEE336E79000000790000001B0000006175746F6465736B2D64657369676E2D7061636B6167652E786D6C3C3F786D6C2076657273696F6E3D22312E302220656E636F64696E673D227574662D3822203F3E3C666F726D6174733E3C666F726D61743E687474703A2F2F736368656D612E
310
6175746F6465736B2E636F6D2F64657369676E2D7061636B6167652F323030393C2F666F726D61743E3C2F666F726D6174733E504B0304140006080800CC70623BD486FD9CA0000000F4000000130000005B436F6E74656E745F54797065735D2E786D6C7D8EC10E82300C865F65E91D8A1E8C310C0EEA1BF002731658846E
310
D98AC1B77784ABF1D8FE5FBFBF75BBCE937A534CCEB38643598122B6FEE978D0B0485F9C41B54DDD7D022595594E1A469170414C76A4D9A4D207E29CF43ECE46F218070CC6BECC4078ACAA135ACF422C856C0E68EA1BF5669944DDD7BCDE7B1F8E415D77AECB980613C2E4AC91FC167A2B244592486606FC29C8FD7F045B9A
310
EF7053A7E60B504B0304140006080800CC70623B1EC5D7A3EB0000007C01000008000000636F72652E786D6C8D90416EC3201045AF82665B6103C6756C6122AB4D4ED00B204C5C94182C03558F5F9C3852BBEB6A467FFE9B197D71FC9E6FE8CBACC17AD7032D0820E3B41FAD9B7A48F1820F808E52ACDEC75F36404ECDA687
310
4D0629A6D5A76597B477D1B89855E747B38B2A041301E95B6E7A08FAD3CCAA50296647B8168BD2573599823EBB0CA76447F43862C7BCCF5EAC59410E4DDD9C7973C2755553CCCFA4C603E3040F1565ED3B1FDE4E432BCA0D9622DAF9795FAF464533826484B498524CD807E51D79ED187F21878E10516EF63F505AC67F42C9
310
BA58B1FDDD071640D2FCC87D2045B96591CB3DA85CB7DCE40F504B0304140006080800CC70623B55019EA25F0000007C00000007000000636E782E786D6C4DCB3B0E80201045D1AD90E915ED2CF8AC45050C11660C8261F98AB1B07AC9C97D42D718D865D3E909258CFD00CCE24AC6E326A164D74DC0B4128928FF32603847
310
2BA13128B1252AC747C6BAB984FC68F0B87FE8960A5C09FE86CFB69FBA01504B0304140006080800CC70623B8C9102E971010000D40300000C0000006662782F636F72652E786D6CC5535B6E833010BC8AE5DF0A6C08340F1947A84D4ED00B38C6A128602363A31CBFCB234A53A551FA553EC09AD9F5CE8C31DB9E9B1AF5CA
310
7695D1198E428A91D2D214952E33ECDD315861B4E5CC1AE3BE9561A445A3323CC098B3D21ADFCE9034DA29ED00D5A6503328BA4E398C640D8B0C77F253352214DE4145770A5B214FA2546114020D759C75CE8200340D19DE981F0F6746269C33EFAB6266AB02A655C74A59CCF365BADC27CB5D902ED22848F6340DF238A141
310
BE88E2F57B92BFEDF23523433367AE6A2EEAA455C2A902F398D2751045018D3FA264435F3771F242571B4A1919CA6F9A7C5B3CD9E42BED16F12C776AEB308F40C848FC700B1139D4891EF410CEC810227CC6846F8386402064270EF5C5C709A05E49676C024C61FC95EA45ED154CA5211D1FF4FB8291A913A68E9B83EBBB33
310
E2A7673CDE118E5AE8124C0807CB8377834E366998436B950D7A7746DAD846D4CFD978E0F04FD455FC5D49D2D4C6FE9722321F10997F0F32DC47FE05504B0304140006080800CC70623BFFEA85907E0000009D0000000B0000006662782F636E782E786D6C4DCCD10A83201886E15B91FFDC95D95A811AB6F23E625948A6C3
310
E9D8E5AF46073BFAE0E1E365ED67B3E8ADC3CB78C7815C7240DA3DFC64DCC221C519D7805AC182F7F1EF06C88D9BE6703008B6049F9E274D7A1E938DBB5AE3D6131B2589BA0D3D965551E0B2EA732C9B9A624AAEB41E3A557677029960D9AFB4EF11165F504B0304140006080800CC70623B4FEEA4082C0100001202000031
310
0000006662782F39464131463745442D413632322D343644302D413938332D3331353338454246344243312F636F72652E786D6C8D515B6EC32010BC0AE2AB55850DD871ED0813254D72825EC00192A2C460F1A872FC42ED48ED5F7E00CDCECCCEB26C731F6FE05B39AFADE921293004CA082BB5B9F43086336A21D870E6AC
310
0D7F68109861543DCC30E4ECE26C9C164858139409093556AA051CBC570102714B8F1E7AF1A5C6A11862480C7F2DA6415C878B2A4891CA89C7990F2E050073937C42DE1DB7E4F87ED8A36D4329AA9B3D46DBAEAD504556557BD81DEBDD0761E52CE42C462D17B996298E3E6BE59E35C962CE821E1FF18553435012728A7187
310
0841987E927A8D9B35ADDF70BBC6989599FE4F1427F9A4286A132ABAC49D651EF234CD5CE04CDA78BA3DC2A8FB645D00B9DF8B57E215725C60BCA2A463E54C4CE327C7A65E1C7DB02E7DEFCBF594B864C5CA6CDBD49C957943E9FA5D5FBAF336F90F504B0304140006080800CC70623BAD7543B64E01000033030000300000
310
006662782F39464131463745442D413632322D343644302D413938332D3331353338454246344243312F636E782E786D6CD593CD6EC32010845F0571AD6CE3D48AD20813A9873E410FBD12D82434182C7EAAE6EDBB2424CD25871E7B41D6EC30B3FA84F9E67BB2E40B4234DE8DB46F1925E094D7C6ED479AD3AE5951B2113C
310
789FEE6C943839C1488B4C05DF079FE72A69D8C96C13AAD6B8631503449F83828872B949AC57D26200B826A308D316B4064D6E46FCDA41C05550DC9E483A00797BFD207EFB092A45DE9514C1BBD22178396BD39D891265658C238DEA00936C654E5E433CB65A26D9F6EDB5EBC14EBF49A45CB856E66048291F6939A9A81BB5
310
C8917738143CA680F4AA299D66A042CEB3354A2684DC9D8D178FE0D9B8B41CAAD720F880EE7EF93C0C18769E099ECC04D5A102C8049A8A05632F4DDF376CF1DE0F6BB65C2F8627B65A33C6BB62177CEBBDAD973006829F89F22E814B54F4BC2BE347F8AA8F681390B50FA73F804400B5F542E796F19FF974E7F78DB802FE05
310
E207504B0304140006080800CC70623B16AB87BA640500003C100000340000006662782F39464131463745442D413632322D343644302D413938332D3331353338454246344243312F6F626A656374732E786D6CAD575B6FA33818FD2B887DE6924B3BED8A326A92B68A663B534DD4D13E548A0C38942D60649B369D5FBFC7
310
600890A493BDE42160637FD7F31D7FF63E6FB3D478A55C242CBF3247B66B1A340F5994E4F19559CA8D75611A9F7D8F33263BCB4C232719BD32D5B4E97B316765A1A722BA21652A07B3B7B33F0D11D29C9A46981221AE4C113ED38CD8A4942CA2E2C58E882476BCD9DA23BB5ED8171B73523C0F841684D35CC252CCE79062D4
310
468DFA43D7747CCF51DF7D4FFDEB5593E3AB9CCA9FBEFE241792E4E19EB28198C968BAB8199F5D5A67D3E9C49A9E8F47D6EC76B6B0469F26EEFC7C3EBFBCBEB98462213924694B38DD98FE1D62C393D073EA4FADC5DAF04326852CCF6958F90F0F2B9BB5C48816348F90C7840A68EB78EDF68723159BCEE7891A6B95DDE9D3
310
BCEAEEE8086A6C6F9E5D4B59F0175C10A7A0820BAA5055C7473B5AE3CFDD452D602CD5DF12616444529E90D448938013FE6EFA58AA96F85E4F8C42275708571E98FE6827AF6B2B4AE3D7D83D64E5A64C53054DD3AF90BD06FEA9149565C94FCA0F6B834DC85599E4F2423B24DF0B6AFA979E534DFA9E7A4CC6FA631D486393
310
921829879BF5D781A373557BCB85E97FB90DB62B558F8795179C15944B051F40AB495CF35451D26A4727654E6D8033BD98EF82F21D91FF8AF2DD9982BCF1643BDD4EB516C9492E368C67C88DED563FC36D5EACF66DFF057C3658BDBFA69DF9578B3DA735B64F18C7F20770A9D45CFCF7FCF563D6456A277DBEF78A02637CA2
310
43B90A490AEAB94F72244481D24819A6C0E59B606BFA4B3025981DBB48EAB701D97BF19C577CC77F2D1B6C55A9EF3C732474C0B727303F625995056C3B02963D9EAC146BE78EC5FCEC7FA999EBC5EACBAAE41B12D27B4D2C0BBA49F244E2ECDC81B76B502F113D8F5EE8FB1BE3111CDD4FC2AA9B844CAB1288B68AB90A7CDC
310
1C166AB0D3DC5310625FCC14E779BFD0709F8890A629C9292B1B2DED31A4B0DA928CEE135085754027E3018A397D4D5427D15BD1330B677DC8934285AC3DF45A9EB68FF8F2B8FC0A509AFEECFD0FF2DE25CC6047F7214B195F07EFEB9A094D800F7BFAE8FED187B78EA8A3A400F115961BCAD1215E47C966530AF0EE8128FE
310
58CEBB996A8964FFA529A046635D9353B0336A8F700DDF46271A024E70B0B37C9DE01847591E54DED53D54202AB947E4076556AC49C6CA5C9E1226B7F1A7B1BE15DEED62C41B91E1B3E9AFAAA735036547343A925075041DF0A9979E893B391F8FCFA6967B3EFB644DCF6E5CEBFAE272625DCC6FAF3FB93793C5F90CE1EF57
310
407342756B10D1C489E8953CD1617E5CEECAD6F4EF8914CE5D5D504E5C3F1F9736DA62CFC11E00BCDDB8CC8A9466349744C1F75EBDA4DF09BA8A9E8C7A7E9991989E20E5DBDD6A6003664ED8F7A04A8DBE0DF6EAD9B9AA858342E47399053949D2C146EDB85DE4B176BB0965FBAC19BD19AA918E27FA50C1D22402E144464C
310
59462568E704B6E71915404CB72B8FF4EDE184DDAF753F284990D2C6926782963815403548A70C657FDEF80D2D9CEAA2AE4C1C76F60BFE74219A06527D6582DF6412526107381E55E353090704D085B52408D0933C4ED159D79BDA71BB4BC506F4831350EB6F979CD22D69BF7AC49B91A2C0A9DDA3D5CA36AD20FC478E37E6
310
1844E2352865EBCB6EA275A652E3836BE04EFB400BF1A2556F515F1FBB35B2AB35BD889C744FFA1004B5544B121E57F70215746DD2F5E2C1412B602CBF19455AC6C8E5E9922C4E01E65215385004546899059180EAFCF7A707CE7017CD8CDB0410789AB32C63B91E5CEBBBACB17AC6CD347A022D5075FD106377347AAABA7E
310
7D11590744509B44E205134DC1290F06580320F78E537D3D73540E06CB970B431F185308AD40BBD794D6D77003C5A36E8EAA54BA64597CD8F83BD552A080A365F7FF06504B0304140006080000CC70623B000000000000000000000000350000006662782F39464131463745442D413632322D343644302D413938332D3331
310
353338454246344243312F76657274696365732E62696E504B0304140006080800CC70623BF270F1330600000004000000360000006662782F39464131463745442D413632322D343644302D413938332D3331353338454246344243312F747269616E676C65732E62696E636660600000504B0304140006080000CC70623B
310
000000000000000000000000370000006662782F39464131463745442D413632322D343644302D413938332D3331353338454246344243312F617474726962757465732E62696E504B0304140006080800CC70623B08DA0BD19000000041010000360000006662782F39464131463745442D413632322D343644302D413938
310
332D3331353338454246344243312F6469726563746F72792E786D6C858F410AC3201045AF22B36F53E9A60B35CBEEBAE80D244E44489C6234F4F835464A48035D0DF398FF9F8AF63D0E6CC63039F212F8F9020C7D47C6792B21C5FE7403D62A1188E2E60C98D7234A5830286103A55745067B9D86B8A3CF9C7F90C11DE607
310
FB144396D7B6A82D282E9A152AD114D5EF2CB866EEE831B8EEA07A7BB5A8D7D61A2BAAEB7FD5F70921FF497D00504B0304140006080800CC70623B0D6EF93BFE000000A00100003B0000006662782F39464131463745442D413632322D343644302D413938332D3331353338454246344243312F7265736F75726365732F63
310
6F72652E786D6C8D50596E833010BD0A9ADFCA60B334011947A8694ED00B586642AC041B79A97AFC9A40A5F6AF3F33A3B7689E1E3F7DCD8FEC139DD7D6F4C0720A191A65476DA61E62B892236427C19DB5E1970C322367EC618541F0C9D9B8EC90B226A009093576C41D94DE63804C3DD2D18357379C652E63480A7FCF17A9
310
EE72C29CE5894E3AC17D702940B63D59270887DE46A7D0F36263058F518FBB468FE9A7BE6A7420864373B8D4873369AA8691FA421B3294352543C5CAF65C0F6FEF43CB8BD52C78D0F34F46E550061C419494B6843142CB0F5677F4B52BEB177AEC28E5C52AFF638ACBF84F53D42654E51E77B379102C05791282176B5F693D
310
CB4C7BED567C03504B010214000A0000080000CC70623B3DEE336E79000000790000001B00000000000000000000000000000000006175746F6465736B2D64657369676E2D7061636B6167652E786D6C504B01021400140006080800CC70623BD486FD9CA0000000F40000001300000000000000000000000000B20000005B
310
436F6E74656E745F54797065735D2E786D6C504B01021400140006080800CC70623B1EC5D7A3EB0000007C010000080000000000000000000000000083010000636F72652E786D6C504B01021400140006080800CC70623B55019EA25F0000007C000000070000000000000000000000000094020000636E782E786D6C504B
310
01021400140006080800CC70623B8C9102E971010000D40300000C00000000000000000000000000180300006662782F636F72652E786D6C504B01021400140006080800CC70623BFFEA85907E0000009D0000000B00000000000000000000000000B30400006662782F636E782E786D6C504B01021400140006080800CC70
310
623B4FEEA4082C0100001202000031000000000000000000000000005A0500006662782F39464131463745442D413632322D343644302D413938332D3331353338454246344243312F636F72652E786D6C504B01021400140006080800CC70623BAD7543B64E010000330300003000000000000000000000000000D5060000
310
6662782F39464131463745442D413632322D343644302D413938332D3331353338454246344243312F636E782E786D6C504B01021400140006080800CC70623B16AB87BA640500003C1000003400000000000000000000000000710800006662782F39464131463745442D413632322D343644302D413938332D3331353338
310
454246344243312F6F626A656374732E786D6C504B01021400140006080000CC70623B0000000000000000000000003500000000000000000000000000270E00006662782F39464131463745442D413632322D343644302D413938332D3331353338454246344243312F76657274696365732E62696E504B01021400140006
310
080800CC70623BF270F133060000000400000036000000000000000000000000007A0E00006662782F39464131463745442D413632322D343644302D413938332D3331353338454246344243312F747269616E676C65732E62696E504B01021400140006080000CC70623B0000000000000000000000003700000000000000
310
000000000000D40E00006662782F39464131463745442D413632322D343644302D413938332D3331353338454246344243312F617474726962757465732E62696E504B01021400140006080800CC70623B08DA0BD190000000410100003600000000000000000000000000290F00006662782F39464131463745442D413632
310
322D343644302D413938332D3331353338454246344243312F6469726563746F72792E786D6C504B01021400140006080800CC70623B0D6EF93BFE000000A00100003B000000000000000000000000000D1000006662782F39464131463745442D413632322D343644302D413938332D3331353338454246344243312F7265
310
736F75726365732F636F72652E786D6C504B0506000000000E000E0080040000641100000000
  0
DICTIONARY
  5
1F9
330
ED
100
AcDbDictionary
280
     1
281
     1
  3
FBXASSET
360
1FA
  0
XRECORD
  5
1FA
102
{ACAD_REACTORS
330
1F9
102
}
330
1F9
100
AcDbXrecord
280
     1
 70
     1
 90
429727718
  1
D62C5603-E3A1-4AEA-B7FB-FE5D8D0755AF
310
504B03040A0000080000CC70623B3DEE336E79000000790000001B0000006175746F6465736B2D64657369676E2D7061636B6167652E786D6C3C3F786D6C2076657273696F6E3D22312E302220656E636F64696E673D227574662D3822203F3E3C666F726D6174733E3C666F726D61743E687474703A2F2F736368656D612E
310
6175746F6465736B2E636F6D2F64657369676E2D7061636B6167652F323030393C2F666F726D61743E3C2F666F726D6174733E504B0304140006080800CC70623BD486FD9CA0000000F4000000130000005B436F6E74656E745F54797065735D2E786D6C7D8EC10E82300C865F65E91D8A1E8C310C0EEA1BF002731658846E
310
D98AC1B77784ABF1D8FE5FBFBF75BBCE937A534CCEB38643598122B6FEE978D0B0485F9C41B54DDD7D022595594E1A469170414C76A4D9A4D207E29CF43ECE46F218070CC6BECC4078ACAA135ACF422C856C0E68EA1BF5669944DDD7BCDE7B1F8E415D77AECB980613C2E4AC91FC167A2B244592486606FC29C8FD7F045B9A
310
EF7053A7E60B504B0304140006080800CC70623B853B8169EB0000007C01000008000000636F72652E786D6C8D90416EC3201045AF62CDB6C206821CC7C244919D9CA01740401C94182C03558F5F9C3852BBEB6A467FFE9B197D7EFC9E1EC5975982F5AE035262288C535E5B377690E21535501C055FBC8FBF6C503839990E
310
5619041F179FE64D52DE45E362569DD7661365082642A11EB9E920A89B99642953CC8E702F67A9EE7234257977194EC9EAE275C4EABCCF5EAD5940D4AC6F0E35A568B8F43562CD7046CD199FD07E60174276A7BE677B5EADB0E0D14EEFFB6A31321A0D82627C4084204C3F096B71DD52F6819B16635EADF63F509AF53FA164
310
5DDCD1EDDD17164090FCC8732078B56691CB33A85CD7DCC40F504B0304140006080800CC70623B55019EA25F0000007C00000007000000636E782E786D6C4DCB3B0E80201045D1AD90E915ED2CF8AC45050C11660C8261F98AB1B07AC9C97D42D718D865D3E909258CFD00CCE24AC6E326A164D74DC0B4128928FF32603847
310
2BA13128B1252AC747C6BAB984FC68F0B87FE8960A5C09FE86CFB69FBA01504B0304140006080800CC70623BDBABAAF470010000D40300000C0000006662782F636F72652E786D6CC553D16E823014FD95A6AF4B694182CC941A83FA05FB810A9511A125A5257EFE2E82712ECEB8A7F100CD39F7F69E734AF9FADC366850B6
310
AF8DCE7018308C942E4C59EB2AC3DE1D498AD15A706B8CFB56869196ADCAF00863C12B6B7C374385D14E6907A836A59A41D9F7CA615434B0C8705F7CAA5606D23BA8E84F41278B93AC54100640439DE0BDB320004D43C63716C7C399D30917DCFBBA9CD9BA8469F5B156168B24CED3F7248AC8769F27244EB73B92EED8862C
310
B7F13E0C179B3C8F979C8ECD82BBBABDAA2BAC924E9558448CBD9330242CFA08E3154B5651FCC6D215639C8EE5774DBE2B5F6CF2B5768B68963BB5F5588420E442FC700B1139D4CB01F450C1E918227C2E09DF070D8140C84E1E9AAB8F1340832A9CB13130A5F1376A908D57309505ECF2A0DF179C4E9D30F5B239B87E3823
310
7A79C6F31DE1A8A5AEC08474B03C7837EAE4938639B44E5932B833D2C6B6B279CDC613877FA26EE21F4A2A4C63EC7F29A2F301D1F9F7A0E37D145F504B0304140006080800CC70623B9C113CC27E0000009D0000000B0000006662782F636E782E786D6C4DCCDF0A83201C86E15B91DFB94BFB330DD428C8FB886521330DA7
310
6397BF1A1DECE883878F57749FCDA1B7892F1BBC047A23808C7F84D9FA55424E0BE6803A256208E9EF06C84F9B91703228B1C690F78B66B34CD9A5439DF5CF0BFBF65E35BCA1B8D6A5C6F540381E886698B5741C695F9503EBA150A2F8958E3DC3EA0B504B0304140006080800CC70623B7DF2F77C2A010000120200003100
310
00006662782F41393633353835312D344632462D344230382D423046372D3739314545314133324237412F636F72652E786D6C8D51DB8EC22014FC15C2939B0D2DB4B45643319AE817EC0F6041255A68B86CFCFC856D4D76DF7CE190393373060EDB3DC707F856CE6B6B7A480A0C81328395DA5C7B18C3057510EC3873D686
310
3F34088C18550F330C39BB3A1BA7051AAC09CA84841A2BD5020AEF55806078A44B0FFD7053A328440C89E1EFC52486BBB8AA8214A99D789CF9E05200300FC927E4FB4D5B375D43103D5527440FB843077C5AA3F5861C8F645F5787F59E95B390B318B55CE45AA638FAA2957BD7248B390B7A7CC51F9C124149C82B8C378810
310
84AB2F42B7B8DD56F413775B8C5999E9FF4471926F8AA236A1AE96B8B3CC434E5839373893369E1FAF30EA395917409EB7F26AF8801C171837A4A6AC9C89E9F9C9B1A58BA30FD6A5EF5DDDCF894B9AD9B6A59C957943A9FCAE2FD5BC4DFE03504B0304140006080800CC70623BAD7543B64E01000033030000300000006662
310
782F41393633353835312D344632462D344230382D423046372D3739314545314133324237412F636E782E786D6CD593CD6EC32010845F0571AD6CE3D48AD20813A9873E410FBD12D82434182C7EAAE6EDBB2424CD25871E7B41D6EC30B3FA84F9E67BB2E40B4234DE8DB46F1925E094D7C6ED479AD3AE5951B2113C789FEE
310
6C943839C1488B4C05DF079FE72A69D8C96C13AAD6B8631503449F83828872B949AC57D26200B826A308D316B4064D6E46FCDA41C05550DC9E483A00797BFD207EFB092A45DE9514C1BBD22178396BD39D891265658C238DEA00936C654E5E433CB65A26D9F6EDB5EBC14EBF49A45CB856E66048291F6939A9A81BB5C89177
310
38143CA680F4AA299D66A042CEB3354A2684DC9D8D178FE0D9B8B41CAAD720F880EE7EF93C0C18769E099ECC04D5A102C8049A8A05632F4DDF376CF1DE0F6BB65C2F8627B65A33C6BB62177CEBBDAD973006829F89F22E814B54F4BC2BE347F8AA8F681390B50FA73F804400B5F542E796F19FF974E7F78DB802FE05E20750
310
4B0304140006080800CC70623BE75B7789680500003C100000340000006662782F41393633353835312D344632462D344230382D423046372D3739314545314133324237412F6F626A656374732E786D6CAD575B8F9B3818FD2B887D06C22499CB8AA1CA655245D5B455A356FB305264C061D8018C6C3393D95FBFC7600890
310
A4CD5EF210B0B1BFEBF98E3F7B1FF6596ABC522E1296DF9BAE3D320D9A872C4AF2F8DE2CE5CEBA358D0FBEC719939D65A691938CDE9B6ADAF4BD98B3B2D05311DD91329583D9D5FC0F438434A7A611A644887B5384CF34233629258BA878B12322891DEFF6B66BD70BFB62634E8AE781D082709A4B588AF91C528CDA28B73F
310
1C998EEF39EABBEFA97FBD6A7C7E9553F9D3D79FE442923C3C523610337627CB87ABE99D359D4CC6D6E4FACAB5E6ABF9D2726FC6A3C5F56271377BB88362213924694B38DD99FE47C48627A1E7D49F5A8BB5E1A74C0A599ED3B0F21F1E56366B89112D681E218F0915D0D6F17AD41FBA2A369DCF6335D62ABBD39779D5DDD1
310
11D4D8DE3CBB96B2E04FB8202E41051754A1AA8E8F76B4C6DFE810B580B1547F4B84911149794252234D024EF8BBE963A95AE27B3D310A9D5C215C7960FAEE415ED75694C6AFB17BCACA5D99A60A9AA65F217B0BFC53292ACB92BF283FAD0D3621576592CB5BED907C2FA8E9DF794E35E97BEA31BED21FEB401ABB94C44839
310
DCACBF0E1C5DA8DA5B2F4DFFD32AD86F543D9E565E7056502E157C00AD2671CD534549AB752FCA9CDA00677A313F04E51B22FF19E57B300579E3C97EB29F682D92935CEC18CF901B7B54FD8C51F362B56FC72FE0B3C1EAE335EDCCBF5AEC39ADB17DC238973F804BA5E6F6BFE7AF1FB32E523BE9F3BD571418E3631DCA4D48
310
5250CF639223210A9446CA30052EDF057BD35F8329C1ECD84552BF0DC8D18BE7BCE23BFE6BD960AB4A7DE79923A103BEBD80F911CBAA2C60DB19B01CF164A5583B772EE6D3FFA56666CBCDA74DC97724A48F9A58967497E489C4D979006FD7A05E227A1EBDD0F737C623387A9C844D3709995625106D157315F8B8392CD4E0
310
A0B9A720C4BE9829CEF37EA1E13111214D53925356365ADA634861B52519DD27A00AEB808EAF0628E6F435519D446F45CF2C9CF5214F0A15B2F6D06B79DA3EE3CBF7F56780D2F4E7EF73A0F5E5B02A38D07DC852C6B7C1FBB6664213E0C39E3EBA7FF4E1AD23EA2829407C85E586727488B751B2DB9502BC7B228A3FD68B6E
310
A65A22397E690AA8D158D7E404EC8CDA235CC3B7D1898680131CEC2CDF2638C65196279577750F15884AEE19F94199155B92B13297978469D4F8D358DF0AEF7631E28DC8F0D9F437D5D39A83B2231A1D52D543813A824EF8D44BCFF2FA6A31BD1E8DAD87F1CCB526B3879935BF59CDADD5C37479BB1CDD4CA7B3556B516589
310
EF352754B706114D9C885EC9131DE6EFEB43D99AFE2391C2F958179413D7CFEF6B1B6DB1E7600F00DE6E5C67454A339A4BA2E0FBA85ED26F045D454F463DBFCE484C2F90F2E5E3666003662ED8F755951A7D1BECD5B30B550B2785C8E7320B7292A4838DDA71BBC863ED7613CAF659337A3354231D4FF4A182A54904C2898C
310
98B28C4AD0CE056CCF332A80986E571EE9DBC305BB5FEB7E509220A58D25CF042D712A806AC0AD0C657FDEF80D2D9CEAA2EE4D1C76F60BFE74219A06527D6F82DF6412526107381E55E353090704D085B52408A8913C4ED159D79BDA71BB4BC506F4831350EB6F975CD22D69BF7AC49B91A2C0A9DDA3D5CA36AD20FC478E37
310
E61844E2352865EBCB61A275A65283CAAA9DD27703B4102F5AF51EF5F573B75CBB5AD38BC845F7A49F82A0966A49C2E3EA5EA0ECD326CD965F1DB402C6FA8B51A4658C5C5E2EC9E214602E55810345408596591009A82E7E7FFACA19EEA299B14A0081A705CB3296EBC14CDF658DCD336EA6D1136881AAEB87B81AB9EE53D5
310
F5EB8BC8362082DA24122F98680A4E7930C01A0079749CEA14382A0783E5EBA5A10F8C098456A03D6A4AEB6BB881E2513747552A5DB22C7EDAF83BD5528081A365F7FF06504B0304140006080000CC70623B000000000000000000000000350000006662782F41393633353835312D344632462D344230382D423046372D37
310
39314545314133324237412F76657274696365732E62696E504B0304140006080800CC70623BF270F1330600000004000000360000006662782F41393633353835312D344632462D344230382D423046372D3739314545314133324237412F747269616E676C65732E62696E636660600000504B0304140006080000CC7062
310
3B000000000000000000000000370000006662782F41393633353835312D344632462D344230382D423046372D3739314545314133324237412F617474726962757465732E62696E504B0304140006080800CC70623B08DA0BD19000000041010000360000006662782F41393633353835312D344632462D344230382D4230
310
46372D3739314545314133324237412F6469726563746F72792E786D6C858F410AC3201045AF22B36F53E9A60B35CBEEBAE80D244E44489C6234F4F835464A48035D0DF398FF9F8AF63D0E6CC63039F212F8F9020C7D47C6792B21C5FE7403D62A1188E2E60C98D7234A5830286103A55745067B9D86B8A3CF9C7F90C11DE6
310
07FB144396D7B6A82D282E9A152AD114D5EF2CB866EEE831B8EEA07A7BB5A8D7D61A2BAAEB7FD5F70921FF497D00504B0304140006080800CC70623BEDD1DC58FD000000A00100003B0000006662782F41393633353835312D344632462D344230382D423046372D3739314545314133324237412F7265736F75726365732F
310
636F72652E786D6C8D504B6E833010BD0A9A6D65B00922041947112427E8052C33A156828DFCA97AFC9A40A576D7CDCCE87D344F8F9FBFE667F689CE6B6B3A6039850C8DB2A336530731DC4903D95970676DF82583CCC8193B5861107C72362E3BA4AC096842428D1D7107A5F7182053CF7474E0D507CE32973124857FE48B
310
540F3961CEF244279DE03EB81420DB9EAC1384436FA353E879B1B182C7A8C75DA3C7F453DF353A1075D537A7BA6464B8F535A99AE14A9A2BBD90E350DD183B5CFABE3AF262350B1EF4FC9351399401471025A527C218A1E53BAB5A5AB765F5469B96525EACF23FA6B88CFF34456DC2A1DCE36E360F82A5202F42F062ED2BAD
310
579969AFDD8A6F504B010214000A0000080000CC70623B3DEE336E79000000790000001B00000000000000000000000000000000006175746F6465736B2D64657369676E2D7061636B6167652E786D6C504B01021400140006080800CC70623BD486FD9CA0000000F40000001300000000000000000000000000B20000005B
310
436F6E74656E745F54797065735D2E786D6C504B01021400140006080800CC70623B853B8169EB0000007C010000080000000000000000000000000083010000636F72652E786D6C504B01021400140006080800CC70623B55019EA25F0000007C000000070000000000000000000000000094020000636E782E786D6C504B
310
01021400140006080800CC70623BDBABAAF470010000D40300000C00000000000000000000000000180300006662782F636F72652E786D6C504B01021400140006080800CC70623B9C113CC27E0000009D0000000B00000000000000000000000000B20400006662782F636E782E786D6C504B01021400140006080800CC70
310
623B7DF2F77C2A010000120200003100000000000000000000000000590500006662782F41393633353835312D344632462D344230382D423046372D3739314545314133324237412F636F72652E786D6C504B01021400140006080800CC70623BAD7543B64E010000330300003000000000000000000000000000D2060000
310
6662782F41393633353835312D344632462D344230382D423046372D3739314545314133324237412F636E782E786D6C504B01021400140006080800CC70623BE75B7789680500003C10000034000000000000000000000000006E0800006662782F41393633353835312D344632462D344230382D423046372D3739314545
310
314133324237412F6F626A656374732E786D6C504B01021400140006080000CC70623B0000000000000000000000003500000000000000000000000000280E00006662782F41393633353835312D344632462D344230382D423046372D3739314545314133324237412F76657274696365732E62696E504B01021400140006
310
080800CC70623BF270F133060000000400000036000000000000000000000000007B0E00006662782F41393633353835312D344632462D344230382D423046372D3739314545314133324237412F747269616E676C65732E62696E504B01021400140006080000CC70623B0000000000000000000000003700000000000000
310
000000000000D50E00006662782F41393633353835312D344632462D344230382D423046372D3739314545314133324237412F617474726962757465732E62696E504B01021400140006080800CC70623B08DA0BD1900000004101000036000000000000000000000000002A0F00006662782F41393633353835312D344632
310
462D344230382D423046372D3739314545314133324237412F6469726563746F72792E786D6C504B01021400140006080800CC70623BEDD1DC58FD000000A00100003B000000000000000000000000000E1000006662782F41393633353835312D344632462D344230382D423046372D3739314545314133324237412F7265
310
736F75726365732F636F72652E786D6C504B0506000000000E000E0080040000641100000000
  0
XRECORD
  5
1FB
102
{ACAD_REACTORS
330
173
102
}
330
173
100
AcDbXrecord
280
     1
 70
     0
 90
1673772943
  1
ECE7A1D2-D628-4531-984C-D00F80459256
310
504B03040A0000080000CC70623B3DEE336E79000000790000001B0000006175746F6465736B2D64657369676E2D7061636B6167652E786D6C3C3F786D6C2076657273696F6E3D22312E302220656E636F64696E673D227574662D3822203F3E3C666F726D6174733E3C666F726D61743E687474703A2F2F736368656D612E
310
6175746F6465736B2E636F6D2F64657369676E2D7061636B6167652F323030393C2F666F726D61743E3C2F666F726D6174733E504B0304140006080800CC70623BD486FD9CA0000000F4000000130000005B436F6E74656E745F54797065735D2E786D6C7D8EC10E82300C865F65E91D8A1E8C310C0EEA1BF002731658846E
310
D98AC1B77784ABF1D8FE5FBFBF75BBCE937A534CCEB38643598122B6FEE978D0B0485F9C41B54DDD7D022595594E1A469170414C76A4D9A4D207E29CF43ECE46F218070CC6BECC4078ACAA135ACF422C856C0E68EA1BF5669944DDD7BCDE7B1F8E415D77AECB980613C2E4AC91FC167A2B244592486606FC29C8FD7F045B9A
310
EF7053A7E60B504B0304140006080800CC70623BD9DDAED0EC0000007C01000008000000636F72652E786D6C8D90416EC3201045AF82665B61836D9CD8C2444DD39CA01740405C94182C03558F5F9C3852BBEB6A467FFE9B197D7EF89E6EE8CB2CC17A37002D0820E394D7D68D03A478C17B4007C117EFE32F1B20272733C0
310
2A83E0E3E2D3BC49CABB685CCCAAF3DA6CA20CC14440EA969B0182FA34932C648AD911AEC52CD5558EA6A0CF2EC329598D1E47ACCEFBECC59A050463A7EA5833865FEBDD0E37353BE3EE8DBDE3F6786A48D375FBF6CC78B9C282473B3DEFABC5C86834888A900E538A49F5419B9EB47DD5BC907D4F082F57FB1F28CDFA9F50
310
B22ED6D5F6EE030B20687EE43E10BC5CB3C8E51E54AE6B6EE207504B0304140006080800CC70623B55019EA25F0000007C00000007000000636E782E786D6C4DCB3B0E80201045D1AD90E915ED2CF8AC45050C11660C8261F98AB1B07AC9C97D42D718D865D3E909258CFD00CCE24AC6E326A164D74DC0B4128928FF326038
310
472BA13128B1252AC747C6BAB984FC68F0B87FE8960A5C09FE86CFB69FBA01504B0304140006080800CC70623BA24EB22D72010000D40300000C0000006662782F636F72652E786D6CC5535B6E833010BC8AE5DF0A6C5E49888CA3A6694ED00B38E05014B091B1518EDFE511A5A9D228FD2A1F60CDEC7A67C6986DCE4D8D7A
310
69BA4AAB0C073EC548AA5C17952A33ECECD15B61B4E1CC686DBF9561A44423333CC098B3D268D7CE50AE9595CA02AA74216750749DB418E5352C32DCE59FB211BE70162ABA93DF8AFC244AE9073ED050C759670D0840D390E18DF9F1706664C23973AE2A66B62A605A75ACA4C13C4976E1364A12EF355A2EBD384AF65EFA96
310
BC7B8BED2EA6719AAE16FB8491A199335B351775B991C2CA02F390D2D40B028F861F41BCA68B7518BFD0D59A524686F29B26D7164F36B94AD9289CE54E6D1DE6010819891F6E21228B3AD1831EC219194284CF98F06DD01008846CC5A1BEF83801D4CBDC6A1303536877A57A513B0953A94FC707FDBE6064EA84A9E3E6E0FA
310
EE8CF0E9198F7784A316AA0413C2C2F2E0ECA0934D1AE6D05A69BCDE9E91D2A611F573361E38FC1375157F5752AE6B6DFE4B11990F88CCBF0719EE23FF02504B0304140006080800CC70623B408A7D3B7C0000009D0000000B0000006662782F636E782E786D6C4DCCD10A83201886E15B91FFDC552A92A0064DBC8F581632
310
D3703A76F9ABD1C18E3E78F878E5F0D9027ABBFCF2292AE86E2D20171F69F6715550CB827B40839639A5F2770314A7CD293819B45C73AAFB45B35BA61ACAA1C1C7E7855C58C15BC331339661262CC762340413D68D77DA5B42298546CBE6573AF60CEB2F504B0304140006080800CC70623B449FB9BD290100001202000031
310
0000006662782F36394639363044362D344446342D343946362D394244322D3234314243333846323333332F636F72652E786D6C8D515B6EC32010BC0AE22B55850D98B871848994463E412FE002495162B07854397EA176A4F62F3F2C9A9D991D587EB84F37F0AD7D30CEF6905418026DA553C65E7A98E219ED203808EE9D
310
8B7F6810D871D23D2C3014FCE25D9A57483A1BB58D19B54EE9151C43D0110279CB971E06F9A5A7B11A53CC8C70ADE6515EC78BAE4895DB992778883E0700CB907242D17643D7E2538BD869608875438BBAE38922CAC8F1BDD90DB4691A5E2F42C153326A951B95E398B3D1FE599322163C9AE9115F7A3D46ADA0A018778810
310
84E907617BDCEE297BC5BB3DC6BC2EF47FA234AB2745C9D8D8D035EE220B50105E2F0DC1954B9FB747187D9F9D8FA0CCDB042D5FA0C015C65B42DF78BD10F3F3B363CB56C7109DCFDFBBB97E662ED92EB62D13BC2E1BCAE5777DB9966D8A1F504B0304140006080800CC70623BAD7543B64E01000033030000300000006662
310
782F36394639363044362D344446342D343946362D394244322D3234314243333846323333332F636E782E786D6CD593CD6EC32010845F0571AD6CE3D48AD20813A9873E410FBD12D82434182C7EAAE6EDBB2424CD25871E7B41D6EC30B3FA84F9E67BB2E40B4234DE8DB46F1925E094D7C6ED479AD3AE5951B2113C789FEE
310
6C943839C1488B4C05DF079FE72A69D8C96C13AAD6B8631503449F83828872B949AC57D26200B826A308D316B4064D6E46FCDA41C05550DC9E483A00797BFD207EFB092A45DE9514C1BBD22178396BD39D891265658C238DEA00936C654E5E433CB65A26D9F6EDB5EBC14EBF49A45CB856E66048291F6939A9A81BB5C89177
310
38143CA680F4AA299D66A042CEB3354A2684DC9D8D178FE0D9B8B41CAAD720F880EE7EF93C0C18769E099ECC04D5A102C8049A8A05632F4DDF376CF1DE0F6BB65C2F8627B65A33C6BB62177CEBBDAD973006829F89F22E814B54F4BC2BE347F8AA8F681390B50FA73F804400B5F542E796F19FF974E7F78DB802FE05E20750
310
4B0304140006080800CC70623B8D05915C650500003B100000340000006662782F36394639363044362D344446342D343946362D394244322D3234314243333846323333332F6F626A656374732E786D6CAD575B6FA33814FE2B887D06429276DA1565D4266D158D3A339A6846FB502932E050B66023DB74D2FDF5FB190C01
310
9276B2973C046C8ECFF53B17071F77456EBD502133CEAE6CDF9DD81665314F32965ED995DA3A17B6F5310C04E7AA47665B8C14F4CAD6DB7618A48257A5D94AE89654B91AEDDEDDFC61C998326A5B714EA4BCB265FC440BE2924AF184CA6737218AB8E976E7FA6E4338649B0A523E8D98964450A6A029F619B8588D52FE7039
310
B1BD30F0F4F730D0FF866AF6369557DB33949F31A9088B0F848DD8CCFCF9F2767A76E99CCDE733677E3EF59D9BBB9BA5E37F984D16E78BC5E5F5ED25044B25C0C96822E8D60EEFE11B91C581D77CEA34368A1F5329E68CD1B8B61F16D63A1B8E092D294B10C78C4A48EB593D192E7DED9BDEE7995E1B91FDEDD3ACEA9FE831
310
6A756F9F7D4D79F4274C90A7A04248AA51D5F8C718DAE06FB2F75AC4796EBE65D22A88A22223B995679120E2D50E41AA49C260C046A35368846B0BECD0DFF3EBEB8AD4F835768F69B9ADF25C43D30E6B646F807FAA64AD59F61715C7A54127C4AACA98BA3006A9D792DAE165E0D59B61A01FB3A9F9D838D2DAE62445C86166
310
F37564E842E7DE6A69879FEEA2DD5AE7E371E1A5E025154AC307D06A03D73EB5978C58FFA4C8E9033066E0F3BD53BEC1F39F91BE7B55103791EDE6BBB991A2046172CB4581D8B893FA674DDA17A77B3B7C413D1B511FD2743BFF8A38F03A658705E3ADF8015C3A3417FF3D7E439FF591DA0B5F18BC20C1B8981957AE6392A3
310
F43C640C01D1A0B4728E2DD4F26DB4B3C3152A252A3B4E913CEC1C72F012782FF88EFF8637AA552DBEF76408E8A8DE9E50F9E1CB3A2DA0DB1B6039A893B56063DC5B3E3FFB5F72E67AB9FEB4AEC496C4F4C1149625DD662C53E89D7BF0F6151A046260D1337DFDC94502430F83B0EE07A130A224BCAD7DAE1D9FB6CD422FF6
310
920702629C4BB9AE79C12F243C6432A6794E18E5552BA56B431AAB5D91317302B2B071E86C3A42B1A02F999E24061403B5D0EB639195DA655DD3EBEAB4FB862DDF579F014AD0E73C22F99E28DA57FB98E75C6CA2D74D53086D600F4786E0FE3144B771A8A7B900F03594DB8A633CBC49B2EDB69228BB479CF863B5E807AAAB
310
23872F6DFEB4129B949CA33823F58830E86D65621E10047D9DB34D862E8EAC3C2ABC2F7B2C40D67CDFE01F5545B92105AF983AC54D93D69E56FB8E797F88913F898A9FEC705D3F9D1B54EC8426FB500D40A03BD0119B06E1B95DDC7EB8F6975367793EBD70E66733DFB9BC982F9CE564727731999F5D4ECFCE3B8D6A4DC2A0
310
6D50FD148437D110834A64C6CDDF57FBACB5C307A2A477DFE4939736CFEF2B175371E0E10CF0DD1D5C15654E0BCA14D1E87DD02FF93782A162C0A3D95F1524A52770F972BF1EE9809D13CE7DD599467F8ECE9ADD85CE85A34CD45355448C64F9E8A031DC2D596ACC6E5DD93D9B82DE2EF5CAF81363A8E47996A0DE24564A79
310
4115AACE09C55E14540231FDA13C319787134EBF34E3A022514E5B4D9E0826E25C02D5805B15ABE1BEF51B26383D445DD9E875EE33FE4C22DA16427D65A3BCA92CA6D28DD01DF5DC53330704308475351050232CCD31583787BA75774AFB06E5070DD0C8EF484E19968C5D83BA5B90B244D31E54D55A372320FE4786B7EA58
310
44E135AA5467CB7EA333A61683CC6A8C3257034C10CF46F40EF9F5BE59BE5BD30C3C72D235E95D10345C1D45445A5F0BB47E46A5EBE5570F9380B5FA629579952296A773720405982B9DE04011506178964401AA8BDF1FBF0A8EAB6861DD6580C0E38217056766716DAEB2D6FA0917D3E4116581EADB879C4E7CFFB11EFACD
310
3D641311495D92C8676CB409A72D18610D803CE8A626049E8EC1887CB5B44CC39883690DDA8399B4B9855B481E7D71D4A9D22F96E5BB73BF5793020C02137BF837504B0304140006080000CC70623B000000000000000000000000350000006662782F36394639363044362D344446342D343946362D394244322D32343142
310
43333846323333332F76657274696365732E62696E504B0304140006080800CC70623BF270F1330600000004000000360000006662782F36394639363044362D344446342D343946362D394244322D3234314243333846323333332F747269616E676C65732E62696E636660600000504B0304140006080000CC70623B0000
310
00000000000000000000370000006662782F36394639363044362D344446342D343946362D394244322D3234314243333846323333332F617474726962757465732E62696E504B0304140006080800CC70623B08DA0BD19000000041010000360000006662782F36394639363044362D344446342D343946362D394244322D
310
3234314243333846323333332F6469726563746F72792E786D6C858F410AC3201045AF22B36F53E9A60B35CBEEBAE80D244E44489C6234F4F835464A48035D0DF398FF9F8AF63D0E6CC63039F212F8F9020C7D47C6792B21C5FE7403D62A1188E2E60C98D7234A5830286103A55745067B9D86B8A3CF9C7F90C11DE607FB14
310
4396D7B6A82D282E9A152AD114D5EF2CB866EEE831B8EEA07A7BB5A8D7D61A2BAAEB7FD5F70921FF497D00504B0304140006080800CC70623BCA768048FE000000A00100003B0000006662782F36394639363044362D344446342D343946362D394244322D3234314243333846323333332F7265736F75726365732F636F72
310
652E786D6C8D50596E833010BD0A9ADFCA60D600328E9AA639412F609909B1126CE4A5EAF16B0295DABFFECC8CDEA2797AECF8353F924FB44E193D409E5248504B332A3D0D10FC95B4901C39B3C6F85F3248B49871801506CE266BC2B243D2688FDA47549B11775038871E12F988C7004EDE7016A9083E2ADC3D5D84BC8B09
310
D33C8D74D471E6BC8D0192EDC93A815B742658898E651BCB59086ADC356A8C3FD555A1055ED7E7E254D615792D0F075295F585746FF53B694EE78A565DD736979A65AB9933AFE69F8CD2A2F038022F28ED489E135A7CE4554F9BBEA85E68DB53CAB255FEC71496F19FA6A0B42F8B3DEE6673C0F318E4497096AD7DC5F52C33
310
EEB55BFE0D504B010214000A0000080000CC70623B3DEE336E79000000790000001B00000000000000000000000000000000006175746F6465736B2D64657369676E2D7061636B6167652E786D6C504B01021400140006080800CC70623BD486FD9CA0000000F40000001300000000000000000000000000B20000005B436F
310
6E74656E745F54797065735D2E786D6C504B01021400140006080800CC70623BD9DDAED0EC0000007C010000080000000000000000000000000083010000636F72652E786D6C504B01021400140006080800CC70623B55019EA25F0000007C000000070000000000000000000000000095020000636E782E786D6C504B0102
310
1400140006080800CC70623BA24EB22D72010000D40300000C00000000000000000000000000190300006662782F636F72652E786D6C504B01021400140006080800CC70623B408A7D3B7C0000009D0000000B00000000000000000000000000B50400006662782F636E782E786D6C504B01021400140006080800CC70623B
310
449FB9BD290100001202000031000000000000000000000000005A0500006662782F36394639363044362D344446342D343946362D394244322D3234314243333846323333332F636F72652E786D6C504B01021400140006080800CC70623BAD7543B64E010000330300003000000000000000000000000000D20600006662
310
782F36394639363044362D344446342D343946362D394244322D3234314243333846323333332F636E782E786D6C504B01021400140006080800CC70623B8D05915C650500003B10000034000000000000000000000000006E0800006662782F36394639363044362D344446342D343946362D394244322D32343142433338
310
46323333332F6F626A656374732E786D6C504B01021400140006080000CC70623B0000000000000000000000003500000000000000000000000000250E00006662782F36394639363044362D344446342D343946362D394244322D3234314243333846323333332F76657274696365732E62696E504B010214001400060808
310
00CC70623BF270F13306000000040000003600000000000000000000000000780E00006662782F36394639363044362D344446342D343946362D394244322D3234314243333846323333332F747269616E676C65732E62696E504B01021400140006080000CC70623B00000000000000000000000037000000000000000000
310
00000000D20E00006662782F36394639363044362D344446342D343946362D394244322D3234314243333846323333332F617474726962757465732E62696E504B01021400140006080800CC70623B08DA0BD190000000410100003600000000000000000000000000270F00006662782F36394639363044362D344446342D
310
343946362D394244322D3234314243333846323333332F6469726563746F72792E786D6C504B01021400140006080800CC70623BCA768048FE000000A00100003B000000000000000000000000000B1000006662782F36394639363044362D344446342D343946362D394244322D3234314243333846323333332F7265736F
310
75726365732F636F72652E786D6C504B0506000000000E000E0080040000621100000000
  0
DICTIONARY
  5
1FF
330
2
100
AcDbDictionary
280
     1
281
     1
  3
ACAD_LAYERSTATES
360
200
  0
DICTIONARY
  5
200
102
{ACAD_REACTORS
330
1FF
102
}
330
1FF
100
AcDbDictionary
281
     1
  0
DICTIONARY
  5
205
330
22
100
AcDbDictionary
280
     1
281
     1
  3
ADSK_XREC_LAYOUTTHUMBNAIL
360
453
  0
XRECORD
  5
216
102
{ACAD_REACTORS
330
C
102
}
330
C
100
AcDbXrecord
280
     1
300
ACD
300
2024
300

  0
DICTIONARY
  5
219
102
{ACAD_REACTORS
330
C
102
}
330
C
100
AcDbDictionary
281
     1
  3
Metric50
350
21A
  0
ACDBSECTIONVIEWSTYLE
  5
21A
102
{ACAD_XDICTIONARY
360
55B
102
}
102
{ACAD_REACTORS
330
219
102
}
330
219
100
AcDbModelDocViewStyle
 70
     0
  3
Metric50
290
     0
100
AcDbSectionViewStyle
 70
     0
 71
     0
 90
      102
 71
     1
340
11
 62
     0
 40
5
340
0
340
0
 62
     0
 40
5
300
I, O, Q, S, X, Z
 40
10
 90
        0
 40
2.5
 90
        0
 71
     2
340
16
 90
       25
 62
     0
340
16
 90
       50
 62
     0
 40
5
 40
2.5
 40
5
 71
     3
340
11
 62
     0
 40
5
 90
        0
 40
15
 90
        1
300
%<\AcVar ViewSectionStartId>%-%<\AcVar ViewSectionEndId>% (%<\AcVar ViewScale \f "%sn">%)
 71
     4
 62
     0
 62
   257
300
ANSI31
 40
1
 90
        0
290
     0
290
     0
 90
        6
 40
0
 40
1.570796326794897
 40
0.2617993877991494
 40
1.308996938995747
 40
-0.2617993877991494
 40
1.832595714594046
  0
DICTIONARY
  5
21B
102
{ACAD_REACTORS
330
C
102
}
330
C
100
AcDbDictionary
281
     1
  3
Metric50
350
21C
  0
ACDBDETAILVIEWSTYLE
  5
21C
102
{ACAD_XDICTIONARY
360
55D
102
}
102
{ACAD_REACTORS
330
21B
102
}
330
21B
100
AcDbModelDocViewStyle
 70
     0
  3
Metric50
290
     0
100
AcDbDetailViewStyle
 70
     0
 71
     0
 90
        3
 71
     1
340
11
 62
     0
 40
5
340
0
 62
     0
 40
5
300

 40
0
280
     1
 71
     2
340
16
 90
       25
 62
     0
 71
     3
340
11
 62
     0
 40
5
 90
        0
 40
15
 90
        1
300
%<\AcVar ViewDetailId>% (%<\AcVar ViewScale \f "%sn">%)
 71
     4
340
16
 90
       25
 62
     0
340
16
 90
       25
 62
     0
280
     0
  0
DICTIONARY
  5
2B9
330
2B8
100
AcDbDictionary
280
     1
281
     1
  3
ACAD_SORTENTS
360
2BA
  0
SORTENTSTABLE
  5
2BA
102
{ACAD_REACTORS
330
2B9
102
}
330
2B9
100
AcDbSortentsTable
  0
DICTIONARY
  5
2C4
330
2C3
100
AcDbDictionary
280
     1
281
     1
  3
ACAD_SORTENTS
360
2C5
  0
SORTENTSTABLE
  5
2C5
102
{ACAD_REACTORS
330
2C4
102
}
330
2C4
100
AcDbSortentsTable
  0
DICTIONARY
  5
344
330
343
100
AcDbDictionary
280
     1
281
     1
  3
ACAD_SORTENTS
360
345
  0
SORTENTSTABLE
  5
345
102
{ACAD_REACTORS
330
344
102
}
330
344
100
AcDbSortentsTable
  0
DICTIONARY
  5
3AC
330
3AB
100
AcDbDictionary
280
     1
281
     1
  3
ACAD_SORTENTS
360
3AD
  0
SORTENTSTABLE
  5
3AD
102
{ACAD_REACTORS
330
3AC
102
}
330
3AC
100
AcDbSortentsTable
  0
DICTIONARY
  5
3B9
330
3B8
100
AcDbDictionary
280
     1
281
     1
  0
MLINESTYLE
  5
3D0
102
{ACAD_REACTORS
330
17
102
}
330
17
100
AcDbMlineStyle
  2
MLST1
 70
  1088
  3

 62
     0
 51
90
 52
90
 71
     3
 49
0.5
 62
     0
  6
BYLAYER
 49
0
 62
     8
  6

 49
-0.5
 62
     0
  6
BYLAYER
  0
DICTIONARY
  5
3D1
102
{ACAD_REACTORS
330
C
102
}
330
C
100
AcDbDictionary
281
     2
  3
#REVCLOUDAPPROXARCLEN
350
3D2
  3
ANNOALLVISIBLE
350
3D3
  3
CANNOSCALE
350
3D4
  3
CMLEADERSTYLE
350
3D5
  3
CTABLESTYLE
350
3D6
  3
CVIEWDETAILSTYLE
350
3D7
  3
CVIEWSECTIONSTYLE
350
3D8
  3
DIMADEC
350
3D9
  3
DIMASSOC
350
3DA
  3
DRAWORDERCTL
350
3DB
  3
DWFFRAME
350
3DC
  3
HIDETEXT
350
3DD
  3
HPCOLOR
350
3DE
  3
HPINHERIT
350
3DF
  3
HPORIGIN
350
3E0
  3
HPTRANSPARENCY
350
3E1
  3
INDEXCTL
350
3E2
  3
LAYEREVAL
350
3E3
  3
LAYERNOTIFY
350
3E4
  3
LIGHTINGUNITS
350
3E5
  3
MLEADERSCALE
350
3E7
  3
MSLTSCALE
350
3E8
  3
PDFFRAME
350
3E9
  3
POINTCLOUDCLIPFRAME
350
3EA
  3
PROJECTNAME
350
3EB
  3
SOLIDHIST
350
3EC
  3
SORTENTS
350
3ED
  3
XCLIPFRAME
350
55F
  0
DICTIONARYVAR
  5
3D2
102
{ACAD_REACTORS
330
3D1
102
}
330
3D1
100
DictionaryVariables
280
     0
  1
30.000000
  0
DICTIONARYVAR
  5
3D3
102
{ACAD_REACTORS
330
3D1
102
}
330
3D1
100
DictionaryVariables
280
     0
  1
1
  0
DICTIONARYVAR
  5
3D4
102
{ACAD_REACTORS
330
3D1
102
}
330
3D1
100
DictionaryVariables
280
     0
  1
1:1
  0
DICTIONARYVAR
  5
3D5
102
{ACAD_REACTORS
330
3D1
102
}
330
3D1
100
DictionaryVariables
280
     0
  1
STANDARD
  0
DICTIONARYVAR
  5
3D6
102
{ACAD_REACTORS
330
3D1
102
}
330
3D1
100
DictionaryVariables
280
     0
  1
STANDARD
  0
DICTIONARYVAR
  5
3D7
102
{ACAD_REACTORS
330
3D1
102
}
330
3D1
100
DictionaryVariables
280
     0
  1
Metric50
  0
DICTIONARYVAR
  5
3D8
102
{ACAD_REACTORS
330
3D1
102
}
330
3D1
100
DictionaryVariables
280
     0
  1
Metric50
  0
DICTIONARYVAR
  5
3D9
102
{ACAD_REACTORS
330
3D1
102
}
330
3D1
100
DictionaryVariables
280
     0
  1
-1
  0
DICTIONARYVAR
  5
3DA
102
{ACAD_REACTORS
330
3D1
102
}
330
3D1
100
DictionaryVariables
280
     0
  1
2
  0
DICTIONARYVAR
  5
3DB
102
{ACAD_REACTORS
330
3D1
102
}
330
3D1
100
DictionaryVariables
280
     0
  1
3
  0
DICTIONARYVAR
  5
3DC
102
{ACAD_REACTORS
330
3D1
102
}
330
3D1
100
DictionaryVariables
280
     0
  1
2
  0
DICTIONARYVAR
  5
3DD
102
{ACAD_REACTORS
330
3D1
102
}
330
3D1
100
DictionaryVariables
280
     0
  1
1
  0
DICTIONARYVAR
  5
3DE
102
{ACAD_REACTORS
330
3D1
102
}
330
3D1
100
DictionaryVariables
280
     0
  1
RGB:99,100,102
  0
DICTIONARYVAR
  5
3DF
102
{ACAD_REACTORS
330
3D1
102
}
330
3D1
100
DictionaryVariables
280
     0
  1
0
  0
DICTIONARYVAR
  5
3E0
102
{ACAD_REACTORS
330
3D1
102
}
330
3D1
100
DictionaryVariables
280
     0
  1
0.000000;0.000000
  0
DICTIONARYVAR
  5
3E1
102
{ACAD_REACTORS
330
3D1
102
}
330
3D1
100
DictionaryVariables
280
     0
  1
ByLayer
  0
DICTIONARYVAR
  5
3E2
102
{ACAD_REACTORS
330
3D1
102
}
330
3D1
100
DictionaryVariables
280
     0
  1
0
  0
DICTIONARYVAR
  5
3E3
102
{ACAD_REACTORS
330
3D1
102
}
330
3D1
100
DictionaryVariables
280
     0
  1
0
  0
DICTIONARYVAR
  5
3E4
102
{ACAD_REACTORS
330
3D1
102
}
330
3D1
100
DictionaryVariables
280
     0
  1
0
  0
DICTIONARYVAR
  5
3E5
102
{ACAD_REACTORS
330
3D1
102
}
330
3D1
100
DictionaryVariables
280
     0
  1
2
  0
DICTIONARYVAR
  5
3E7
102
{ACAD_REACTORS
330
3D1
102
}
330
3D1
100
DictionaryVariables
280
     0
  1
1.000000
  0
DICTIONARYVAR
  5
3E8
102
{ACAD_REACTORS
330
3D1
102
}
330
3D1
100
DictionaryVariables
280
     0
  1
1
  0
DICTIONARYVAR
  5
3E9
102
{ACAD_REACTORS
330
3D1
102
}
330
3D1
100
DictionaryVariables
280
     0
  1
1
  0
DICTIONARYVAR
  5
3EA
102
{ACAD_REACTORS
330
3D1
102
}
330
3D1
100
DictionaryVariables
280
     0
  1
0
  0
DICTIONARYVAR
  5
3EB
102
{ACAD_REACTORS
330
3D1
102
}
330
3D1
100
DictionaryVariables
280
     0
  1

  0
DICTIONARYVAR
  5
3EC
102
{ACAD_REACTORS
330
3D1
102
}
330
3D1
100
DictionaryVariables
280
     0
  1
0
  0
DICTIONARYVAR
  5
3ED
102
{ACAD_REACTORS
330
3D1
102
}
330
3D1
100
DictionaryVariables
280
     0
  1
127
  0
DICTIONARY
  5
409
102
{ACAD_REACTORS
330
C
102
}
330
C
100
AcDbDictionary
281
     1
  0
DICTIONARY
  5
417
330
416
100
AcDbDictionary
280
     1
281
     1
  3
ACAD_MLATT
360
509
  3
ACAD_XREC_ROUNDTRIP
360
508
  0
DICTIONARY
  5
419
330
418
100
AcDbDictionary
280
     1
281
     1
  3
ACAD_MLATT
360
50B
  3
ACAD_XREC_ROUNDTRIP
360
50A
  0
DICTIONARY
  5
41B
330
41A
100
AcDbDictionary
280
     1
281
     1
  3
ACAD_MLATT
360
50D
  3
ACAD_XREC_ROUNDTRIP
360
50C
  0
DICTIONARY
  5
41D
330
41C
100
AcDbDictionary
280
     1
281
     1
  3
ACAD_MLATT
360
50F
  3
ACAD_XREC_ROUNDTRIP
360
50E
  0
DICTIONARY
  5
41F
330
41E
100
AcDbDictionary
280
     1
281
     1
  3
ACAD_MLATT
360
511
  3
ACAD_XREC_ROUNDTRIP
360
510
  0
DICTIONARY
  5
421
330
420
100
AcDbDictionary
280
     1
281
     1
  3
ACAD_MLATT
360
513
  3
ACAD_XREC_ROUNDTRIP
360
512
  0
DICTIONARY
  5
423
330
422
100
AcDbDictionary
280
     1
281
     1
  3
ACAD_MLATT
360
515
  3
ACAD_XREC_ROUNDTRIP
360
514
  0
XRECORD
  5
42E
102
{ACAD_REACTORS
330
C
102
}
330
C
100
AcDbXrecord
280
     1
300
{9133A9BA-1253-7641-989C-9AAFCBDE59DB}
301
{12991D48-89BE-2244-BC39-8124533F4B8D}
302
{9133A9BA-1253-7641-989C-9AAFCBDE59DB}
303
C:\Users\Admin\Downloads\Prj.270 Truong Chinh\ABD_Khung ban ve_Hoan cong.dwg
  0
XRECORD
  5
453
102
{ACAD_REACTORS
330
205
102
}
330
205
100
AcDbXrecord
280
     1
310
2800000018010000000100000100080000000000001801000100000001000000000100000000000030282100FFFFFF21302821FF000000FF000000FF000000FF000000FF000000FF000000FF000000FF000000FF330000FF660000FF990000FFCC0000FFFF0000FF003300FF333300FF663300FF993300FFCC3300FFFF3300
310
FF006600FF336600FF666600FF996600FFCC6600FFFF6600FF009900FF339900FF669900FF999900FFCC9900FFFF9900FF00CC00FF33CC00FF66CC00FF99CC00FFCCCC00FFFFCC00FF00FF00FF33FF00FF66FF00FF99FF00FFCCFF00FFFFFF00FF000033FF330033FF660033FF990033FFCC0033FFFF0033FF003333FF3333
310
33FF663333FF993333FFCC3333FFFF3333FF006633FF336633FF666633FF996633FFCC6633FFFF6633FF009933FF339933FF669933FF999933FFCC9933FFFF9933FF00CC33FF33CC33FF66CC33FF99CC33FFCCCC33FFFFCC33FF00FF33FF33FF33FF66FF33FF99FF33FFCCFF33FFFFFF33FF000066FF330066FF660066FF99
310
0066FFCC0066FFFF0066FF003366FF333366FF663366FF993366FFCC3366FFFF3366FF006666FF336666FF666666FF996666FFCC6666FFFF6666FF009966FF339966FF669966FF999966FFCC9966FFFF9966FF00CC66FF33CC66FF66CC66FF99CC66FFCCCC66FFFFCC66FF00FF66FF33FF66FF66FF66FF99FF66FFCCFF66FF
310
FFFF66FF000099FF330099FF660099FF990099FFCC0099FFFF0099FF003399FF333399FF663399FF993399FFCC3399FFFF3399FF006699FF336699FF666699FF996699FFCC6699FFFF6699FF009999FF339999FF669999FF999999FFCC9999FFFF9999FF00CC99FF33CC99FF66CC99FF99CC99FFCCCC99FFFFCC99FF00FF99
310
FF33FF99FF66FF99FF99FF99FFCCFF99FFFFFF99FF0000CCFF3300CCFF6600CCFF9900CCFFCC00CCFFFF00CCFF0033CCFF3333CCFF6633CCFF9933CCFFCC33CCFFFF33CCFF0066CCFF3366CCFF6666CCFF9966CCFFCC66CCFFFF66CCFF0099CCFF3399CCFF6699CCFF9999CCFFCC99CCFFFF99CCFF00CCCCFF33CCCCFF66CC
310
CCFF99CCCCFFCCCCCCFFFFCCCCFF00FFCCFF33FFCCFF66FFCCFF99FFCCFFCCFFCCFFFFFFCCFF0000FFFF3300FFFF6600FFFF9900FFFFCC00FFFFFF00FFFF0033FFFF3333FFFF6633FFFF9933FFFFCC33FFFFFF33FFFF0066FFFF3366FFFF6666FFFF9966FFFFCC66FFFFFF66FFFF0099FFFF3399FFFF6699FFFF9999FFFFCC
310
99FFFFFF99FFFF00CCFFFF33CCFFFF66CCFFFF99CCFFFFCCCCFFFFFFCCFFFF00FFFFFF33FFFFFF66FFFFFF99FFFFFFCCFFFFFFFFFFFFFF000000FF0D0D0DFF1A1A1AFF282828FF353535FF434343FF505050FF5D5D5DFF6B6B6BFF787878FF868686FF939393FFA1A1A1FFAEAEAEFFBBBBBBFFC9C9C9FFD6D6D6FFE4E4E4FF
310
F1F1F1FFFFFFFFFF000000FF000000FF000000FF000000FF000000FF000000FF000000FF000000FF000000FF000000FF00000000F50000F50000000000000000000000000000000000000000000000000000000000000000000000000000000000000000000000000000000000000000000000000000000000000000000000
310
00000000F5F500000000F5F5F50000F5F500000000000000F5F50000F5F5000000000000000000F5F50000F5F5F500000000F500000000F5F500000000000000F5F500000000000000F500000000F5F50000F5F5000000000000000000F5F50000F5F500000000000000F5F5F5000000000000000000000000000000000000
310
0000000000000000000000000000000000000000000000000000000000000000000000000000000000000000000000000000000000000000000000000000F50000F500F5F5F5F500000000000000F50000F5000000000000000000000000000000000000000000000000000000000000000000000000000000000000000000
310
000000000000000000000000000000000000000000000000000000000000F5F500000000F5F5000000F5F500000000000000F5F5000000F5F500000000000000F5F50000F5F50000000000000000000000F5F500000000000000F5F500000000000000000000000000F5F50000F5F500000000000000F5F5000000F5F50000
310
00000000F5F5F5F50000000000000000000000000000000000000000000000000000000000000000000000000000000000000000000000000000000000000000000000000000000000000000000000000000000000000000F50000F500F5F5F5F500000000000000F50000F500000000000000000000000000000000000000
310
0000000000000000000000000000000000000000000000000000000000000000000000000000000000000000000000000000000000000000F5F5000000F5F500000000F5F500000000000000F5F5000000F5F500000000000000F5F50000F5F50000000000000000000000F5F500000000000000F5F5000000000000000000
310
00000000F5F50000F5F500000000000000F5F5000000F5F50000000000F5F500F5F50000000000000000000000000000000000000000000000000000000000000000000000000000000000000000000000000000000000000000000000000000000000000000000000000000000000000000F50000F500F5F5F5F500000000
310
000000F50000F5000000000000000000000000000000000000000000000000000000000000000000000000000000000000000000000000000000000000000000000000000000000000000000000000000000F5F50000F5F50000000000F5F500000000000000F5F500000000F5F5F5F5F5F5F5F5F50000F5F5000000000000
310
000000000000F5F500000000000000F5F500000000000000000000000000F5F5000000F5F5F5F5F5F5F5F5F500000000F5F50000000000F5F500F5F500000000000000000000000000000000000000000000000000000000000000000000000000000000000000000000000000000000000000000000000000000000000000
310
00000000000000000000000000F50000F500F5F5F5F500000000000000F50000F5000000000000000000000000000000000000000000000000000000000000000000000000000000000000000000000000000000000000000000000000000000000000000000000000000000F5F500F5F5000000000000F5F5000000000000
310
00F5F500000000F5F50000000000F5F50000F5F5000000000000000000000000F5F500000000000000F5F5000000000000000000000000F5F500000000F5F50000000000F5F500000000F5F500000000F5F50000F5F50000000000000000000000000000000000000000000000000000000000000000000000000000000000
310
000000000000000000000000000000000000000000000000000000000000000000000000000000F50000F500F5F5F5F500000000000000F50000F50000000000000000000000000000000000000000000000000000000000000000000000000000000000000000000000000000000000000000000000000000000000000000
310
00000000000000F5F5F5F500000000000000F5F500000000000000F5F500000000F5F50000000000F5F50000F5F5000000000000000000000000F5F500000000000000F5F500000000000000000000F5F5F50000000000F5F50000000000F5F500000000F5F5000000F5F5000000F5F5000000000000000000000000000000
310
0000000000000000000000000000000000000000000000000000000000000000000000000000000000000000000000000000000000000000000000000000000000F50000F500F5F5F5F500000000000000F50000F5000000000000000000000000000000000000000000000000000000000000000000000000000000000000
310
000000000000000000000000000000000000000000000000000000000000000000F5F5F5F500000000000000F5F5F5F5F5F5F5F5F5F5F50000000000F5F5000000F5F5000000F5F5000000000000000000000000F5F5F5F5F5F5F5F5F5F5F5000000000000000000F5F5F500000000000000F5F5000000F5F50000000000F5
310
F5000000F5F5000000F5F50000000000000000000000000000000000000000000000000000000000000000000000000000000000000000000000000000000000000000000000000000000000000000000000000000000000000000F50000F500F5F5F5F500000000000000F50000F500000000000000000000000000000000
310
0000000000000000000000000000000000000000000000000000000000000000000000000000000000000000000000000000000000000000000000F5F500F5F5000000000000F5F500000000000000F5F50000000000F5F5000000F5F5000000F5F5000000000000000000000000F5F500000000000000F5F5000000000000
310
0000F5F5000000000000000000F5F5000000F5F50000000000F5F50000F5F500000000F5F50000000000000000000000000000000000000000000000000000000000000000000000000000000000000000000000000000000000000000000000000000000000000000000000000000000000000000F50000F500F5F5F5F500
310
000000000000F50000F5000000000000000000000000000000000000000000000000000000000000000000000000000000000000000000000000000000000000000000000000000000000000000000000000000000F5F50000F5F50000000000F5F500000000000000F5F5000000000000F5F500F5F500000000F5F5000000
310
000000000000000000F5F500000000000000F5F500000000000000F5F50000000000000000000000F5F500F5F5000000000000F5F500F5F50000000000F5F500000000000000000000000000000000000000000000000000000000000000000000000000000000000000000000000000000000000000000000000000000000
310
00000000000000000000000000000000F50000F500F5F5F5F500000000000000F50000F5000000000000000000000000000000000000000000000000000000000000000000000000000000000000000000000000000000000000000000000000000000000000000000000000000000F5F5000000F5F500000000F5F5000000
310
00000000F5F5000000000000F5F500F5F50000000000F5F50000000000000000000000F5F500000000000000F5F500000000000000F5F50000000000000000000000F5F500F5F5000000000000F5F500F5F50000000000F5F50000000000000000000000000000000000000000000000000000000000000000000000000000
310
000000000000000000000000000000000000000000000000000000000000000000000000000000000000F50000F500F5F5F5F500000000000000F50000F50000000000000000000000000000000000000000000000000000000000000000000000000000000000000000000000000000000000000000000000000000000000
310
00000000000000000000F5F500000000F5F5000000F5F500000000000000F5F500000000000000F500F5000000000000F5F5F500000000000000000000F5F500000000000000F5F500000000000000F5F5000000000000000000000000F500F500000000000000F5F5F5F5000000000000F5F5000000000000000000000000
310
0000000000000000000000000000000000000000000000000000000000000000000000000000000000000000000000000000000000000000000000000000000000000000F50000F500F5F5F5F500000000000000F50000F5000000000000000000000000000000000000000000000000000000000000000000000000000000
310
000000000000000000000000000000000000000000000000000000000000000000000000F5F50000000000F5F50000F5F500000000000000F5F500000000000000F5F5F500000000000000F5F5F500000000F500000000F5F500000000000000F5F50000000000000000F5F5000000F500000000000000F5F5F50000000000
310
0000F5F5F500000000000000F5F50000000000000000000000000000000000000000000000000000000000000000000000000000000000000000000000000000000000000000000000000000000000000000000000000000000000000000F50000F500F5F5F5F500000000000000F50000F500000000000000000000000000
310
0000000000000000000000000000000000000000000000000000000000000000000000000000000000000000000000000000000000000000000000000000F5F50000000000F5F5F500F5F500000000000000F5F500000000000000F5F5F5000000000000000000F5F5F5F5F5F500000000F5F500000000000000F5F5000000
310
000000000000F5F5F5F5F500000000000000F5F5F500000000000000F5F5F500000000000000F5F50000000000000000000000000000000000000000000000000000000000000000000000000000000000000000000000000000000000000000000000000000000000000000000000000000000000000000F50000F500F5F5
310
F5F500000000000000F50000F5000000000000000000000000000000000000000000000000000000000000000000000000000000000000000000000000000000000000000000000000000000000000000000000000000000000000000000000000000000000000000000000000000000000000000000000000000000000000
310
00000000000000000000000000000000000000000000000000000000000000000000000000000000000000000000000000000000000000000000000000000000000000000000000000000000000000000000000000000000000000000000000000000000000000000000000000000000000000000000000000000000000000
310
00000000000000000000000000000000000000F50000F500F5F5F5F500000000000000F50000F500000000000000000000000000000000000000000000000000000000000000000000000000000000000000000000000000000000000000000000000000000000000000000000000000000000000000000000000000000000
310
00000000000000000000000000000000F5F500000000000000000000000000000000000000000000000000000000000000000000000000000000000000000000000000000000000000000000000000000000000000000000000000000000000000000000000000000000000000000000000000000000000000000000000000
310
000000000000000000000000000000000000000000000000000000000000000000000000000000000000000000F50000F500F5F5F5F500000000000000F50000F50000000000000000000000000000000000000000000000000000000000000000000000000000000000000000000000000000000000000000000000000000
310
00000000000000000000000000000000000000000000000000000000000000000000000000000000000000F5F500000000000000000000000000000000000000000000000000000000000000000000000000000000000000000000000000000000000000000000000000000000000000000000000000000000000000000000
310
0000000000000000000000000000000000000000000000000000000000000000000000000000000000000000000000000000000000000000000000000000000000000000000000F50000F500F5F5F5F500000000000000F50000F5000000000000000000000000000000000000000000000000000000000000000000000000
310
00000000000000000000000000000000000000000000000000000000000000000000000000000000000000000000000000000000000000000000000000000000000000000000F5F500000000000000000000000000000000000000000000000000000000000000000000000000000000000000000000000000000000000000
310
00000000000000000000000000000000000000000000000000000000000000000000000000000000000000000000000000000000000000000000000000000000000000000000000000000000000000000000000000000000000000000000000000F50000F500F5F5F5F500000000000000F50000F500000000000000000000
310
00000000000000000000000000000000000000000000000000000000000000000000000000000000000000000000000000000000000000000000000000000000000000000000000000000000000000000000000000000000000000000000000000000000000000000000000000000000000000000000000000000000000000
310
000000000000000000000000000000000000000000000000000000000000000000000000000000000000000000000000000000000000000000000000000000000000000000000000000000000000000000000000000000000000000000000000000000000000000000000000000000000000000000000000000000F50000F5
310
00F5F5F5F500000000000000F50000F5000000000000000000000000000000000000000000000000000000000000000000000000000000000000000000000000000000000000000000000000000000000000000000000000000000000000000000000000000000000000000000000000000000000000000000000000000000
310
00000000000000000000000000000000000000000000000000000000000000000000000000000000000000000000000000000000000000000000000000000000000000000000000000000000000000000000000000000000000000000000000000000000000000000000000000000000000000000000000000000000000000
310
00000000000000000000000000000000000000000000F50000F500F5F5F5F500000000000000F50000F500000000000000000000000000000000000000000000000000000000000000000000000000000000000000000000000000000000000000000000000000000000000000000000000000000000000000000000000000
310
00000000000000000000000000000000000000000000000000000000000000000000000000000000000000000000000000000000000000000000000000000000000000000000000000000000000000000000000000000000000000000000000000000000000000000000000000000000000000000000000000000000000000
310
000000000000000000000000000000000000000000000000000000000000000000000000000000000000000000000000F50000F500F5F5F5F500000000000000F50000F50000000000000000000000000000000000000000000000000000000000000000000000000000000000000000000000000000000000000000000000
310
00000000000000000000000000000000000000000000000000000000000000000000000000000000000000000000000000000000000000000000000000000000000000000000000000000000000000000000000000000000000000000000000000000000000000000000000000000000000000000000000000000000000000
310
0000000000000000000000000000000000000000000000000000000000000000000000000000000000000000000000000000000000000000000000000000000000000000000000000000F50000F500F5F5F5F500000000000000F50000F5000000000000000000000000000000000000000000000000000000000000000000
310
00000000000000000000000000000000000000000000000000000000000000000000000000000000000000000000000000000000000000000000000000000000000000000000000000000000000000000000000000000000000000000000000000000000000000000000000000000000000000000000000000000000000000
310
00000000000000000000000000000000000000000000000000000000000000000000000000000000000000000000000000000000000000000000000000000000000000000000000000000000000000000000000000000000000000000000000000000000F50000F500F5F5F5F500000000000000F50000F500000000000000
310
00000000000000000000000000000000000000000000000000000000000000000000000000000000000000000000000000000000000000000000000000000000000000000000000000000000000000000000000000000000000000000000000000000000000000000000000000000000000000000000000000000000000000
310
000000000000000000000000000000000000000000000000000000000000000000000000000000000000000000000000000000000000000000000000000000000000000000000000000000000000000000000000000000000000000000000000000000000000000000000000000000000000000000000000000000000000F5
310
0000F500F5F5F5F500000000000000F50000F5000000000000000000000000000000000000000000000000000000000000000000000000000000000000000000000000000000000000000000000000000000000000000000000000000000000000000000000000000000000000000000000000000000000000000000000000
310
00000000000000000000000000000000000000000000000000000000000000000000000000000000000000000000000000000000000000000000000000000000000000000000000000000000000000000000000000000000000000000000000000000000000000000000000000000000000000000000000000000000000000
310
00000000000000000000000000000000000000000000000000F50000F500F5F5F5F500000000000000F50000F500000000000000000000000000000000000000000000000000000000000000000000000000000000000000000000000000000000000000000000000000000000000000000000000000000000000000000000
310
00000000000000000000000000000000000000000000000000000000000000000000000000000000000000000000000000000000000000000000000000000000000000000000000000000000000000000000000000000000000000000000000000000000000000000000000000000000000000000000000000000000000000
310
000000000000000000000000000000000000000000000000000000000000000000000000000000000000000000000000000000F50000F500F5F5F5F500000000000000F50000F50000000000000000000000000000000000000000000000000000000000000000000000000000000000000000000000000000000000000000
310
00000000000000000000000000000000000000000000000000000000000000000000000000000000000000000000000000000000000000000000000000000000000000000000000000000000000000000000000000000000000000000000000000000000000000000000000000000000000000000000000000000000000000
310
0000000000000000000000000000000000000000000000000000000000000000000000000000000000000000000000000000000000000000000000000000000000000000000000000000000000F50000F500F5F5F5F500000000000000F50000F5000000000000000000000000000000000000000000000000000000000000
310
00000000000000000000000000000000000000000000000000000000000000000000000000000000000000000000000000000000000000000000000000000000000000000000000000000000000000000000000000000000000000000000000000000000000000000000000000000000000000000000000000000000000000
310
00000000000000000000000000000000000000000000000000000000000000000000000000000000000000000000000000000000000000000000000000000000000000000000000000000000000000000000000000000000000000000000000000000000000000F50000F500F5F5F5F500000000000000F50000F500000000
310
00000000000000000000000000000000000000000000000000000000000000000000000000000000000000000000000000000000000000000000000000000000000000000000000000000000000000000000000000000000000000000000000000000000000000000000000000000000000000000000000000000000000000
310
00000000000000000000000000000000000000000000000000000000000000000000000000000000000000000000000000000000000000000000000000000000000000000000000000000000000000000000000000000000000000000000000000000000000000000000000000000000000000000000000000000000000000
310
0000F50000F500F5F5F5F500000000000000F50000F5000000000000000000000000000000000000000000000000000000000000000000000000000000000000000000000000000000000000000000000000000000000000000000000000000000000000000000000000000000000000000000000000000000000000000000
310
00000000000000000000000000000000000000000000000000000000000000000000000000000000000000000000000000000000000000000000000000000000000000000000000000000000000000000000000000000000000000000000000000000000000000000000000000000000000000000000000000000000000000
310
00000000000000000000000000000000000000000000000000000000F50000F500F5F5F5F500000000000000F50000F500000000000000000000000000000000000000000000000000000000000000000000000000000000000000000000000000000000000000000000000000000000000000000000000000000000000000
310
00000000000000000000000000000000000000000000000000000000000000000000000000000000000000000000000000000000000000000000000000000000000000000000000000000000000000000000000000000000000000000000000000000000000000000000000000000000000000000000000000000000000000
310
000000000000000000000000000000000000000000000000000000000000000000000000000000000000000000000000000000000000F50000F500F5F5F5F500000000000000F50000F50000000000000000000000000000000000000000000000000000000000000000000000000000000000000000000000000000000000
310
00000000000000000000000000000000000000000000000000000000000000000000000000000000000000000000000000000000000000000000000000000000000000000000000000000000000000000000000000000000000000000000000000000000000000000000000000000000000000000000000000000000000000
310
0000000000000000000000000000000000000000000000000000000000000000000000000000000000000000000000000000000000000000000000000000000000000000000000000000000000000000F50000F500F5F5F5F500000000000000F50000F5000000000000000000000000000000000000000000000000000000
310
00000000000000000000000000000000000000000000000000000000000000000000000000000000000000000000000000000000000000000000000000000000000000000000000000000000000000000000000000000000000000000000000000000000000000000000000000000000000000000000000000000000000000
310
00000000000000000000000000000000000000000000000000000000000000000000000000000000000000000000000000000000000000000000000000000000000000000000000000000000000000000000000000000000000000000000000000000000000000000000F50000F500F5F5F5F500000000000000F50000F500
310
00000000000000000000000000000000000000000000000000000000000000000000000000000000000000000000000000000000000000000000000000000000000000000000000000000000000000000000000000000000000000000000000000000000000000000000000000000000000000000000000000000000000000
310
00000000000000000000000000000000000000000000000000000000000000000000000000000000000000000000000000000000000000000000000000000000000000000000000000000000000000000000000000000000000000000000000000000000000000000000000000000000000000000000000000000000000000
310
0000000000F50000F500F5F5F5F500000000000000F50000F5000000000000000000000000000000000000000000000000000000000000000000000000000000000000000000000000000000000000000000000000000000000000000000000000000000000000000000000000000000000000000000000000000000000000
310
00000000000000000000000000000000000000000000000000000000000000000000000000000000000000000000000000000000000000000000000000000000000000000000000000000000000000000000000000000000000000000000000000000000000000000000000000000000000000000000000000000000000000
310
00000000000000000000000000000000000000000000000000000000000000F50000F500F5F5F5F500000000000000F50000F500000000000000000000000000000000000000000000000000000000000000000000000000000000000000000000000000000000000000000000000000000000000000000000000000000000
310
00000000000000000000000000000000000000000000000000000000000000000000000000000000000000000000000000000000000000000000000000000000000000000000000000000000000000000000000000000000000000000000000000000000000000000000000000000000000000000000000000000000000000
310
000000000000000000000000000000000000000000000000000000000000000000000000000000000000000000000000000000000000000000F50000F500F5F5F5F500000000000000F50000F50000000000000000000000000000000000000000000000000000000000000000000000000000000000000000000000000000
310
00000000000000000000000000000000000000000000000000000000000000000000000000000000000000000000000000000000000000000000000000000000000000000000000000000000000000000000000000000000000000000000000000000000000000000000000000000000000000000000000000000000000000
310
0000000000000000000000000000000000000000000000000000000000000000000000000000000000000000000000000000000000000000000000000000000000000000000000000000000000000000000000F50000F500F5F5F5F500000000000000F50000F5000000000000000000000000000000000000000000000000
310
00000000000000000000000000000000000000000000000000000000000000000000000000000000000000000000000000000000000000000000000000000000000000000000000000000000000000000000000000000000000000000000000000000000000000000000000000000000000000000000000000000000000000
310
00000000000000000000000000000000000000000000000000000000000000000000000000000000000000000000000000000000000000000000000000000000000000000000000000000000000000000000000000000000000000000000000000000000000000000000000000F50000F500F5F5F5F500000000000000F500
310
00F5000000000000000000000000F500000000000000000000000000000000F50000000000000000000000000000000000000000000000000000000000000000000000000000000000000000000000000000000000000000000000000000000000000000000000000000000000000000000000000000000000000000000000
310
00000000000000000000000000000000000000000000000000000000000000000000000000000000000000000000000000000000000000000000000000000000000000000000000000000000000000000000000000000000000000000000000000000000000000000000000000000000000000000000000000000000000000
310
0000000000000000F50000F500F5F5F5F500000000000000F50000F50000000000F5F5F5000000F5F5F500000000F5000000F500000000F500F500000000000000000000F500F5F5F5F500F5F50000F5F5F500F5F5F5F500000000000000000000000000000000000000000000000000000000000000000000000000000000
310
00000000000000000000000000000000000000000000000000000000000000000000000000000000000000000000000000000000000000000000000000000000000000000000000000000000000000000000000000000000000000000000000000000000000000000000000000000000000000000000000000000000000000
310
00000000000000000000000000000000000000000000000000000000000000000000F50000F500F5F5F5F500000000000000F50000F50000000000F50000F50000F50000F5000000F500F500F500F500F5F500F5000000F500000000F500F5F5000000F50000F50000F50000F50000000000F5000000000000000000000000
310
00000000000000000000000000000000000000000000000000000000000000000000000000000000000000000000000000000000000000000000000000000000000000000000000000000000000000000000000000000000000000000000000000000000000000000000000000000000000000000000000000000000000000
310
000000000000000000000000000000000000000000000000000000000000000000000000000000000000000000000000000000000000000000000000F50000F500F5F5F5F500000000000000F50000F50000000000F50000F50000F50000F500000000F500F50000F500F5F50000F50000F5F5000000F5F500F500000000F5
310
00F50000F50000F50000000000F50000000000000000000000000000000000000000000000000000000000000000000000000000000000000000000000000000000000000000000000000000000000000000000000000000000000000000000000000000000000000000000000000000000000000000000000000000000000
310
0000000000000000000000000000000000000000000000000000000000000000000000000000000000000000000000000000000000000000000000000000000000000000000000000000000000000000000000000000F50000F500F5F5F5F500000000000000F50000F50000000000F50000F50000F50000F500000000F500
310
F50000F5F500F50000F50000F500F50000F500F5F500000000F500F50000F50000F50000000000F5000000000000000000000000000000000000000000000000000000000000000000000000000000000000000000000000000000000000000000000000000000000000000000000000000000000000000000000000000000
310
00000000000000000000000000000000000000000000000000000000000000000000000000000000000000000000000000000000000000000000000000000000000000000000000000000000000000000000000000000000000000000000000000000000000000000000000000000000F50000F500F5F5F5F5000000000000
310
00F50000F50000000000F500F5F50000F50000F500000000F5F5000000F50000F5000000F500F500F50000F500F500F50000F50000F50000F5000000F500000000F500000000000000000000000000000000000000000000000000000000000000000000000000000000000000000000000000000000000000000000000000
310
00000000000000000000000000000000000000000000000000000000000000000000000000000000000000000000000000000000000000000000000000000000000000000000000000000000000000000000000000000000000000000000000000000000000000000000000000000000000000000000000000000000000000
310
0000000000000000000000F50000F500F5F5F5F500000000000000F50000F50000000000F5F500000000000000F5F500000000F5000000F50000000000000000F5F5000000F5F5000000F5F5000000000000F5F5F50000F5F500F5F5F5F5000000000000000000000000000000000000000000000000000000000000000000
310
00000000000000000000000000000000000000000000000000000000000000000000000000000000000000000000000000000000000000000000000000000000000000000000000000000000000000000000000000000000000000000000000000000000000000000000000000000000000000000000000000000000000000
310
00000000000000000000000000000000000000000000000000000000000000000000000000F50000F500F5F5F5F500000000000000F50000F5000000000000000000000000000000F500000000F500000000000000000000000000000000000000000000000000000000000000000000000000000000000000000000000000
310
00000000000000000000000000000000000000000000000000000000000000000000000000000000000000000000000000000000000000000000000000000000000000000000000000000000000000000000000000000000000000000000000000000000000000000000000000000000000000000000000000000000000000
310
000000000000000000000000000000000000000000000000000000000000000000000000000000000000000000000000000000000000000000000000000000F50000F500F5F5F5F500000000000000F50000F50000000000000000000000000000000000000000000000000000000000000000000000000000000000000000
310
00000000000000000000000000000000000000000000000000000000000000000000000000000000000000000000000000000000000000000000000000000000000000000000000000000000000000000000000000000000000000000000000000000000000000000000000000000000000000000000000000000000000000
310
0000000000000000000000000000000000000000000000000000000000000000000000000000000000000000000000000000000000000000000000000000000000000000000000000000000000000000000000000000000000F50000F500F5F5F5F500000000000000F50000F5000000000000000000000000000000000000
310
00000000000000000000000000000000000000000000000000000000000000000000000000000000000000000000000000000000000000000000000000000000000000000000000000000000000000000000000000000000000000000000000000000000000000000000000000000000000000000000000000000000000000
310
00000000000000000000000000000000000000000000000000000000000000000000000000000000000000000000000000000000000000000000000000000000000000000000000000000000000000000000000000000000000000000000000000000000000000000000000000000000000000F50000F500F5F5F5F5000000
310
00000000F50000F50000000000000000000000000000000000000000000000000000000000000000000000000000000000000000000000000000000000000000000000000000000000000000000000000000000000000000000000000000000000000000000000000000000000000000000000000000000000000000000000
310
00000000000000000000000000000000000000000000000000000000000000000000000000000000000000000000000000000000000000000000000000000000000000000000000000000000000000000000000000000000000000000000000000000000000000000000000000000000000000000000000000000000000000
310
0000000000000000000000000000F50000F500F5F5F5F500000000000000F50000F5000000000000000000000000000000000000000000000000000000000000000000000000000000000000000000000000000000000000000000000000000000000000000000000000000000000000000000000000000000000000000000
310
00000000000000000000000000000000000000000000000000000000000000000000000000000000000000000000000000000000000000000000000000000000000000000000000000000000000000000000000000000000000000000000000000000000000000000000000000000000000000000000000000000000000000
310
00000000000000000000000000000000000000000000000000000000000000000000000000000000F50000F500F5F5F5F500000000000000F50000F5F5F5F5F5F5F5F5F5F5F5F5F5F5F5F5F5F5F5F5F5F5F5F5F5F5F5F5F5F5F5F5F5F5F5F5F5F5F5F5F5F5F5F5F5F5F5F5F5F5F5F5F5F5F5F5F5F5F5F5F5F5F5F5F5F5F5F5
310
F5F5F5F5F5F5F5F5F5F5F5F5F5F5F5F5F5F5F5F5F5F5F5F5F5F5F5F5F5F5F5F5F5F5F5F5F5F5F5F5F5F5F5F5F5F5F5F5F5F5F5F5F5F5F5F5F5F5F5F5F5F5F5F5F5F5F5F5F5F5F5F5F5F5F5F5F5F5F5F5F5F5F5F5F5F5F5F5F5F5F5F5F5F5F5F5F5F5F5F5F5F5F5F5F5F5F5F5F5F5F5F5F5F5F5F5F5F5F5F5F5F5F5F5F5F5F5
310
F5F5F5F5F5F5F5F5F5F5F5F5F5F5F5F5F5F5F5F5F5F5F5F5F5F5F5F5F5F5F5F5F5F5F5F5F5F5F5F5F5F5F5F5F5F5F5F5F5F5F5F5F5F5F5F5F5F5F5F5F5F5F5F5F5F5F50000F500F5F5F5F500000000000000F50000000000000000000000000000000000000000000000000000000000000000000000000000000000000000
310
00000000000000000000000000000000000000000000000000000000000000000000000000000000000000000000000000000000000000000000000000000000000000000000000000000000000000000000000000000000000000000000000000000000000000000000000000000000000000000000000000000000000000
310
0000000000000000000000000000000000000000000000000000000000000000000000000000000000000000000000000000000000000000000000000000000000000000000000000000000000000000000000000000000000000000000000F500F5F5F5F500000000000000F5000000000000000000000000000000000000
310
00000000000000000000000000000000000000000000000000000000000000000000000000000000000000000000000000000000000000000000000000000000000000000000000000000000000000000000000000000000000000000000000000000000000000000000000000000000000000000000000000000000000000
310
00000000000000000000000000000000000000000000000000000000000000000000000000000000000000000000000000000000000000000000000000000000000000000000000000000000000000000000000000000000000000000000000000000000000000000000000000000000000000000000000000F500F5F5F5F5
310
00000000000000F5F5F5F5F5F5F5F5F5F5F5F5F5F5F5F5F5F5F5F5F5F5F5F5F5F5F5F5F5F5F5F5F5F5F5F5F5F5F5F5F5F5F5F5F5F5F5F5F5F5F5F5F5F5F5F5F5F5F5F5F5F5F5F5F5F5F5F5F5F5F5F5F5F5F5F5F5F5F5F5F5F5F5F5F5F5F5F5F5F5F5F5F5F5F5F5F5F5F5F5F5F5F5F5F5F5F5F5F5F5F5F5F5F5F5F5F5F5F5F5
310
F5F5F5F5F5F5F5F5F5F5F5F5F5F5F5F5F5F5F5F5F5F5F5F5F5F5F5F5F5F5F5F5F5F5F5F5F5F5F5F5F5F5F5F5F5F5F5F5F5F5F5F5F5F5F5F5F5F5F5F5F5F5F5F5F5F5F5F5F5F5F5F5F5F5F5F5F5F5F5F5F5F5F5F5F5F5F5F5F5F5F5F5F5F5F5F5F5F5F5F5F5F5F5F5F5F5F5F5F5F5F5F5F5F5F5F5F5F5F5F5F5F5F5F5F5F5F5
310
F5F5F5F5F5F5F5F5F5F5F5F5F5F5F5F5F5F5F5F5F500F5F5F5F50000000000000000000000000000000000000000000000000000000000000000000000000000000000000000000000000000000000000000000000000000000000000000000000000000000000000000000000000000000000000000000000000000000000
310
00000000000000000000000000000000000000000000000000000000000000000000000000000000000000000000000000000000000000000000000000000000000000000000000000000000000000000000000000000000000000000000000000000000000000000000000000000000000000000000000000000000000000
310
000000000000000000000000000000000000000000000000000000000000000000000000000000000000000000000000F5F5F5F5000000000000000000000000000000000000000000000000000000000000000000000000000000000000000000000000000000000000000000000000000000000000000000000000000000
310
00000000000000000000000000000000000000000000000000000000000000000000000000000000000000000000000000000000000000000000000000000000000000000000000000000000000000000000000000000000000000000000000000000000000000000000000000000000000000000000000000000000000000
310
0000000000000000000000000000000000000000000000000000000000000000000000000000000000000000000000000000000000000000000000000000000000000000000000000000F5F5F5F500000000000000000000000000000000000000000000000000000000000000000000000000000000000000000000000000
310
00000000000000000000000000000000000000000000000000000000000000000000000000000000000000000000000000000000000000000000000000000000000000000000000000000000000000000000000000000000000000000000000000000000000000000000000000000000000000000000000000000000000000
310
00000000000000000000000000000000000000000000000000000000000000000000000000000000000000000000000000000000000000000000000000000000000000000000000000000000000000000000000000000000000000000000000000000000F5F5F5F50000000000000000000000000000000000000000000000
310
00000000000000000000000000000000000000000000000000000000000000000000000000000000000000000000000000000000000000000000000000000000000000000000000000000000000000000000000000000000000000000000000000000000000000000000000000000000000000000000000000000000000000
310
000000000000000000000000000000000000000000000000000000000000000000000000000000000000000000000000000000000000000000000000000000000000000000000000000000000000000000000000000000000000000000000000000000000000000000000000000000000000000000000000000000000000F5
310
F5F5F500000000000000F5F5F5F5F5F5F5F5F5F5F5F5F5F5F5F5F5F5F5F5F5F5F5F5F5F5F5F5F5F5F5F5F5F5F5F5F5F5F5F5F5F5F5F5F5F5F5F5F5F5F5F5F5F5F5F5F5F5F5F5F5F5F5F5F5F5F5F5F5F5F5F5F5F5F5F5F5F5F5F5F5F5F5F5F5F5F5F5F5F5F5F5F5F5F5F5F5F5F5F5F5F5F5F5F5F5F5F5F5F5F5F5F5F5F5F5F5
310
F5F5F5F5F5F5F5F5F5F5F5F5F5F5F5F5F5F5F5F5F5F5F5F5F5F5F5F5F5F5F5F5F5F5F5F5F5F5F5F5F5F5F5F5F5F5F5F5F5F5F5F5F5F5F5F5F5F5F5F5F5F5F5F5F5F5F5F5F5F5F5F5F5F5F5F5F5F5F5F5F5F5F5F5F5F5F5F5F5F5F5F5F5F5F5F5F5F5F5F5F5F5F5F5F5F5F5F5F5F5F5F5F5F5F5F5F5F5F5F5F5F5F5F5F5F5F5
310
F5F5F5F5F5F5F5F5F5F5F5F5F5F5F5F5F5F5F5F5F5F5F5F500F5F5F5F500000000000000F5000000000000000000000000000000000000000000000000000000000000000000000000000000000000000000000000000000000000000000000000000000000000000000000000000000000000000000000000000000000000
310
00000000000000000000000000000000000000000000000000000000000000000000000000000000000000000000000000000000000000000000000000000000000000000000000000000000000000000000000000000000000000000000000000000000000000000000000000000000000000000000000000000000000000
310
00000000000000000000000000000000000000000000000000000000000000000000000000000000000000000000000000F500F5F5F5F500000000000000F500000000000000000000000000000000000000000000000000000000000000000000000000000000000000000000000000000000000000000000000000000000
310
00000000000000000000000000000000000000000000000000000000000000000000000000000000000000000000000000000000000000000000000000000000000000000000000000000000000000000000000000000000000000000000000000000000000000000000000000000000000000000000000000000000000000
310
000000000000000000000000000000000000000000000000000000000000000000000000000000000000000000000000000000000000000000000000000000000000000000000000000000F500F5F5F5F500000000000000F50000F5F5F5F5F5F5F5F5F5F5F5F5F5F5F5F5F5F5F5F5F5F5F5F5F5F5F5F5F5F5F5F5F5F5F5F5
310
F5F5F5F5F5F5F5F5F5F5F5F5F5F5F5F5F5F5F5F5F5F5F5F5F5F5F5F5F5F5F5F5F5F5F5F5F5F5F5F5F5F5F5F5F5F5F5F5F5F5F5F5F5F5F5F5F5F5F5F5F5F5F5F5F5F5F5F5F5F5F5F5F5F5F5F5F5F5F5F5F5F5F5F5F5F5F5F5F5F5F5F5F5F5F5F5F5F5F5F5F5F5F5F5F5F5F5F5F5F5F5F5F5F5F5F5F5F5F5F5F5F5F5F5F5F5F5
310
F5F5F5F5F5F5F5F5F5F5F5F5F5F5F5F5F5F5F5F5F5F5F5F5F5F5F5F5F5F5F5F5F5F5F5F5F5F5F5F5F5F5F5F5F5F5F5F5F5F5F5F5F5F5F5F5F5F5F5F5F5F5F5F5F5F5F5F5F5F5F5F5F5F5F5F5F5F5F5F5F5F5F5F5F5F5F5F5F5F5F5F5F5F5F5F5F5F5F50000F500F5F5F5F500000000000000F50000F5000000000000000000
310
00000000000000000000000000000000000000000000000000000000000000000000000000000000000000000000000000000000000000000000000000000000000000000000000000000000000000000000000000000000000000000000000000000000000000000000000000000000000000000000000000000000000000
310
00000000000000000000000000000000000000000000000000000000000000000000000000000000000000000000000000000000000000000000000000000000000000000000000000000000000000000000000000000000000000000000000000000000000000000000000000000000000000000000000000000000F50000
310
F500F5F5F5F500000000000000F50000F50000000000000000000000000000000000000000000000000000000000000000000000000000000000000000000000000000000000000000000000000000000000000000000000000000000000000000000000000000000000000000000000000000000000000000000000000000
310
00000000000000000000000000000000000000000000000000000000000000000000000000000000000000000000000000000000000000000000000000000000000000000000000000000000000000000000000000000000000000000000000000000000000000000000000000000000000000000000000000000000000000
310
0000000000000000000000000000000000000000000000F50000F500F5F5F5F500000000000000F50000F5000000000000000000000000000000000000000000000000000000000000000000000000000000000000000000000000000000000000000000000000000000000000000000000000000000000000000000000000
310
00000000000000000000000000000000000000000000000000000000000000000000000000000000000000000000000000000000000000000000000000000000000000000000000000000000000000000000000000000000000000000000000000000000000000000000000000000000000000000000000000000000000000
310
00000000000000000000000000000000000000000000000000000000000000000000000000000000000000000000000000F50000F500F5F5F5F500000000000000F50000F500000000000000000000000000000000000000000000000000000000000000000000000000000000000000000000000000000000000000000000
310
00000000000000000000000000000000000000000000000000000000000000000000000000000000000000000000000000000000000000000000000000000000000000000000000000000000000000000000000000000000000000000000000000000000000000000000000000000000000000000000000000000000000000
310
000000000000000000000000000000000000000000000000000000000000000000000000000000000000000000000000000000000000000000000000000000000000000000000000000000F50000F500F5F5F5F500000000000000F50000F50000000000000000000000000000000000000000000000000000000000000000
310
0000000000000000000000F5000000F5F50000000000000000000000000000000000000000000000000000000000000000000000000000000000000000000000000000000000000000000000000000000000000000000000000000000000000000000000000000000000000000000000000000000000000000000000000000
310
0000000000000000000000000000000000000000000000000000000000000000000000000000000000000000000000000000000000000000000000000000000000000000000000000000000000000000000000000000000000000000000000000000000000F50000F500F5F5F5F500000000000000F50000F500000000F5F5
310
F50000F5F5F5F5000000000000000000000000F50000F5F5F5F50000000000F50000F5F5F5F5000000F500F500000000F500F5F5F500000000F500F5F5F5000000F5000000F5F500F500F500F5F500F500F5F500F5000000000000000000000000000000000000000000000000000000000000000000000000000000000000
310
00000000000000000000000000000000000000000000000000000000000000000000000000000000000000000000000000000000000000000000000000000000000000000000000000000000000000000000000000000000000000000000000000000000000000000000000000000000000000000000000000000000000000
310
F50000F500F5F5F5F500000000000000F50000F500000000000000F5F5000000F50000000000F5000000F50000F500F5000000F50000F500F5F50000F50000F5000000F500F50000F500F5F50000F50000F500F5F5F5F500000000000000000000000000000000000000000000000000000000000000000000000000000000
310
00000000000000000000000000000000000000000000000000000000000000000000000000000000000000000000000000000000000000000000000000000000000000000000000000000000000000000000000000000000000000000000000000000000000000000000000000000000000000000000000000000000000000
310
0000000000000000000000000000000000000000000000000000F50000F500F5F5F5F500000000000000F50000F5000000000000F500F500000000F500000000F5F50000F5F5F5F500F500000000F500F500F5F50000F5000000F50000F500F50000F500F5F50000F50000F500F5F50000F500000000000000000000000000
310
00000000000000000000000000000000000000000000000000000000000000000000000000000000000000000000000000000000000000000000000000000000000000000000000000000000000000000000000000000000000000000000000000000000000000000000000000000000000000000000000000000000000000
310
00000000000000000000000000000000000000000000000000000000000000000000000000000000000000000000000000000000F50000F500F5F5F5F500000000000000F50000F50000000000F50000F500000000F500000000F500F500F50000F500F500000000F500F5F500F50000F5000000F50000F5F5F50000F5F5F5
310
00F5F5F50000F5F5F500F5F5F5000000F50000000000000000000000000000000000000000000000000000000000000000000000000000000000000000000000000000000000000000000000000000000000000000000000000000000000000000000000000000000000000000000000000000000000000000000000000000
310
000000000000000000000000000000000000000000000000000000000000000000000000000000000000000000000000000000000000000000000000000000000000000000000000000000000000F50000F500F5F5F5F500000000000000F50000F500000000F500000000F50000F50000000000F500F500F50000F50000F5
310
0000F50000F50000F50000F500000000F5000000000000F500000000000000000000000000000000000000000000000000000000000000000000000000000000000000000000000000000000000000000000000000000000000000000000000000000000000000000000000000000000000000000000000000000000000000
310
0000000000000000000000000000000000000000000000000000000000000000000000000000000000000000000000000000000000000000000000000000000000000000000000000000000000000000000000000000000000000000000000000000000000000000F50000F500F5F5F5F500000000000000F50000F5000000
310
0000F5F5000000F5F5000000000000F5F50000000000F5000000F5F5000000F50000000000F5F5F5000000000000000000000000000000000000000000000000000000000000000000000000000000000000000000000000000000000000000000000000000000000000000000000000000000000000000000000000000000
310
00000000000000000000000000000000000000000000000000000000000000000000000000000000000000000000000000000000000000000000000000000000000000000000000000000000000000000000000000000000000000000000000000000000000000000000000000000000000000000000000000000000000000
310
000000F50000F500F5F5F5F500000000000000F50000F50000000000000000000000F5F500000000000000000000000000000000000000000000000000000000000000000000000000000000000000000000000000000000000000000000000000000000000000000000000000000000000000000000000000000000000000
310
00000000000000000000000000000000000000000000000000000000000000000000000000000000000000000000000000000000000000000000000000000000000000000000000000000000000000000000000000000000000000000000000000000000000000000000000000000000000000000000000000000000000000
310
0000000000000000000000000000000000000000000000000000000000F50000F500F5F5F5F500000000000000F50000F5000000000000000000000000000000000000000000000000000000000000000000000000000000000000000000000000000000000000000000000000000000000000000000000000000000000000
310
00000000000000000000000000000000000000000000000000000000000000000000000000000000000000000000000000000000000000000000000000000000000000000000000000000000000000000000000000000000000000000000000000000000000000000000000000000000000000000000000000000000000000
310
00000000000000000000000000000000000000000000000000000000000000000000000000000000000000000000000000000000000000F50000F500F5F5F5F500000000000000F50000F500000000000000000000000000000000000000000000000000000000000000000000000000000000000000000000000000000000
310
00000000000000000000000000000000000000000000000000000000000000000000000000000000000000000000000000000000000000000000000000000000000000000000000000000000000000000000000000000000000000000000000000000000000000000000000000000000000000000000000000000000000000
310
000000000000000000000000000000000000000000000000000000000000000000000000000000000000000000000000000000000000000000000000000000000000000000000000000000000000000000F50000F500F5F5F5F500000000000000F50000F50000000000000000000000000000000000000000000000000000
310
00000000000000000000000000000000000000000000000000000000000000000000000000000000000000000000000000000000000000000000000000000000000000000000000000000000000000000000000000000000000000000000000000000000000000000000000000000000000000000000000000000000000000
310
0000000000000000000000000000000000000000000000000000000000000000000000000000000000000000000000000000000000000000000000000000000000000000000000000000000000000000000000000000000000000000000000000000000000000000000000F50000F500F5F5F5F500000000000000F50000F5
310
0000000000000000000000F50000000000000000000000000000000000000000F500000000000000000000000000000000000000000000000000000000000000000000000000000000000000000000000000000000000000000000000000000000000000000000000000000000000000000000000000000000000000000000
310
00000000000000000000000000000000000000000000000000000000000000000000000000000000000000000000000000000000000000000000000000000000000000000000000000000000000000000000000000000000000000000000000000000000000000000000000000000000000000000000000000000000000000
310
000000000000F50000F500F5F5F5F500000000000000F50000F50000000000F5F5F5000000F5F5000000F5000000F5F5F5F500000000F5000000F50000F5F5F5F500F5F5F50000F5F5F5000000F5000000F500F5F500F500F500F5F500F500F5F5000000000000000000000000000000000000000000000000000000000000
310
00000000000000000000000000000000000000000000000000000000000000000000000000000000000000000000000000000000000000000000000000000000000000000000000000000000000000000000000000000000000000000000000000000000000000000000000000000000000000000000000000000000000000
310
0000000000000000000000000000000000000000000000000000000000000000F50000F500F5F5F5F500000000000000F50000F500000000F5000000F50000F5F500F500F50000F50000000000F50000F50000F5F50000F5F5F5F5F50000F500F50000F5000000000000000000000000000000000000000000000000000000
310
00000000000000000000000000000000000000000000000000000000000000000000000000000000000000000000000000000000000000000000000000000000000000000000000000000000000000000000000000000000000000000000000000000000000000000000000000000000000000000000000000000000000000
310
00000000000000000000000000000000000000000000000000000000000000000000000000000000000000000000000000000000000000000000F50000F500F5F5F5F500000000000000F50000F500000000F5F5F500F50000F500F500F5000000F50000000000F5F5F5F50000F500F500000000F5F50000F500F50000F500
310
00000000000000000000000000000000000000000000000000000000000000000000000000000000000000000000000000000000000000000000000000000000000000000000000000000000000000000000000000000000000000000000000000000000000000000000000000000000000000000000000000000000000000
310
000000000000000000000000000000000000000000000000000000000000000000000000000000000000000000000000000000000000000000000000000000000000000000000000000000000000000000000000F50000F500F5F5F5F500000000000000F50000F500000000F5000000F50000F500F500F5000000F5000000
310
0000F50000F50000F500F50000F5F50000F5F5F50000F5F5F5000000F50000000000000000000000000000000000000000000000000000000000000000000000000000000000000000000000000000000000000000000000000000000000000000000000000000000000000000000000000000000000000000000000000000
310
0000000000000000000000000000000000000000000000000000000000000000000000000000000000000000000000000000000000000000000000000000000000000000000000000000000000000000000000000000000000000000000000000000000000000000000000000000F50000F500F5F5F5F500000000000000F5
310
0000F500000000F50000F5F50000F500F5F50000000000F500000000F50000F50000F50000F500000000000000F500000000F500000000000000000000000000000000000000000000000000000000000000000000000000000000000000000000000000000000000000000000000000000000000000000000000000000000
310
00000000000000000000000000000000000000000000000000000000000000000000000000000000000000000000000000000000000000000000000000000000000000000000000000000000000000000000000000000000000000000000000000000000000000000000000000000000000000000000000000000000000000
310
000000000000000000F50000F500F5F5F5F500000000000000F50000F50000000000F5F500000000000000F5000000000000F5F50000000000F50000F500000000000000000000F500000000F50000000000000000000000000000000000000000000000000000000000000000000000000000000000000000000000000000
310
00000000000000000000000000000000000000000000000000000000000000000000000000000000000000000000000000000000000000000000000000000000000000000000000000000000000000000000000000000000000000000000000000000000000000000000000000000000000000000000000000000000000000
310
0000000000000000000000000000000000000000000000000000000000000000000000F50000F500F5F5F5F500000000000000F50000F500000000000000000000000000000000000000000000000000000000000000F500000000000000000000000000000000000000000000000000000000000000000000000000000000
310
00000000000000000000000000000000000000000000000000000000000000000000000000000000000000000000000000000000000000000000000000000000000000000000000000000000000000000000000000000000000000000000000000000000000000000000000000000000000000000000000000000000000000
310
00000000000000000000000000000000000000000000000000000000000000000000000000000000000000000000000000000000000000000000000000F50000F500F5F5F5F500000000000000F50000F500000000000000000000000000000000000000000000000000000000000000000000000000000000000000000000
310
00000000000000000000000000000000000000000000000000000000000000000000000000000000000000000000000000000000000000000000000000000000000000000000000000000000000000000000000000000000000000000000000000000000000000000000000000000000000000000000000000000000000000
310
000000000000000000000000000000000000000000000000000000000000000000000000000000000000000000000000000000000000000000000000000000000000000000000000000000000000000000000000000000F50000F500F5F5F5F500000000000000F50000F50000000000000000000000000000000000000000
310
00000000000000000000000000000000000000000000000000000000000000000000000000000000000000000000000000000000000000000000000000000000000000000000000000000000000000000000000000000000000000000000000000000000000000000000000000000000000000000000000000000000000000
310
0000000000000000000000000000000000000000000000000000000000000000000000000000000000000000000000000000000000000000000000000000000000000000000000000000000000000000000000000000000000000000000000000000000000000000000000000000000000F50000F500F5F5F5F50000000000
310
0000F50000F500000000000000000000000000000000000000000000000000000000000000000000000000000000000000000000000000000000000000000000000000000000000000000000000000000000000000000000000000000000000000000000000000000000000000000000000000000000000000000000000000
310
00000000000000000000000000000000000000000000000000000000000000000000000000000000000000000000000000000000000000000000000000000000000000000000000000000000000000000000000000000000000000000000000000000000000000000000000000000000000000000000000000000000000000
310
000000000000000000000000F50000F500F5F5F5F500000000000000F50000F50000000000000000000000000000000000000000000000000000000000000000000000000000000000000000000000000000000000000000000000000000000000000000000000000000000000000000000000000000000000000000000000
310
00000000000000000000000000000000000000000000000000000000000000000000000000000000000000000000000000000000000000000000000000000000000000000000000000000000000000000000000000000000000000000000000000000000000000000000000000000000000000000000000000000000000000
310
0000000000000000000000000000000000000000000000000000000000000000000000000000F50000F500F5F5F5F500000000000000F50000F5000000000000000000000000000000000000000000000000000000000000000000000000000000000000000000000000000000000000000000000000000000000000000000
310
00000000000000000000000000000000000000000000000000000000000000000000000000000000000000000000000000000000000000000000000000000000000000000000000000000000000000000000000000000000000000000000000000000000000000000000000000000000000000000000000000000000000000
310
00000000000000000000000000000000000000000000000000000000000000000000000000000000000000000000000000000000000000000000000000000000F50000F500F5F5F5F500000000000000F50000F500000000000000000000000000000000000000000000000000000000000000000000000000000000000000
310
00000000000000000000000000000000000000000000000000000000000000000000000000000000000000000000000000000000000000000000000000000000000000000000000000000000000000000000000000000000000000000000000000000000000000000000000000000000000000000000000000000000000000
310
000000000000000000000000000000000000000000000000000000000000000000000000000000000000000000000000000000000000000000000000000000000000000000000000000000000000000000000000000000000000F50000F500F5F5F5F500000000000000F50000F50000000000000000000000000000000000
310
00000000000000000000000000000000000000000000000000000000000000000000000000000000000000000000000000000000000000000000000000000000000000000000000000000000000000000000000000000000000000000000000000000000000000000000000000000000000000000000000000000000000000
310
0000000000000000000000000000000000000000000000000000000000000000000000000000000000000000000000000000000000000000000000000000000000000000000000000000000000000000000000000000000000000000000000000000000000000000000000000000000000000000F50000F500F5F5F5F50000
310
0000000000F50000F500000000000000000000000000000000000000000000000000000000000000000000000000000000000000000000000000000000000000000000000000000000000000000000000000000000000000000000000000000000000000000000000000000000000000000000000000000000000000000000
310
00000000000000000000000000000000000000000000000000000000000000000000000000000000000000000000000000000000000000000000000000000000000000000000000000000000000000000000000000000000000000000000000000000000000000000000000000000000000000000000000000000000000000
310
000000000000000000000000000000F50000F500F5F5F5F500000000000000F50000F50000000000000000000000000000000000000000000000000000000000000000000000000000000000000000000000000000000000000000000000000000000000000000000000000000000000000000000000000000000000000000
310
00000000000000000000000000000000000000000000000000000000000000000000000000000000000000000000000000000000000000000000000000000000000000000000000000000000000000000000000000000000000000000000000000000000000000000000000000000000000000000000000000000000000000
310
0000000000000000000000000000000000000000000000000000000000000000000000000000000000F50000F500F5F5F5F500000000000000F50000F5000000000000000000000000000000000000000000000000000000000000000000000000000000000000000000000000000000000000000000000000000000000000
310
00000000000000000000000000000000000000000000000000000000000000000000000000000000000000000000000000000000000000000000000000000000000000000000000000000000000000000000000000000000000000000000000000000000000000000000000000000000000000000000000000000000000000
310
00000000000000000000000000000000000000000000000000000000000000000000000000000000000000000000000000000000000000000000000000000000000000F50000F500F5F5F5F500000000000000F50000F500000000000000000000000000000000000000000000000000000000000000000000000000000000
310
00000000000000000000000000000000000000000000000000000000000000000000000000000000000000000000000000000000000000000000000000000000000000000000000000000000000000000000000000000000000000000000000000000000000000000000000000000000000000000000000000000000000000
310
000000000000000000000000000000000000000000000000000000000000000000000000000000000000000000000000000000000000000000000000000000000000000000000000000000000000000000000000000000000000000000F50000F500F5F5F5F500000000000000F50000F50000000000000000000000000000
310
00000000000000000000000000000000000000000000000000000000000000000000000000000000000000000000000000000000000000000000000000000000000000000000000000000000000000000000000000000000000000000000000000000000000000000000000000000000000000000000000000000000000000
310
0000000000000000000000000000000000000000000000000000000000000000000000000000000000000000000000000000000000000000000000000000000000000000000000000000000000000000000000000000000000000000000000000000000000000000000000000000000000000000000000F50000F500F5F5F5
310
F500000000000000F50000F500000000000000000000000000000000000000000000000000000000000000000000000000000000000000000000000000000000000000000000000000000000000000000000000000000000000000000000000000000000000000000000000000000000000000000000000000000000000000
310
00000000000000000000000000000000000000000000000000000000000000000000000000000000000000000000000000000000000000000000000000000000000000000000000000000000000000000000000000000000000000000000000000000000000000000000000000000000000000000000000000000000000000
310
000000000000000000000000000000000000F50000F500F5F5F5F500000000000000F50000F50000000000000000000000000000000000000000000000000000000000000000000000000000000000000000000000000000000000000000000000000000000000000000000000000000000000000000000000000000000000
310
00000000000000000000000000000000000000000000000000000000000000000000000000000000000000000000000000000000000000000000000000000000000000000000000000000000000000000000000000000000000000000000000000000000000000000000000000000000000000000000000000000000000000
310
0000000000000000000000000000000000000000000000000000000000000000000000000000000000000000F50000F500F5F5F5F500000000000000F50000F5000000000000000000000000000000000000000000000000000000000000000000000000000000000000000000000000000000000000000000000000000000
310
00000000000000000000000000000000000000000000000000000000000000000000000000000000000000000000000000000000000000000000000000000000000000000000000000000000000000000000000000000000000000000000000000000000000000000000000000000000000000000000000000000000000000
310
00000000000000000000000000000000000000000000000000000000000000000000000000000000000000000000000000000000000000000000000000000000000000000000F50000F500F5F5F5F500000000000000F50000F500000000000000000000000000000000000000000000000000000000000000000000000000
310
00000000000000000000000000000000000000000000000000000000000000000000000000000000000000000000000000000000000000000000000000000000000000000000000000000000000000000000000000000000000000000000000000000000000000000000000000000000000000000000000000000000000000
310
000000000000000000000000000000000000000000000000000000000000000000000000000000000000000000000000000000000000000000000000000000000000000000000000000000000000000000000000000000000000000000000000F50000F500F5F5F5F500000000000000F50000F50000000000000000000000
310
00000000000000000000000000000000000000000000000000000000000000000000000000000000000000000000000000000000000000000000000000000000000000000000000000000000000000000000000000000000000000000000000000000000000000000000000000000000000000000000000000000000000000
310
0000000000000000F50000000000000000000000000000000000000000000000000000000000000000000000000000000000000000000000000000000000000000000000000000000000000000000000000000000000000000000000000000000000000000000000000000000000000000000000000000000000F50000F500
310
F5F5F5F500000000000000F50000F500000000000000000000000000000000000000000000000000000000000000000000000000000000000000000000000000000000000000000000000000000000000000000000000000000000000000000000000000000000000000000000000000000000000000000000000000000000
310
00000000000000000000000000000000000000000000000000000000000000000000F50000000000000000000000000000000000000000000000000000000000000000000000000000000000000000000000000000000000000000000000000000000000000000000000000000000000000000000000000000000000000000
310
000000000000000000000000000000000000000000F50000F500F5F5F5F500000000000000F50000F50000000000000000000000000000000000000000000000000000000000000000000000000000000000000000000000000000000000000000000000000000000000000000000000000000000000000000000000000000
310
00000000000000000000000000000000000000000000000000000000000000000000000000000000000000000000000000000000000000000000000000000000000000000000000000000000000000000000000000000000000000000000000000000000000000000000000000000000000000000000000000000000000000
310
0000000000000000000000000000000000000000000000000000000000000000000000000000000000000000000000F50000F500F5F5F5F500000000000000F50000F5000000000000000000000000000000000000000000000000000000000000000000000000000000000000000000000000000000000000000000000000
310
00000000000000000000000000000000000000000000000000000000000000000000000000000000000000F5000000000000F50000F50000000000000000F5000000000000F5000000000000F5F5000000000000F5F5F5F50000000000F5000000000000000000000000000000000000000000000000000000000000000000
310
00000000000000000000000000000000000000000000000000000000000000000000000000000000000000000000000000000000000000000000000000000000000000000000000000F50000F500F5F5F5F500000000000000F50000F500000000000000000000000000000000000000000000000000000000000000000000
310
000000000000000000000000000000000000000000000000000000000000000000000000000000000000000000000000000000000000000000000000000000000000000000F5000000000000F50000F5F5000000000000F5F5000000000000F5000000000000F5F500000000F5F500000000F5F5000000F500000000000000
310
000000000000000000000000000000000000000000000000000000000000000000000000000000000000000000000000000000000000000000000000000000000000000000000000000000000000000000000000000000000000000000000000000000F50000F500F5F5F5F500000000000000F50000F50000000000000000
310
0000000000000000000000000000000000000000000000000000000000000000000000000000000000000000000000000000000000000000000000000000000000000000000000000000000000000000000000000000000000000000000000F5000000000000F5000000F5000000000000F500000000000000F50000000000
310
F500F500000000F5000000000000F5000000F500000000000000000000000000000000000000000000000000000000000000000000000000000000000000000000000000000000000000000000000000000000000000000000000000000000000000000000000000000000000000000000000000000000000000000000F500
310
00F500F5F5F5F500000000000000F50000F500000000000000000000000000000000000000000000000000000000000000000000000000000000000000000000000000000000000000000000000000000000000000000000000000000000000000000000000000000000000000000000000000000000000000F50000000000
310
00F5000000F5F5F5F5F5F5F5F500000000000000F500000000F5F500F5000000F50000000000000000F50000F500000000000000000000000000000000000000000000000000000000000000000000000000000000000000000000000000000000000000000000000000000000000000000000000000000000000000000000
310
000000000000000000000000000000000000000000000000F50000F500F5F5F5F500000000000000F50000F50000000000000000000000000000000000000000000000000000000000000000000000000000000000000000000000000000000000000000000000000000000000000000000000000000000000000000000000
310
0000000000000000000000000000000000000000F5000000000000F500000000F500000000F50000000000000000F5000000F5F50000F5000000F50000000000000000F50000F50000000000000000000000000000000000000000000000000000000000000000000000000000000000000000000000000000000000000000
310
0000000000000000000000000000000000000000000000000000000000000000000000000000000000000000000000000000F50000F500F5F5F5F500000000000000F50000F5000000000000000000000000000000000000000000000000000000000000000000000000000000000000000000000000000000000000000000
310
00000000000000000000000000000000000000000000000000000000000000000000000000000000000000000000F5F5F5F5F5F5F5F500000000F5000000F5F50000000000000000F5000000F5000000F5000000F50000000000000000F50000F5000000000000000000000000000000000000000000000000000000000000
310
00000000000000000000000000000000000000000000000000000000000000000000000000000000000000000000000000000000000000000000000000000000000000000000000000000000F50000F500F5F5F5F500000000000000F50000F500000000000000000000000000000000000000000000000000000000000000
310
000000000000000000000000000000000000000000000000000000000000000000000000000000000000000000000000000000000000000000000000000000000000000000000000F5000000000000F500000000F5F50000F5F50000000000000000F50000F5F5000000F5000000F50000000000000000F50000F500000000
310
000000000000000000000000000000000000000000000000000000000000000000000000000000000000000000000000000000000000000000000000000000000000000000000000000000000000000000000000000000000000000000000000000000000000F50000F500F5F5F5F500000000000000F50000F50000000000
310
0000000000000000000000000000000000000000000000000000000000000000000000000000000000000000000000000000000000000000000000000000000000000000000000000000000000000000000000000000000000000000000000000000F5000000000000F50000000000F50000F5000000000000000000F500F5
310
F500000000F5000000F50000000000000000F50000F5000000000000000000000000000000000000000000000000000000000000000000000000000000000000000000000000000000000000000000000000000000000000000000000000000000000000000000000000000000000000000000000000000000000000000000
310
00F50000F500F5F5F5F500000000000000F50000F500000000000000000000000000000000000000000000000000000000000000000000000000000000000000000000000000000000000000000000000000000000000000000000000000000000000000000000000000000000000000000000000000000000000000F50000
310
00000000F50000000000F5F5F5F5000000000000000000F500F50000000000F500000000F5000000000000F5000000F500000000000000000000000000000000000000000000000000000000000000000000000000000000000000000000000000000000000000000000000000000000000000000000000000000000000000
310
000000000000000000000000000000000000000000000000000000F50000F500F5F5F5F500000000000000F50000F50000000000000000000000000000000000000000000000000000000000000000000000000000000000000000000000000000000000000000000000000000000000000000000000000000000000000000
310
0000000000000000000000000000000000000000000000F5000000000000F5000000000000F5F500000000000000000000F5F5000000000000F500000000F5F500000000F5F5000000F50000000000000000000000000000000000000000000000000000000000000000000000000000000000000000000000000000000000
310
0000000000000000000000000000000000000000000000000000000000000000000000000000000000000000000000000000000000F50000F500F5F5F5F500000000000000F50000F5000000000000000000000000000000000000000000000000000000000000000000000000000000000000000000000000000000000000
310
00000000000000000000000000000000000000000000000000000000000000000000000000000000000000000000000000F5000000000000F5000000000000F5F500000000000000000000F5F5000000000000F5000000000000F5F5F5F50000000000F5000000000000000000000000000000000000000000000000000000
310
00000000000000000000000000000000000000000000000000000000000000000000000000000000000000000000000000000000000000000000000000000000000000000000000000000000000000F50000F500F5F5F5F500000000000000F50000F500000000000000000000000000000000000000000000000000000000
310
00000000000000000000000000000000000000000000000000000000000000000000000000000000000000000000000000000000000000000000000000000000000000000000000000000000000000000000000000000000000000000000000000000000000000000000000000000000000000000000000000000000000000
310
000000000000000000000000000000000000000000000000000000000000000000000000000000000000000000000000000000000000000000000000000000000000000000000000000000000000000000000000000000000000000000000000000000000000000000F50000F500F5F5F5F500000000000000F50000F50000
310
0000000000000000000000000000000000000000000000000000000000000000000000000000000000000000000000000000000000000000000000000000000000000000000000000000000000000000000000000000000000000000000000000000000000000000000000000000000000000000F500000000000000000000
310
000000000000000000000000000000F50000F5000000000000000000000000000000000000000000000000000000000000000000000000000000000000000000000000000000000000000000000000000000000000000000000000000000000000000000000000000000000000000000000000000000000000000000000000
310
00000000F50000F500F5F5F5F500000000000000F50000F500000000000000000000000000000000000000000000000000000000000000000000000000000000000000000000000000000000000000000000000000000000000000000000000000000000000000000000000000000000000000000000000000000000000000
310
0000000000000000000000000000F5000000000000000000000000000000000000000000000000000000F5F50000000000000000000000000000000000000000000000000000000000000000000000000000000000000000000000000000000000000000000000000000000000000000000000000000000000000000000000
310
000000000000000000000000000000000000000000000000000000000000F50000F500F5F5F5F500000000000000F50000F50000000000000000000000000000000000000000000000000000000000000000000000000000000000000000000000000000000000000000000000000000000000000000000000000000000000
310
000000000000000000000000000000000000000000000000000000000000000000000000000000F5F5000000000000000000000000000000000000000000000000000000F5F5000000000000000000000000000000000000000000000000000000000000000000000000000000000000000000000000000000000000000000
310
0000000000000000000000000000000000000000000000000000000000000000000000000000000000000000000000000000000000000000F50000F500F5F5F5F500000000000000F50000F5000000000000000000000000000000000000000000000000000000000000000000000000000000000000000000000000000000
310
00000000000000000000000000000000000000000000000000000000000000000000000000000000000000000000000000000000000000000000000000000000000000000000000000000000000000000000000000000000000000000000000000000000000000000000000000000000000000000000000000000000000000
310
00000000000000000000000000000000000000000000000000000000000000000000000000000000000000000000000000000000000000000000000000000000000000000000000000000000000000000000F50000F500F5F5F5F500000000000000F50000F500000000000000000000000000000000000000000000000000
310
00000000000000000000000000000000000000000000000000000000000000000000000000000000000000000000000000000000000000000000000000000000000000000000000000000000000000000000000000000000000000000000000000000000000000000000000000000000000000000000000000000000000000
310
000000000000000000000000000000000000000000000000000000000000000000000000000000000000000000000000000000000000000000000000000000000000000000000000000000000000000000000000000000000000000000000000000000000000000000000000F50000F500F5F5F5F500000000000000F50000
310
F5000000000000000000000000000000000000000000000000000000000000000000000000000000000000000000000000000000000000000000000000000000000000000000000000000000000000000000000000000000000000000000000000000000000000000000000000000000000000000000000000000000000000
310
00000000000000000000000000000000000000000000000000000000000000000000000000000000000000000000000000000000000000000000000000000000000000000000000000000000000000000000000000000000000000000000000000000000000000000000000000000000000000000000000000000000000000
310
00000000000000F50000F500F5F5F5F500000000000000F50000F500000000000000000000000000000000000000000000000000000000000000000000000000000000000000000000000000000000000000000000000000000000000000000000000000000000000000000000000000000000000000000000000000000000
310
00000000000000000000000000000000000000000000000000000000000000000000000000000000000000000000000000000000000000000000000000000000000000000000000000000000000000000000000000000000000000000000000000000000000000000000000000000000000000000000000000000000000000
310
000000000000000000000000000000000000000000000000000000000000000000F50000F500F5F5F5F500000000000000F50000F50000000000000000000000000000000000000000000000000000000000000000000000000000000000000000000000000000000000000000000000000000000000000000000000F50000
310
00000000000000000000000000000000000000000000000000000000000000000000000000000000000000000000000000000000000000000000000000000000000000000000000000000000000000000000000000000000000000000000000000000000000000000000000000000000000000000000000000000000000000
310
0000000000000000000000000000000000000000000000000000000000000000000000000000000000000000000000000000000000000000000000F50000F500F5F5F5F500000000000000F50000F5000000000000000000000000000000000000000000000000000000000000000000000000000000000000000000000000
310
0000000000000000000000000000000000000000000000F500000000000000000000000000000000000000000000000000000000000000000000000000000000000000000000000000000000000000000000000000000000000000000000000000000000000000000000000000000000000000000000000000000000000000
310
00000000000000000000000000000000000000000000000000000000000000000000000000000000000000000000000000000000000000000000000000000000000000000000000000000000000000000000000000F50000F500F5F5F5F500000000000000F50000F500000000000000000000000000000000000000000000
310
00000000000000000000000000000000000000000000000000000000000000000000000000000000000000000000000000000000000000000000000000000000000000000000000000000000000000000000000000000000000000000000000000000000000000000000000000000000000000000000000000000000000000
310
000000000000000000000000000000000000000000000000000000000000000000000000000000000000000000000000000000000000000000000000000000000000000000000000000000000000000000000000000000000000000000000000000000000000000000000000000000F50000F500F5F5F5F500000000000000
310
F50000F50000000000000000F5F5F5F5F5F5F50000000000000000F50000F500000000F500000000F500000000000000F5000000000000F5F5000000000000F5F5F5F5F5000000000000F5F5F5F50000000000000000F5F5F5F5F500000000000000F5F5F5F5F5F500000000000000F5F5F5F50000000000000000F5F5F5F5
310
0000000000F5000000000000F5F5000000000000F5F5F5F5F5000000000000000000000000000000000000000000F5F5F5F5F50000F5000000000000F5000000F50000000000000000F5000000000000F5F5000000F5000000000000F50000F50000000000000000F500F5000000000000F5F5000000F5000000000000F500
310
00000000000000000000F50000F500F5F5F5F500000000000000F50000F50000000000000000F50000000000F5F5000000000000F5F50000F5000000F5F5F5000000F500000000000000F5000000000000F5F500000000F5F50000000000F5000000F5F500000000F5F500000000F5F500000000F500000000000000F50000
310
000000F50000000000F500000000F50000000000F5F500000000F5F5000000F5000000000000F5F500000000F5F50000000000F5000000000000000000000000000000000000F5F500000000F50000F5000000000000F5000000F50000000000000000F5000000000000F5F5000000F5000000000000F50000F5F500000000
310
0000F5F500F5000000000000F5F5000000F5000000000000F50000000000000000000000F50000F500F5F5F5F500000000000000F50000F50000000000000000F5000000000000F5000000000000F5000000F5000000F500F5000000F500000000000000F50000000000F500F500000000F5000000000000F5000000F50000
310
00000000F500000000F500000000000000000000000000F5000000000000F5000000F5000000000000F500000000F5000000000000F5000000F50000000000F500F500000000F5000000000000F5000000000000000000000000000000000000F50000000000000000F5000000000000F5000000F50000000000000000F500
310
00000000F500F5000000F5000000000000F5000000F5000000000000F50000F50000000000F500F5000000F5000000000000F50000000000000000000000F50000F500F5F5F5F500000000000000F50000F50000000000000000F5000000000000F5F5F5F5F5F5F5F5000000F5000000F500F5000000F500000000000000F5
310
00000000F5F500F5000000F500000000000000F50000F50000000000000000F50000F50000000000000000000000000000F500000000000000F50000F5000000000000F5000000F50000000000000000F50000F500000000F5F500F5000000F500000000000000F50000000000000000000000000000000000F50000000000
310
00000000F5000000000000F5000000F50000000000000000F500000000F5F500F5000000F5000000000000F5000000F5F5F5F5F5F5F5F50000F500000000F5F500F5000000F5000000000000F50000000000000000000000F50000F500F5F5F5F500000000000000F50000F50000000000000000F500000000000000F50000
310
0000F500000000F50000F50000F5F50000F500000000000000F5000000F5F50000F5000000F500000000000000F50000F50000000000000000F50000F50000000000000000000000000000F500000000000000F50000F5000000000000F5000000F50000000000000000F50000F5000000F5F50000F5000000F50000000000
310
0000F5000000000000F5F5F5F500000000000000F5000000000000000000F5000000000000F5000000F50000000000000000F5000000F5F50000F5000000F5000000000000F500000000F500000000F5000000F5000000F5F50000F5000000F5000000000000F50000000000000000000000F50000F500F5F5F5F500000000
310
000000F50000F50000000000000000F500000000000000F5000000F5F500000000F50000F5000000F50000F500000000000000F5000000F5000000F5000000F500000000F5F5F5F50000F50000000000000000F50000F50000000000000000000000000000F500000000000000F50000F5000000000000F5000000F5000000
310
0000000000F50000F5000000F5000000F5000000F500000000F5F5F5F50000000000000000000000000000000000F5000000000000000000F5F5F5F5F5F5F5F5000000F50000000000000000F5000000F5000000F5000000F5F5F5F5F5F5F5F500000000F5000000F5F5000000F5000000F5000000F5000000F5F5F5F5F5F5
310
F5F50000000000000000000000F50000F500F5F5F5F500000000000000F50000F50000000000000000F500000000000000F5F50000F5F500000000F500F500000000F5F500F500000000000000F50000F5F5000000F5000000F500000000000000000000F50000000000000000F50000F50000000000000000000000000000
310
F500000000000000F50000F5000000000000F5000000F50000000000000000F50000F50000F5F5000000F5000000F500000000000000000000000000000000000000000000000000F5000000000000000000F5000000000000F5000000F50000000000000000F50000F5F5000000F5000000F5000000000000F500000000F5
310
F50000F5F5000000F50000F5F5000000F5000000F5000000000000F50000000000000000000000F50000F500F5F5F5F500000000000000F50000F50000000000000000F50000000000000000F50000F50000000000F500F50000000000F500F500000000000000F500F5F500000000F5000000F500000000000000000000F5
310
0000000000000000F50000F50000000000000000000000000000F500000000000000F50000F5000000000000F5000000F50000000000000000F50000F500F5F500000000F5000000F500000000000000000000000000000000000000000000000000F5000000000000000000F5000000000000F5000000F500000000000000
310
00F500F5F500000000F5000000F5000000000000F50000000000F50000F500000000F500F5F500000000F5000000F5000000000000F50000000000000000000000F50000F500F5F5F5F500000000000000F50000F50000000000000000F50000000000000000F5F5F5F50000000000F5F5F50000000000F5F5F50000000000
310
0000F500F50000000000F500000000F500000000000000000000F5000000000000F500000000F500000000000000000000000000F5000000000000F5000000F5000000000000F500000000F5000000000000F5000000F500F50000000000F500000000F500000000000000000000000000000000000000000000000000F500
310
00000000000000F5000000000000F5000000F50000000000000000F500F50000000000F5000000F5000000000000F50000000000F5F5F5F500000000F500F50000000000F5000000F5000000000000F50000000000000000000000F50000F500F5F5F5F500000000000000F50000F50000000000000000F500000000000000
310
0000F5F5000000000000F5F500000000000000F5F500000000000000F5F5000000000000F50000000000F50000000000F5000000F5F500000000F5F50000000000F500000000F500000000000000F50000000000F5F5000000F5000000000000F500000000F5F500000000F5F5F50000F5F5000000000000F50000000000F5
310
0000000000F500000000000000000000000000000000000000F500000000F50000F5000000000000F5000000F50000000000000000F5F5000000000000F5000000F5000000000000F5000000000000F5F50000000000F5F5000000000000F5000000F5000000000000F50000000000000000000000F50000F500F5F5F5F500
310
000000000000F50000F50000000000000000F5000000000000000000F5F5000000000000F5F500000000000000F5F500000000000000F5F5000000000000F5000000000000F5F5F5F5F5F50000000000F5F5F5F50000000000000000F5F5F5F5F500000000000000F5F5F5F5F5F50000000000F5000000000000F5F5000000
310
0000F5F5F5F5000000F500F5F5000000000000F5000000000000F5F5F5F5F5F50000000000000000000000000000000000000000F5F5F5F5F50000F5000000000000F5000000F50000000000000000F5F5000000000000F5000000F5000000000000F5000000000000F5F50000000000F5F5000000000000F5000000F50000
310
00000000F50000000000000000000000F50000F500F5F5F5F500000000000000F50000F500000000000000000000000000000000000000000000000000000000000000000000000000000000000000000000000000000000000000000000000000000000000000000000000000000000000000000000000000000000000000
310
0000000000000000000000000000000000000000000000F50000000000000000000000F500000000000000000000000000000000000000000000000000000000000000000000000000000000000000000000000000000000000000000000000000000000000000000000000000000000000000000000000000000000000000
310
000000000000000000000000000000000000000000000000000000000000000000000000000000000000F50000F500F5F5F5F500000000000000F50000F50000000000000000000000000000000000F50000F50000000000000000000000000000000000000000000000000000000000000000000000000000000000000000
310
00000000000000000000000000000000000000000000000000000000000000000000000000000000000000000000000000F50000000000000000000000000000000000000000000000000000000000000000000000000000000000000000000000000000000000000000000000000000000000000000000000000000000000
310
000000000000000000000000000000000000000000000000000000000000F500000000000000000000000000000000000000000000000000000000000000000000000000F50000F500F5F5F5F500000000000000F50000F5000000000000000000000000000000000000F5F500000000000000000000000000000000000000
310
00000000000000000000000000000000000000000000000000000000000000000000000000000000000000000000000000000000000000000000000000000000000000000000000000000000000000000000000000000000000000000000000000000000000000000000000000000000000000000000000000000000000000
310
000000000000000000000000000000000000000000000000000000000000000000000000000000000000000000000000000000000000000000F5000000000000000000000000000000000000000000000000000000000000000000000000F50000F500F5F5F5F500000000000000F50000F500000000000000000000000000
310
0000000000F5F5000000000000000000000000000000000000000000000000000000000000000000000000000000000000000000000000000000000000000000000000000000000000000000000000000000000000000000000000000000000000000000000000000000000000000000000000000000000000000000000000
310
0000000000000000000000000000000000000000000000000000000000000000000000000000000000000000000000000000000000000000000000000000000000000000000000000000000000000000000000F5F50000000000000000000000000000000000000000000000000000000000000000000000F50000F500F5F5
310
F5F500000000000000F50000F5000000000000000000000000000000000000000000000000000000000000000000000000000000000000000000000000000000000000000000000000000000000000000000000000000000000000000000000000000000000000000000000000000000000000000000000000000000000000
310
00000000000000000000000000000000000000000000000000000000000000000000000000000000000000000000000000000000000000000000000000000000000000000000000000000000000000000000000000000000000000000000000000000000000000000000000000000000000000000000000000000000000000
310
00000000000000000000000000000000000000F50000F500F5F5F5F500000000000000F50000F500000000000000000000000000000000000000000000000000000000000000000000000000000000000000000000000000000000000000000000000000000000000000000000000000000000000000000000000000000000
310
00000000000000000000000000000000000000000000000000000000000000000000000000000000000000000000000000000000000000000000000000000000000000000000000000000000000000000000000000000000000000000000000000000000000000000000000000000000000000000000000000000000000000
310
000000000000000000000000000000000000000000000000000000000000000000000000000000000000000000F50000F500F5F5F5F500000000000000F50000F50000000000000000000000000000000000000000000000000000000000000000000000000000000000000000000000000000000000000000000000000000
310
00000000000000000000000000000000000000000000000000000000000000000000000000000000000000000000000000000000000000000000000000000000000000000000000000000000000000000000000000000000000000000000000000000000000000000000000000000000000000000000000000000000000000
310
0000000000000000000000000000000000000000000000000000000000000000000000000000000000000000000000000000000000000000000000000000000000000000000000F50000F500F5F5F5F500000000000000F50000F5000000000000000000000000000000000000000000000000000000000000000000000000
310
00000000000000000000000000000000000000000000000000000000000000000000000000000000000000000000000000000000000000000000000000000000000000000000000000000000000000000000000000000000000000000000000000000000000000000000000000000000000000000000000000000000000000
310
00000000000000000000000000000000000000000000000000000000000000000000000000000000000000000000000000000000000000000000000000000000000000000000000000000000000000000000000000000000000000000000000000F50000F500F5F5F5F500000000000000F50000F500000000000000000000
310
00000000000000000000000000000000000000000000000000000000000000000000000000000000000000000000000000000000000000000000000000000000000000000000000000000000000000000000000000000000000000000000000000000000000000000000000000000000000000000000000000000000000000
310
000000000000000000000000000000000000000000000000000000000000000000000000000000F50000000000000000000000000000000000000000000000000000000000000000000000000000000000000000000000000000000000000000000000000000000000000000000000000000000000000000000000F50000F5
310
00F5F5F5F500000000000000F50000F5000000000000000000000000000000000000000000000000000000000000000000000000000000000000000000000000000000000000000000000000000000000000000000000000000000000000000000000000000000000000000000000000000000000000000000000000000000
310
0000000000000000000000000000000000000000000000000000000000000000000000000000000000000000000000000000000000000000000000000000000000F500000000000000000000000000000000000000000000000000000000000000000000000000000000000000000000000000000000000000000000000000
310
00000000000000000000000000000000000000000000F50000F500F5F5F5F500000000000000F50000F500000000000000000000000000000000000000000000000000000000000000000000000000000000000000000000000000000000000000000000000000000000000000000000000000000000000000000000000000
310
00000000000000000000000000000000000000000000000000000000000000000000000000000000000000000000000000000000000000000000000000000000000000000000000000000000000000000000000000000000000000000000000000000000000000000000000000000000000000000000000000000000000000
310
000000000000000000000000000000000000000000000000000000000000000000000000000000000000000000000000F50000F500F5F5F5F500000000000000F50000F50000000000000000000000000000000000000000000000F5F5F5F5F50000000000F5F5F5F50000000000F5000000000000F5F5000000000000F5F5
310
F5F5F5000000000000000000F5000000000000000000F5000000000000000000000000F5F5F5F5F50000000000F5F5F5F5000000000000000000F50000000000000000F5000000000000F50000F50000000000000000F50000F5000000000000F5F5000000000000000000F500000000F50000000000000000F500F5000000
310
000000000000000000F5F5F5F5F5F5000000000000000000F5F5F5F500000000F50000000000000000F500F5000000000000F5F500000000000000000000000000000000000000000000F50000F500F5F5F5F500000000000000F50000F5000000000000000000000000000000000000000000F5F500000000F5000000F5F5
310
00000000F5F5000000F5000000000000F5F500000000F5F50000000000F50000000000000000F5000000000000000000F500000000000000000000F5F500000000F5000000F5F500000000F5F500000000000000F50000000000000000F5000000000000F50000F5F5000000000000F5F50000F5000000000000F5F5000000
310
000000000000F500000000F5F5000000000000F5F500F5000000000000000000000000F50000000000F5000000000000F5F500000000F5F50000F5F5000000000000F5F500F5000000000000F5F500000000000000000000000000000000000000000000F50000F500F5F5F5F500000000000000F50000F500000000000000
310
0000000000000000000000000000F5000000000000000000F5000000000000F5000000F50000000000F500F500000000F5000000000000F50000000000000000F5000000000000000000F500000000000000000000F5000000000000000000F5000000000000F500000000000000F50000000000000000F5000000000000F5
310
000000F5000000000000F5000000F50000000000F500F5000000000000000000F50000000000F5000000000000F50000F5000000000000000000000000F5000000000000F50000000000F5000000000000F5000000F5000000000000F50000F50000000000F500F500000000000000000000000000000000000000000000F5
310
0000F500F5F5F5F500000000000000F50000F50000000000000000000000000000000000000000F5000000000000000000F50000000000000000F50000F500000000F5F500F5000000F500000000000000F50000000000000000F5000000000000000000F5000000000000000000F5000000000000000000F5000000000000
310
0000F5000000000000F50000000000000000F5000000000000F5000000F5F5F5F5F5F5F5F5000000F500000000F5F500F5000000000000000000F50000000000F5F5F5F5F5F5F5F50000F5000000000000000000000000F500000000000000F5000000F50000000000000000F50000F5F5F5F5F5F5F5F50000F500000000F5
310
F500F500000000000000000000000000000000000000000000F50000F500F5F5F5F500000000000000F50000F50000000000000000000000000000000000000000F5000000000000000000F50000000000000000F50000F5000000F5F50000F5000000F500000000000000F50000000000000000F5000000000000000000F5
310
000000000000000000F5000000000000000000F50000000000000000F5000000000000F5F5F5F5F500000000F5000000000000F500000000F500000000F500000000F5000000F5F50000F5000000000000000000F5000000000000F500000000F5000000F5F5F5F5F50000000000000000F500000000000000F5000000F500
310
00000000000000F5000000F500000000F5000000F5000000F5F50000F500000000000000000000000000000000000000000000F50000F500F5F5F5F500000000000000F50000F50000000000000000000000000000000000000000F5000000000000000000F50000000000000000F50000F5000000F5000000F5000000F500
310
000000F5F5F5F50000000000000000F50000000000000000F500F50000000000000000F5000000000000000000F50000000000000000F5000000000000F500000000F5000000F5F5F5F5F5F5F5F500000000F5000000F5F500000000F5000000F5000000F5000000000000000000F5000000000000F5000000F5F5000000F5
310
00000000F5000000000000F5F5F5F5F500000000F5000000F50000000000000000F5000000F5000000F5F5000000F5000000F5000000F500000000000000000000000000000000000000000000F50000F500F5F5F5F500000000000000F50000F50000000000000000000000000000000000000000F5000000000000000000
310
F50000000000000000F50000F50000F5F5000000F5000000F500000000000000000000000000000000F500000000000000F5F50000F500000000000000F5000000000000000000F50000000000000000F5000000000000F50000000000F50000F5000000000000F500000000F5F50000F5F500000000F50000F5F5000000F5
310
000000000000000000F5000000000000F5F50000F5F5000000F50000000000F5000000000000F500000000000000F5000000F50000000000000000F5000000F5F50000F5F5000000F50000F5F5000000F500000000000000000000000000000000000000000000F50000F500F5F5F5F500000000000000F50000F500000000
310
00000000000000000000000000000000F5000000000000000000F50000000000000000F50000F500F5F500000000F5000000F500000000000000000000000000000000F500000000000000F5000000F500000000000000F5000000000000000000F50000000000000000F5000000000000F50000000000F50000F500000000
310
0000F50000000000F50000F50000000000F500F5F500000000F5000000000000000000F500000000000000F50000F500000000F50000000000F5000000000000F500000000000000F5000000F50000000000000000F500000000F50000F500000000F500F5F500000000F50000000000000000000000000000000000000000
310
0000F50000F500F5F5F5F500000000000000F50000F5000000000000000000000000000000000000000000F5000000000000000000F5000000000000F5000000F500F50000000000F500000000F5000000000000000000000000000000F5000000000000F5F500000000F500000000000000F5000000000000000000F50000
310
00000000F500000000000000F50000000000F50000F5000000000000F50000000000F5F5F5F50000000000F500F50000000000F5000000000000000000F500000000000000F5F5F5F500000000F50000000000F5000000000000F5000000000000F50000000000F5000000000000F50000000000F5F5F5F500000000F500F5
310
0000000000F500000000000000000000000000000000000000000000F50000F500F5F5F5F500000000000000F50000F500000000000000000000000000000000000000000000F500000000F5000000F5F500000000F5F5000000F5F5000000000000F50000000000F50000000000F50000000000000000F5000000000000F5
310
0000000000F50000000000000000F500000000F5000000F5F500000000F5F500000000000000F500000000F5F50000F5000000000000F5000000000000F5F5000000000000F5F5000000000000F5000000000000000000F50000000000000000F5F50000000000F500000000F5F5000000000000F50000000000F5F5000000
310
0000F5F500000000F5F5000000000000F5F50000000000F5F5000000000000F500000000000000000000000000000000000000000000F50000F500F5F5F5F500000000000000F50000F50000000000000000000000000000000000000000000000F5F5F5F5F50000000000F5F5F5F50000000000F5F5000000000000F50000
310
00000000F5F5F5F5F5F50000000000F5F5F5F5F5F5F50000F5F5000000000000F50000000000000000F5F5F5F5F50000000000F5F5F5F5000000000000000000F5F5F5F5F500000000F5000000000000F5000000000000F5F5000000000000F5F5000000000000F5000000000000F5F5F5F5F5F5F50000000000F5F5000000
310
0000F5F5F5F5F50000000000000000F5F5F5F5F5F5000000000000000000F5F5F5F50000000000000000F5F50000000000F5F5000000000000F500000000000000000000000000000000000000000000F50000F500F5F5F5F500000000000000F50000F5000000000000000000000000000000000000000000000000000000
310
00000000000000000000000000000000000000000000000000000000000000000000000000000000000000000000000000000000000000000000000000000000000000000000000000000000000000000000000000000000000000000000000000000000000000000000000000000000000000000000000000000000000000
310
00000000000000000000000000000000000000000000000000000000000000000000000000000000000000000000000000000000000000000000000000000000000000000000000000000000000000000000000000000000000000000000000000000000000000000000F50000F500F5F5F5F500000000000000F50000F500
310
0000000000000000000000000000000000000000000000000000000000000000F50000F500000000000000000000000000000000000000000000000000000000000000000000000000000000000000000000000000000000000000000000000000000000000000F50000F50000000000000000000000000000000000000000
310
0000000000000000000000F50000F500000000000000000000000000000000000000000000000000000000000000F50000F5000000000000000000000000000000000000000000000000000000000000000000000000000000000000000000F500000000000000000000000000000000000000000000000000000000000000
310
0000000000F50000F500F5F5F5F500000000000000F50000F500000000000000000000000000000000000000000000000000000000000000000000F5F5000000000000000000000000000000000000000000000000000000000000000000000000000000000000000000000000000000000000000000000000000000000000
310
000000F5F500F5F5000000000000000000000000000000000000000000000000000000F5F500F5F5000000000000000000000000000000000000000000000000000000000000000000F5F5000000000000000000000000000000000000000000000000000000000000000000000000000000000000000000F5000000000000
310
00000000000000000000000000000000000000000000000000000000000000F50000F500F5F5F5F500000000000000F50000F500000000000000000000000000000000000000000000000000000000000000000000F5F500000000000000000000000000000000000000000000000000000000000000000000000000000000
310
000000000000000000000000000000000000000000000000000000000000000000F50000000000000000000000000000000000000000000000000000F5F500000000000000000000000000000000000000000000000000000000000000000000000000F5F50000000000000000000000000000000000000000000000000000
310
000000000000000000000000000000000000F5F500000000000000000000000000000000000000000000000000000000000000000000000000F50000F500F5F5F5F500000000000000F50000F50000000000000000000000000000000000000000000000000000000000000000000000000000000000000000000000000000
310
00000000000000000000000000000000000000000000000000000000000000000000000000000000000000000000000000000000000000000000F5F500000000000000000000000000000000000000000000000000000000000000000000000000000000000000000000000000000000000000000000000000000000000000
310
0000000000000000000000000000000000000000000000000000000000000000000000000000000000000000000000000000000000000000000000000000000000000000000000000000000000000000000000F50000F500F5F5F5F500000000000000F50000F5000000000000000000000000000000000000000000000000
310
00000000000000000000000000000000000000000000000000000000000000000000000000000000000000000000000000000000000000000000000000000000000000000000000000000000000000000000000000000000000000000000000000000000000000000000000000000000000000000000000000000000000000
310
00000000000000000000000000000000000000000000000000000000000000000000000000000000000000000000000000000000000000000000000000000000000000000000000000000000000000000000000000000000000000000000000000000000000000000000000000F50000F500F5F5F5F500000000000000F500
310
00F50000000000000000000000000000000000000000000000000000000000000000000000000000000000000000000000000000000000000000000000000000000000000000000000000000000000000000000000000000000000000000000000000000000000000000000000000000000000000000000000000000000000
310
00000000000000000000000000000000000000000000000000000000000000000000000000000000000000000000000000000000000000000000000000000000000000000000000000000000000000000000000000000000000000000000000000000000000000000000000000000000000000000000000000000000000000
310
0000000000000000F50000F500F5F5F5F500000000000000F50000F5000000000000000000000000000000000000000000000000000000000000000000000000000000000000000000000000000000000000000000000000000000000000000000000000000000000000000000000000000000000000000000000000000000
310
00000000000000000000000000000000000000000000000000000000000000000000000000000000000000000000000000000000000000000000000000000000000000000000000000000000000000000000000000000000000000000000000000000000000000000000000000000000000000000000000000000000000000
310
00000000000000000000000000000000000000000000000000000000000000000000F50000F500F5F5F5F500000000000000F50000F500000000000000000000000000000000000000000000000000000000000000000000000000000000000000000000000000000000000000000000000000000000000000000000000000
310
00000000000000000000000000000000000000000000000000000000000000000000000000000000000000000000000000000000000000000000000000000000000000000000000000000000000000000000000000000000000000000000000000000000000000000000000000000000000000000000000000000000000000
310
000000000000000000000000000000000000000000000000000000000000000000000000000000000000000000000000000000000000000000000000F50000F500F5F5F5F500000000000000F50000F50000000000000000000000000000000000000000000000000000000000000000000000000000000000000000000000
310
00000000000000000000000000000000000000000000000000000000000000000000000000000000000000000000000000000000000000000000000000000000000000000000000000000000000000000000000000000000000000000000000000000000000000000000000000000000000000000000000000000000000000
310
0000000000000000000000000000000000000000000000000000000000000000000000000000000000000000000000000000000000000000000000000000000000000000000000000000000000000000000000000000F50000F500F5F5F5F500000000000000F50000F5000000000000000000000000000000000000000000
310
00000000000000000000000000000000000000000000000000000000000000000000000000000000000000000000000000000000000000000000000000000000000000000000000000000000000000000000000000000000000000000000000000000000000000000000000000000000000000000000000000000000000000
310
00000000000000000000000000000000000000000000000000000000000000000000000000000000000000000000000000000000000000000000000000000000000000000000000000000000000000000000000000000000000000000000000000000000000000000000000000000000F50000F500F5F5F5F5000000000000
310
00F50000F50000000000000000000000000000000000000000000000000000000000000000000000000000000000000000000000000000000000000000000000000000000000000000000000000000000000000000000000000000000000000000000000000000000000000000000000000000000000000000000000000000
310
00000000000000000000000000000000000000000000000000000000000000000000000000000000000000000000000000000000000000000000000000000000000000000000000000000000000000000000000000000000000000000000000000000000000000000000000000000000000000000000000000000000000000
310
0000000000000000000000F50000F500F5F5F5F500000000000000F50000F5000000000000000000000000000000000000000000000000000000000000000000000000000000000000000000000000000000000000000000000000000000000000000000000000000000000000000000000000000000000000000000000000
310
00000000000000000000000000000000000000000000000000000000000000000000000000000000000000000000000000000000000000000000000000000000000000000000000000000000000000000000000000000000000000000000000000000000000000000000000000000000000000000000000000000000000000
310
00000000000000000000000000000000000000000000000000000000000000000000000000F50000F500F5F5F5F500000000000000F50000F500000000000000000000000000000000000000000000000000000000000000000000000000000000000000000000000000000000000000000000000000000000000000000000
310
00000000000000000000000000000000000000000000000000000000000000000000000000000000000000000000000000000000000000000000000000000000000000000000000000000000000000000000000000000000000000000000000000000000000000000000000000000000000000000000000000000000000000
310
000000000000000000000000000000000000000000000000000000000000000000000000000000000000000000000000000000000000000000000000000000F50000F500F5F5F5F500000000000000F50000F50000000000000000000000000000000000000000000000000000000000000000000000000000000000000000
310
00000000000000000000000000000000000000000000000000000000000000000000000000000000000000000000000000000000000000000000000000000000000000000000000000000000000000000000000000000000000000000000000000000000000000000000000000000000000000000000000000000000000000
310
0000000000000000000000000000000000000000000000000000000000000000000000000000000000000000000000000000000000000000000000000000000000000000000000000000000000000000000000000000000000F50000F500F5F5F5F500000000000000F50000F5000000000000000000000000000000000000
310
00000000000000000000000000000000000000000000000000000000000000000000000000000000000000000000000000000000000000000000000000000000000000000000000000000000000000000000000000000000000000000000000000000000000000000000000000000000000000000000000000000000000000
310
00000000000000000000000000000000000000000000000000000000000000000000000000000000000000000000000000000000000000000000000000000000000000000000000000000000000000000000000000000000000000000000000000000000000000000000000000000000000000F50000F500F5F5F5F5000000
310
00000000F50000F50000000000000000000000000000000000000000000000000000000000000000000000000000000000000000000000000000000000000000000000000000000000000000000000000000000000000000000000000000000000000000000000000000000000000000000000000000000000000000000000
310
00000000000000000000000000000000000000000000000000000000000000000000000000000000000000000000000000000000000000000000000000000000000000000000000000000000000000000000000000000000000000000000000000000000000000000000000000000000000000000000000000000000000000
310
0000000000000000000000000000F50000F500F5F5F5F500000000000000F50000F5000000000000000000000000000000000000000000000000000000000000000000000000000000000000000000000000000000000000000000000000000000000000000000000000000000000000000000000000000000000000000000
310
00000000000000000000000000000000000000000000000000000000000000000000000000000000000000000000000000000000000000000000000000000000000000000000000000000000000000000000000000000000000000000000000000000000000000000000000000000000000000000000000000000000000000
310
00000000000000000000000000000000000000000000000000000000000000000000000000000000F50000F500F5F5F5F500000000000000F50000F500000000000000000000000000000000000000000000000000000000000000000000000000000000000000000000000000000000000000000000000000000000000000
310
00000000000000000000000000000000000000000000000000000000000000000000000000000000000000000000000000000000000000000000000000000000000000000000000000000000000000000000000000000000000000000000000000000000000000000000000000000000000000000000000000000000000000
310
000000000000000000000000000000000000000000000000000000000000000000000000000000000000000000000000000000000000000000000000000000000000F50000F500F5F5F5F500000000000000F50000F50000000000000000000000000000000000000000000000000000000000000000000000000000000000
310
00000000000000000000000000000000000000000000000000000000000000000000000000000000000000000000000000000000000000000000000000000000000000000000000000000000000000000000000000000000000000000000000000000000000000000000000000000000000000000000000000000000000000
310
0000000000000000000000000000000000000000000000000000000000000000000000000000000000000000000000000000000000000000000000000000000000000000000000000000000000000000000000000000000000000000F50000F500F5F5F5F500000000000000F50000F5000000000000000000000000000000
310
00000000000000000000000000000000000000000000000000000000000000000000000000000000000000000000000000000000000000000000000000000000000000000000000000000000000000000000000000000000000000000000000000000000000000000000000000000000000000000000000000000000000000
310
00000000000000000000000000000000000000000000000000000000000000000000000000000000000000000000000000000000000000000000000000000000000000000000000000000000000000000000000000000000000000000000000000000000000000000000000000000000000000000000F50000F500F5F5F5F5
310
00000000000000F50000F50000000000000000000000000000000000000000000000000000000000000000000000000000000000000000000000000000000000000000000000000000000000000000000000000000000000000000000000000000000000000000000000000000000000000000000000000000000000000000
310
00000000000000000000000000000000000000000000000000000000000000000000000000000000000000000000000000000000000000000000000000000000000000000000000000000000000000000000000000000000000000000000000000000000000000000000000000000000000000000000000000000000000000
310
0000000000000000000000000000000000F50000F500F5F5F5F500000000000000F50000F5000000000000000000000000000000000000000000000000000000000000000000000000000000000000000000000000000000000000000000000000000000000000000000000000000000000000000000000000000000000000
310
00000000000000000000000000000000000000000000000000000000000000000000000000000000000000000000000000000000000000000000000000000000000000000000000000000000000000000000000000000000000000000000000000000000000000000000000000000000000000000000000000000000000000
310
00000000000000000000000000000000000000000000000000000000000000000000000000000000000000F50000F500F5F5F5F500000000000000F50000F500000000000000000000000000000000000000000000000000000000000000000000000000000000000000000000000000000000000000000000000000000000
310
00000000000000000000000000000000000000000000000000000000000000000000000000000000000000000000000000000000000000000000000000000000000000000000000000000000000000000000000000000000000000000000000000000000000000000000000000000000000000000000000000000000000000
310
000000000000000000000000000000000000000000000000000000000000000000000000000000000000000000000000000000000000000000000000000000000000000000F50000F500F5F5F5F500000000000000F50000F50000000000000000000000000000000000000000000000000000000000000000000000000000
310
00000000000000000000000000000000000000000000000000000000000000000000000000000000000000000000000000000000000000000000000000000000000000000000000000000000000000000000000000000000000000000000000000000000000000000000000000000000000000000000000000000000000000
310
0000000000000000000000000000000000000000000000000000000000000000000000000000000000000000000000000000000000000000000000000000000000000000000000000000000000000000000000000000000000000000000000F50000F500F5F5F5F500000000000000F50000F5000000000000000000000000
310
00000000000000000000000000000000000000000000000000000000000000000000000000000000000000000000000000000000000000000000000000000000000000000000000000000000000000000000000000000000000000000000000000000000000000000000000000000000000000000000000000000000000000
310
00000000000000000000000000000000000000000000000000000000000000000000000000000000000000000000000000000000000000000000000000000000000000000000000000000000000000000000000000000000000000000000000000000000000000000000000000000000000000000000000000F50000F500F5
310
F5F5F500000000000000F50000F50000000000000000000000000000000000000000000000000000000000000000000000000000000000000000000000000000000000000000000000000000000000000000000000000000000000000000000000000000000000000000000000000000000000000000000000000000000000
310
00000000000000000000000000000000000000000000000000000000000000000000000000000000000000000000000000000000000000000000000000000000000000000000000000000000000000000000000000000000000000000000000000000000000000000000000000000000000000000000000000000000000000
310
0000000000000000000000000000000000000000F50000F500F5F5F5F500000000000000F50000F5000000000000000000000000000000000000000000000000000000000000000000000000000000000000000000000000000000000000000000000000000000000000000000000000000000000000000000000000000000
310
00000000000000000000000000000000000000000000000000000000000000000000000000000000000000000000000000000000000000000000000000000000000000000000000000000000000000000000000000000000000000000000000000000000000000000000000000000000000000000000000000000000000000
310
00000000000000000000000000000000000000000000000000000000000000000000000000000000000000000000F50000F500F5F5F5F500000000000000F50000F500000000000000000000000000000000000000000000000000000000000000000000000000000000000000000000000000000000000000000000000000
310
00000000000000000000000000000000000000000000000000000000000000000000000000000000000000000000000000000000000000000000000000000000000000000000000000000000000000000000000000000000000000000000000000000000000000000000000000000000000000000000000000000000000000
310
000000000000000000000000000000000000000000000000000000000000000000000000000000000000000000000000000000000000000000000000000000000000000000000000F50000F500F5F5F5F500000000000000F50000F50000000000000000000000000000000000000000000000000000000000000000000000
310
00000000000000000000000000000000F50000000000000000000000000000000000000000000000000000000000000000000000000000000000000000000000000000000000000000000000000000000000000000000000000000000000000000000000000000000000000000000000000000000000000000000000000000
310
0000000000000000000000000000000000000000000000000000000000000000000000000000000000000000000000000000000000000000000000000000000000000000000000000000000000000000000000000000000000000000000000000000F50000F500F5F5F5F500000000000000F50000F50000000000F5F5F5F5
310
00000000F50000F5F5F50000000000F5F5F500F5000000F500F5F5F5000000000000000000F5F5F50000F5000000F5F5F5F500F5F5F500F500F5F5F500000000F50000000000000000000000000000000000000000000000000000000000000000000000000000000000000000000000000000000000000000000000000000
310
00000000000000000000000000000000000000000000000000000000000000000000000000000000000000000000000000000000000000000000000000000000000000000000000000000000000000000000000000000000000000000000000000000000000000000000000000000000000000000000000000000000F50000
310
F500F5F5F5F500000000000000F50000F500000000F50000000000F50000F50000F50000F5000000F5000000F5F500F500F500F50000F500000000F5000000F50000F500F50000F50000000000F5000000F500F5000000F500F5F50000F5000000000000000000000000000000000000000000000000000000000000000000
310
00000000000000000000000000000000000000000000000000000000000000000000000000000000000000000000000000000000000000000000000000000000000000000000000000000000000000000000000000000000000000000000000000000000000000000000000000000000000000000000000000000000000000
310
0000000000000000000000000000000000000000000000F50000F500F5F5F5F500000000000000F50000F500000000F50000000000F5F5F5F50000F50000F5000000F5F5F500F500F500F50000F50000F500000000F5000000F50000F50000F500F50000000000F5000000F500F5000000F500F5F50000F500000000000000
310
00000000000000000000000000000000000000000000000000000000000000000000000000000000000000000000000000000000000000000000000000000000000000000000000000000000000000000000000000000000000000000000000000000000000000000000000000000000000000000000000000000000000000
310
00000000000000000000000000000000000000000000000000000000000000000000000000000000000000000000000000F50000F500F5F5F5F500000000000000F50000F500000000F50000000000F50000F50000F50000F5000000F5000000F500F500F50000F50000F500000000F5000000F50000F50000F500F5000000
310
0000F5000000F500F5000000F5F500F50000F5000000000000000000000000000000000000000000000000000000000000000000000000000000000000000000000000000000000000000000000000000000000000000000000000000000000000000000000000000000000000000000000000000000000000000000000000
310
000000000000000000000000000000000000000000000000000000000000000000000000000000000000000000000000000000000000000000000000000000000000000000000000000000F50000F500F5F5F5F500000000000000F50000F50000000000F500000000F50000F50000F50000F5000000F50000F5F500F5F500
310
0000F50000F500000000F5000000F50000F5000000F500F500000000F5000000F500F5000000F50000F50000F500000000000000000000000000000000000000000000000000000000000000000000000000000000000000000000000000000000000000000000000000000000000000000000000000000000000000000000
310
0000000000000000000000000000000000000000000000000000000000000000000000000000000000000000000000000000000000000000000000000000000000000000000000000000000000000000000000000000000000000000000000000000000000F50000F500F5F5F5F500000000000000F50000F5000000000000
310
F5F50000000000F50000000000F500000000F5F500000000F5000000000000F5000000F5F5F5F500000000F5F50000000000F5F5000000000000F500F5F5F500F500000000F5F5F5F5000000000000000000000000000000000000000000000000000000000000000000000000000000000000000000000000000000000000
310
00000000000000000000000000000000000000000000000000000000000000000000000000000000000000000000000000000000000000000000000000000000000000000000000000000000000000000000000000000000000000000000000000000000000000000000000000000000000000000000000000000000000000
310
F50000F500F5F5F5F500000000000000F50000F5000000000000000000000000000000000000F500000000000000000000F5F500000000000000000000000000000000000000F50000000000000000000000000000000000000000000000000000000000000000000000000000000000000000000000000000000000000000
310
00000000000000000000000000000000000000000000000000000000000000000000000000000000000000000000000000000000000000000000000000000000000000000000000000000000000000000000000000000000000000000000000000000000000000000000000000000000000000000000000000000000000000
310
0000000000000000000000000000000000000000000000000000F50000F500F5F5F5F500000000000000F50000F5000000000000000000000000000000000000000000000000000000000000000000000000000000000000000000000000000000000000000000000000000000000000000000000000000000000000000000
310
00000000000000000000000000000000000000000000000000000000000000000000000000000000000000000000000000000000000000000000000000000000000000000000000000000000000000000000000000000000000000000000000000000000000000000000000000000000000000000000000000000000000000
310
00000000000000000000000000000000000000000000000000000000000000000000000000000000000000000000000000000000F50000F500F5F5F5F500000000000000F50000F500000000000000000000000000000000000000000000000000000000000000000000000000000000000000000000000000000000000000
310
00000000000000000000000000000000000000000000000000000000000000000000000000000000000000000000000000000000000000000000000000000000000000000000000000000000000000000000000000000000000000000000000000000000000000000000000000000000000000000000000000000000000000
310
000000000000000000000000000000000000000000000000000000000000000000000000000000000000000000000000000000000000000000000000000000000000000000000000000000000000F50000F500F5F5F5F500000000000000F50000F50000000000000000000000000000000000000000000000000000000000
310
00000000000000000000000000000000000000000000000000000000000000000000000000000000000000000000000000000000000000000000000000000000000000000000000000000000000000000000000000000000000000000000000000000000000000000000000000000000000000000000000000000000000000
310
0000000000000000000000000000000000000000000000000000000000000000000000000000000000000000000000000000000000000000000000000000000000000000000000000000000000000000000000000000000000000000000000000000000000000000F50000F500F5F5F5F500000000000000F50000F5000000
310
00000000000000000000000000000000000000000000000000000000000000000000000000000000000000000000000000000000000000000000000000000000000000000000000000000000000000000000000000000000000000000000000000000000000000000000000000000000000000000000000000000000000000
310
00000000000000000000000000000000000000000000000000000000000000000000000000000000000000000000000000000000000000000000000000000000000000000000000000000000000000000000000000000000000000000000000000000000000000000000000000000000000000000000000000000000000000
310
000000F50000F500F5F5F5F500000000000000F50000F5F5F5F5F5F5F5F5F5F5F5F5F5F5F5F5F5F5F5F5F5F5F5F5F5F5F5F5F5F5F5F5F5F5F5F5F5F5F5F5F5F5F5F5F5F5F5F5F5F5F5F5F5F5F5F5F5F5F5F5F5F5F5F5F5F5F5F5F5F5F5F5F5F5F5F5F5F5F5F5F5F5F5F5F5F5F5F5F5F5F5F5F5F5F5F5F5F5F5F5F5F5F5F5F5
310
F5F5F5F5F5F5F5F5F5F5F5F5F5F5F5F5F5F5F5F5F5F5F5F5F5F5F5F5F5F5F5F5F5F5F5F5F5F5F5F5F5F5F5F5F5F5F5F5F5F5F5F5F5F5F5F5F5F5F5F5F5F5F5F5F5F5F5F5F5F5F5F5F5F5F5F5F5F5F5F5F5F5F5F5F5F5F5F5F5F5F5F5F5F5F5F5F5F5F5F5F5F5F5F5F5F5F5F5F5F5F5F5F5F5F5F5F5F5F5F5F5F5F5F5F5F5F5
310
F5F5F5F5F5F5F5F5F5F5F5F5F5F5F5F5F5F5F5F5F5F5F5F5F5F5F5F5F5F50000F500F5F5F5F500000000000000F5000000000000000000000000000000000000000000000000000000000000000000000000000000000000000000000000000000000000000000000000000000000000000000000000000000000000000000
310
00000000000000000000000000000000000000000000000000000000000000000000000000000000000000000000000000000000000000000000000000000000000000000000000000000000000000000000000000000000000000000000000000000000000000000000000000000000000000000000000000000000000000
310
00000000000000000000000000000000000000000000000000000000000000000000000000000000000000000000000000000000000000000000F500F5F5F5F500000000000000F500000000000000000000000000000000000000000000000000000000000000000000000000000000000000000000000000000000000000
310
00000000000000000000000000000000000000000000000000000000000000000000000000000000000000000000000000000000000000000000000000000000000000000000000000000000000000000000000000000000000000000000000000000000000000000000000000000000000000000000000000000000000000
310
000000000000000000000000000000000000000000000000000000000000000000000000000000000000000000000000000000000000000000000000000000000000000000000000000000000000000000000000F500F5F5F5F500000000000000F5F5F5F5F5F5F5F5F5F5F5F5F5F5F5F5F5F5F5F5F5F5F5F5F5F5F5F5F5F5
310
F5F5F5F5F5F5F5F5F5F5F5F5F5F5F5F5F5F5F5F5F5F5F5F5F5F5F5F5F5F5F5F5F5F5F5F5F5F5F5F5F5F5F5F5F5F5F5F5F5F5F5F5F5F5F5F5F5F5F5F5F5F5F5F5F5F5F5F5F5F5F5F5F5F5F5F5F5F5F5F5F5F5F5F5F5F5F5F5F5F5F5F5F5F5F5F5F5F5F5F5F5F5F5F5F5F5F5F5F5F5F5F5F5F5F5F5F5F5F5F5F5F5F5F5F5F5F5
310
F5F5F5F5F5F5F5F5F5F5F5F5F5F5F5F5F5F5F5F5F5F5F5F5F5F5F5F5F5F5F5F5F5F5F5F5F5F5F5F5F5F5F5F5F5F5F5F5F5F5F5F5F5F5F5F5F5F5F5F5F5F5F5F5F5F5F5F5F5F5F5F5F5F5F5F5F5F5F5F5F5F5F5F5F5F5F5F5F5F5F5F5F5F5F5F5F5F5F5F5F5F5F5F5F5F5F5F5F5F5F500F5F5F5F50000000000000000000000
310
00000000000000000000000000000000000000000000000000000000000000000000000000000000000000000000000000000000000000000000000000000000000000000000000000000000000000000000000000000000000000000000000000000000000000000000000000000000000000000000000000000000000000
310
00000000000000000000000000000000000000000000000000000000000000000000000000000000000000000000000000000000000000000000000000000000000000000000000000000000000000000000000000000000000000000000000000000000000000000000000000000000000000000000000000000000000000
310
0000000000000000000000F5F5F5F500000000000000000000000000000000000000000000000000000000000000000000000000000000000000000000000000000000000000000000000000000000000000000000000000000000000000000000000000000000000000000000000000000000000000000000000000000000
310
00000000000000000000000000000000000000000000000000000000000000000000000000000000000000000000000000000000000000000000000000000000000000000000000000000000000000000000000000000000000000000000000000000000000000000000000000000000000000000000000000000000000000
310
00000000000000000000000000000000000000000000000000000000000000000000000000F5F5F5F50000000000000000000000000000000000000000000000000000000000000000000000000000000000000000000000000000000000000000000000000000000000000000000000000000000000000000000000000000
310
00000000000000000000000000000000000000000000000000000000000000000000000000000000000000000000000000000000000000000000000000000000000000000000000000000000000000000000000000000000000000000000000000000000000000000000000000000000000000000000000000000000000000
310
000000000000000000000000000000000000000000000000000000000000000000000000000000000000000000000000000000000000000000000000000000F5F5F5F5000000000000000000000000000000000000000000000000000000000000000000000000000000000000000000000000000000000000000000000000
310
00000000000000000000000000000000000000000000000000000000000000000000000000000000000000000000000000000000000000000000000000000000000000000000000000000000000000000000000000000000000000000000000000000000000000000000000000000000000000000000000000000000000000
310
0000000000000000000000000000000000000000000000000000000000000000000000000000000000000000000000000000000000000000000000000000000000000000000000000000000000000000000000000000000000F5F5F5F500000000000000000000000000000000000000000000000000000000000000000000
310
00000000000000000000000000000000000000000000000000000000000000000000000000000000000000000000000000000000000000000000000000000000000000000000000000000000000000000000000000000000000000000000000000000000000000000000000000000000000000000000000000000000000000
310
00000000000000000000000000000000000000000000000000000000000000000000000000000000000000000000000000000000000000000000000000000000000000000000000000000000000000000000000000000000000000000000000000000000000000000000000000000000000000F5F5F5F500000000000000F5
310
F5F5F5F5F5F5F5F5F5F5F5F5F5F5F5F5F5F5F5F5F5F5F5F5F5F5F5F5F5F5F5F5F5F5F5F5F5F5F5F5F5F5F5F5F5F5F5F5F5F5F5F5F5F5F5F5F5F5F5F5F5F5F5F5F5F5F5F5F5F5F5F5F5F5F5F5F5F5F5F5F5F5F5F5F5F5F5F5F5F5F5F5F5F5F5F5F5F5F5F5F5F5F5F5F5F5F5F5F5F5F5F5F5F5F5F5F5F5F5F5F5F5F5F5F5F5F5
310
F5F5F5F5F5F5F5F5F5F5F5F5F5F5F5F5F5F5F5F5F5F5F5F5F5F5F5F5F5F5F5F5F5F5F5F5F5F5F5F5F5F5F5F5F5F5F5F5F5F5F5F5F5F5F5F5F5F5F5F5F5F5F5F5F5F5F5F5F5F5F5F5F5F5F5F5F5F5F5F5F5F5F5F5F5F5F5F5F5F5F5F5F5F5F5F5F5F5F5F5F5F5F5F5F5F5F5F5F5F5F5F5F5F5F5F5F5F5F5F5F5F5F5F5F5F5F5
310
F5F5F5F5F5F5F5F5F5F5F5F5F500F5F5F5F500000000000000F50000000000000000000000000000000000000000000000000000000000000000000000000000000000000000F5000000000000000000000000000000000000000000000000000000000000000000000000000000000000000000000000000000000000F500
310
00000000000000000000000000000000000000000000000000000000000000000000000000000000000000000000000000000000000000000000000000000000000000000000000000000000000000000000000000000000000000000000000000000000000000000000000000000000000000000000000000000000000000
310
0000000000000000000000000000000000000000000000000000000000000000000000000000F500F5F5F5F500000000000000F50000000000000000000000000000000000000000000000000000000000000000000000000000000000000000F5000000000000000000000000000000000000000000000000000000000000
310
000000000000000000000000000000000000000000000000F5000000000000000000000000000000000000000000000000000000000000000000000000000000000000000000000000000000000000000000000000000000000000000000000000000000000000000000000000000000000000000000000000000000000000
310
00000000000000000000000000000000000000000000000000000000000000000000000000000000000000000000000000000000000000000000000000000000F500F5F5F5F500000000000000F50000000000000000000000000000000000000000000000000000000000000000000000000000000000000000F500000000
310
0000000000000000000000000000000000000000000000000000000000000000000000000000000000000000000000000000F500000000000000000000000000000000000000000000000000000000000000000000000000000000000000000000000000000000000000000000000000000000000000000000000000000000
310
000000000000000000000000000000000000000000000000000000000000000000000000000000000000000000000000000000000000000000000000000000000000000000000000000000000000000000000000000000000000F500F5F5F5F500000000000000F50000000000000000000000000000000000000000000000
310
000000000000000000000000000000000000000000F5000000000000000000000000000000000000000000000000000000000000000000000000000000000000000000000000000000000000F50000000000000000000000000000000000000000000000000000000000000000000000000000000000000000000000000000
310
0000000000000000000000000000000000000000000000000000000000000000000000000000000000000000000000000000000000000000000000000000000000000000000000000000000000000000000000000000000000000000000000000000000000000000000000000000000000000000F500F5F5F5F50000000000
310
0000F50000000000000000000000000000000000000000000000000000000000000000000000000000000000000000F5000000000000000000000000000000000000000000000000000000000000000000000000000000000000000000000000000000000000F5000000000000000000000000000000000000000000000000
310
00000000000000000000000000000000000000000000000000000000000000000000000000000000000000000000000000000000000000000000000000000000000000000000000000000000000000000000000000000000000000000000000000000000000000000000000000000000000000000000000000000000000000
310
000000000000000000000000000000F500F5F5F5F500000000000000F50000000000000000000000000000000000000000000000000000000000000000000000000000000000000000F50000000000000000000000000000000000000000000000000000000000000000000000000000000000000000000000000000000000
310
00F50000000000000000000000000000000000000000000000000000000000000000000000000000000000000000000000000000000000000000000000000000000000000000000000000000000000000000000000000000000000000000000000000000000000000000000000000000000000000000000000000000000000
310
0000000000000000000000000000000000000000000000000000000000000000000000000000000000F500F5F5F5F500000000000000F50000000000000000000000000000000000000000000000000000000000000000000000000000000000000000F5000000000000000000000000000000000000000000000000000000
310
000000000000000000000000000000000000000000000000000000F5000000000000000000000000000000000000000000000000000000000000000000000000000000000000000000000000000000000000000000000000000000000000000000000000000000000000000000000000000000000000000000000000000000
310
00000000000000000000000000000000000000000000000000000000000000000000000000000000000000000000000000000000000000000000000000000000000000F500F5F5F5F500000000000000F50000000000000000000000000000000000000000000000000000000000000000000000000000000000000000F500
310
0000000000000000000000000000000000000000000000000000000000000000000000000000000000000000000000000000000000F500000000000000000000000000000000000000000000000000000000000000000000000000000000000000000000000000000000000000000000000000000000000000000000000000
310
000000000000000000000000000000000000000000000000000000000000000000000000000000000000000000000000000000000000000000000000000000000000000000000000000000000000000000000000000000000000000000F500F5F5F5F500000000000000F50000000000000000000000000000000000000000
310
000000000000000000000000000000000000000000000000F5000000000000000000000000000000000000000000000000000000000000000000000000000000000000000000000000000000000000F50000000000000000000000000000000000000000000000000000000000000000000000000000000000000000000000
310
0000000000000000000000000000000000000000000000000000000000000000000000000000000000000000000000000000000000000000000000000000000000000000000000000000000000000000000000000000000000000000000000000000000000000000000000000000000000000000000000F500F5F5F5F50000
310
0000000000F50000000000000000000000000000000000000000000000000000000000000000000000000000000000000000F5000000000000000000000000000000000000000000000000000000000000000000000000000000000000000000000000000000000000F5000000000000000000000000000000000000000000
310
00000000000000000000000000000000000000000000000000000000000000000000000000000000000000000000000000000000000000000000000000000000000000000000000000000000000000000000000000000000000000000000000000000000000000000000000000000000000000000000000000000000000000
310
000000000000000000000000000000000000F500F5F5F5F500000000000000F50000000000000000000000000000000000000000000000000000000000000000000000000000000000000000F50000000000000000000000000000000000000000000000000000000000000000000000000000000000000000000000000000
310
00000000F50000000000000000000000000000000000000000000000000000000000000000000000000000000000000000000000000000000000000000000000000000000000000000000000000000000000000000000000000000000000000000000000000000000000000000000000000000000000000000000000000000
310
0000000000000000000000000000000000000000000000000000000000000000000000000000000000000000F500F5F5F5F500000000000000F50000000000000000000000000000000000000000000000000000000000000000000000000000000000000000F5000000000000000000000000000000000000000000000000
310
000000000000000000000000000000000000000000000000000000000000F5000000000000000000000000000000000000000000000000000000000000000000000000000000000000000000000000000000000000000000000000000000000000000000000000000000000000000000000000000000000000000000000000
310
00000000000000000000000000000000000000000000000000000000000000000000000000000000000000000000000000000000000000000000000000000000000000000000F500F5F5F5F500000000000000F500000000000000000000000000000000000000000000000000000000000000000000000000000000000000
310
00F5000000000000000000000000000000000000000000000000000000000000000000000000000000000000000000000000000000000000F500000000000000000000000000000000000000000000000000000000000000000000000000000000000000000000000000000000000000000000000000000000000000000000
310
000000000000000000000000000000000000000000000000000000000000000000000000000000000000000000000000000000000000000000000000000000000000000000000000000000000000000000000000000000000000000000000000F500F5F5F5F500000000000000F50000000000000000000000000000000000
310
000000000000000000000000000000000000000000000000000000F5000000000000000000000000000000000000000000000000000000000000000000000000000000000000000000000000000000000000F50000000000000000000000000000000000000000000000000000000000000000000000000000000000000000
310
0000000000000000000000000000000000000000000000000000000000000000000000000000000000000000000000000000000000000000000000000000000000000000000000000000000000000000000000000000000000000000000000000000000000000000000000000000000000000000000000000000F500F5F5F5
310
F500000000000000F50000000000000000000000000000000000000000000000000000000000000000000000000000000000000000F5000000000000000000000000000000000000000000000000000000000000000000000000000000000000000000000000000000000000F5000000000000000000000000000000000000
310
00000000000000000000000000000000000000000000000000000000000000000000000000000000000000000000000000000000000000000000000000000000000000000000000000000000000000000000000000000000000000000000000000000000000000000000000000000000000000000000000000000000000000
310
000000000000000000000000000000000000000000F500F5F5F5F500000000000000F5F5F5F5F5F5F5F5F5F5F5F5F5F5F5F5F5F5F5F5F5F5F5F5F5F5F5F5F5F5F5F5F5F5F5F5F5F5F5F5F5F5F5F5F5F5F5F5F5F5F5F5F5F5F5F5F5F5F5F5F5F5F5F5F5F5F5F5F5F5F5F5F5F5F5F5F5F5F5F5F5F5F5F5F5F5F5F5F5F5F5F5F5
310
F5F5F5F5F5F5F5F5F5F5F5F5F5F5F5F5F5F5F5F5F5F5F5F5F5F5F5F5F5F5F5F5F5F5F5F5F5F5F5F5F5F5F5F5F5F5F5F5F5F5F5F5F5F5F5F5F5F5F5F5F5F5F5F5F5F5F5F5F5F5F5F5F5F5F5F5F5F5F5F5F5F5F5F5F5F5F5F5F5F5F5F5F5F5F5F5F5F5F5F5F5F5F5F5F5F5F5F5F5F5F5F5F5F5F5F5F5F5F5F5F5F5F5F5F5F5F5
310
F5F5F5F5F5F5F5F5F5F5F5F5F5F5F5F5F5F5F5F5F5F5F5F5F5F5F5F5F5F5F5F5F5F5F5F5F5F5F5F5F5F5F5F5F5F5F5F500F5F5F5F500000000000000F50000000000000000000000000000000000000000000000000000000000000000000000000000000000000000F5000000000000000000000000000000000000000000
310
000000000000000000000000000000000000000000000000000000000000000000F5000000000000000000000000000000000000000000000000000000000000000000000000000000000000000000000000000000000000000000000000000000000000000000000000000000000000000000000000000000000000000000
310
00000000000000000000000000000000000000000000000000000000000000000000000000000000000000000000000000000000000000000000000000000000000000000000000000F500F5F5F5F500000000000000F500000000000000000000000000000000000000000000000000000000000000000000000000000000
310
00000000F5000000000000000000000000000000000000000000000000000000000000000000000000000000000000000000000000000000000000F500000000000000000000000000000000000000000000000000000000000000000000000000000000000000000000000000000000000000000000000000000000000000
310
000000000000000000000000000000000000000000000000000000000000000000000000000000000000000000000000000000000000000000000000000000000000000000000000000000000000000000000000000000000000000000000000000000F500F5F5F5F500000000000000F50000000000000000000000000000
310
000000000000000000000000000000000000000000000000000000000000F5000000000000000000000000000000000000000000000000000000000000000000000000000000000000000000000000000000000000F50000000000000000000000000000000000000000000000000000000000000000000000000000000000
310
0000000000000000000000000000000000000000000000000000000000000000000000000000000000000000000000000000000000000000000000000000000000000000000000000000000000000000000000000000000000000000000000000000000000000000000000000000000000000000000000000000000000F500
310
F5F5F5F500000000000000F50000000000000000000000000000000000000000000000000000000000000000000000000000000000000000F5000000000000000000000000000000000000000000000000000000000000000000000000000000000000000000000000000000000000F5000000000000000000000000000000
310
00000000000000000000000000000000000000000000000000000000000000000000000000000000000000000000000000000000000000000000000000000000000000000000000000000000000000000000000000000000000000000000000000000000000000000000000000000000000000000000000000000000000000
310
000000000000000000000000000000000000000000000000F500F5F5F5F500000000000000F50000000000000000000000000000000000000000000000000000000000000000000000000000000000000000F50000000000000000000000000000000000000000000000000000000000000000000000000000000000000000
310
00000000000000000000F50000000000000000000000000000000000000000000000000000000000000000000000000000000000000000000000000000000000000000000000000000000000000000000000000000000000000000000000000000000000000000000000000000000000000000000000000000000000000000
310
0000000000000000000000000000000000000000000000000000000000000000000000000000000000000000000000000000F500F5F5F5F500000000000000F50000000000000000000000000000000000000000000000000000000000000000000000000000000000000000F5000000000000000000000000000000000000
310
000000000000000000000000000000000000000000000000000000000000000000000000F5000000000000000000000000000000000000000000000000000000000000000000000000000000000000000000000000000000000000000000000000000000000000000000000000000000000000000000000000000000000000
310
00000000000000000000000000000000000000000000000000000000000000000000000000000000000000000000000000000000000000000000000000000000000000000000000000000000F500F5F5F5F500000000000000F500000000000000000000000000000000000000000000000000000000000000000000000000
310
00000000000000F5000000000000000000000000000000000000000000000000000000000000000000000000000000000000000000000000000000000000F500000000000000000000000000000000000000000000000000000000000000000000000000000000000000000000000000000000000000000000000000000000
310
000000000000000000000000000000000000000000000000000000000000000000000000000000000000000000000000000000000000000000000000000000000000000000000000000000000000000000000000000000000000000000000000000000000000F500F5F5F5F500000000000000F50000000000000000000000
310
000000000000000000000000000000000000000000000000000000000000000000F5000000000000000000000000000000000000000000000000000000000000000000000000000000000000000000000000000000000000F50000000000000000000000000000000000000000000000000000000000000000000000000000
310
00000000000000000000000000000000000000000000000000000000000000000000000000000000000000000000000000000000000000000000000000000000000000000000000000000000000000000000000000000000000000000000000000000000000000000000000000000000000000000000000000000000000000
310
00F500F5F5F5F500000000000000F50000000000000000000000000000000000000000000000000000000000000000000000000000000000000000F5000000000000000000000000000000000000000000000000000000000000000000000000000000000000000000000000000000000000F5000000000000000000000000
310
00000000000000000000000000000000000000000000000000000000000000000000000000000000000000000000000000000000000000000000000000000000000000000000000000000000000000000000000000000000000000000000000000000000000000000000000000000000000000000000000000000000000000
310
000000000000000000000000000000000000000000000000000000F500F5F5F5F500000000000000F50000000000000000000000000000000000000000000000000000000000000000000000000000000000000000F50000000000000000000000000000000000000000000000000000000000000000000000000000000000
310
00000000000000000000000000F50000000000000000000000000000000000000000000000000000000000000000000000000000000000000000000000000000000000000000000000000000000000000000000000000000000000000000000000000000000000000000000000000000000000000000000000000000000000
310
0000000000000000000000000000000000000000000000000000000000000000000000000000000000000000000000000000000000F500F5F5F5F500000000000000F50000000000000000000000000000000000000000000000000000000000000000000000000000000000000000F5000000000000000000000000000000
310
000000000000000000000000000000000000000000000000000000000000000000000000000000F5000000000000000000000000000000000000000000000000000000000000000000000000000000000000000000000000000000000000000000000000000000000000000000000000000000000000000000000000000000
310
00000000000000000000000000000000000000000000000000000000000000000000000000000000000000000000000000000000000000000000000000000000000000000000000000000000000000F500F5F5F5F500000000000000F500000000000000000000000000000000000000000000000000000000000000000000
310
00000000000000000000F5000000000000000000000000000000000000000000000000000000000000000000000000000000000000000000000000000000000000F500000000000000000000000000000000000000000000000000000000000000000000000000000000000000000000000000000000000000000000000000
310
000000000000000000000000000000000000000000000000000000000000000000000000000000000000000000000000000000000000000000000000000000000000000000000000000000000000000000000000000000000000000000000000000000000000000000F500F5F5F5F500000000000000F50000000000000000
310
000000000000000000000000000000000000000000000000000000000000000000000000F5000000000000000000000000000000000000000000000000000000000000000000000000000000000000000000000000000000000000F50000000000000000000000000000000000000000000000000000000000000000000000
310
00000000000000000000000000000000000000000000000000000000000000000000000000000000000000000000000000000000000000000000000000000000000000000000000000000000000000000000000000000000000000000000000000000000000000000000000000000000000000000000000000000000000000
310
00000000F500F5F5F5F500000000000000F50000000000000000000000000000000000000000000000000000000000000000000000000000000000000000F5000000000000000000000000000000000000000000000000000000000000000000000000000000000000000000000000000000000000F5000000000000000000
310
00000000000000000000000000000000000000000000000000000000000000000000000000000000000000000000000000000000000000000000000000000000000000000000000000000000000000000000000000000000000000000000000000000000000000000000000000000000000000000000000000000000000000
310
000000000000000000000000000000000000000000000000000000000000F500F5F5F5F500000000000000F50000000000000000000000000000000000000000000000000000000000000000000000000000000000000000F50000000000000000000000000000000000000000000000000000000000000000000000000000
310
00000000000000000000000000000000F50000000000000000000000000000000000000000000000000000000000000000000000000000000000000000000000000000000000000000000000000000000000000000000000000000000000000000000000000000000000000000000000000000000000000000000000000000
310
0000000000000000000000000000000000000000000000000000000000000000000000000000000000000000000000000000000000000000F500F5F5F5F500000000000000F50000000000000000000000000000000000000000000000000000000000000000000000000000000000000000F5000000000000000000000000
310
000000000000000000000000000000000000000000000000000000000000000000000000000000000000F5000000000000000000000000000000000000000000000000000000000000000000000000000000000000000000000000000000000000000000000000000000000000000000000000000000000000000000000000
310
00000000000000000000000000000000000000000000000000000000000000000000000000000000000000000000000000000000000000000000000000000000000000000000000000000000000000000000F500F5F5F5F500000000000000F5F5F5F5F5F5F5F5F5F5F5F5F5F5F5F5F5F5F5F5F5F5F5F5F5F5F5F5F5F5F5F5
310
F5F5F5F5F5F5F5F5F5F5F5F5F5F5F5F5F5F5F5F5F5F5F5F5F5F5F5F5F5F5F5F5F5F5F5F5F5F5F5F5F5F5F5F5F5F5F5F5F5F5F5F5F5F5F5F5F5F5F5F5F5F5F5F5F5F5F5F5F5F5F5F5F5F5F5F5F5F5F5F5F5F5F5F5F5F5F5F5F5F5F5F5F5F5F5F5F5F5F5F5F5F5F5F5F5F5F5F5F5F5F5F5F5F5F5F5F5F5F5F5F5F5F5F5F5F5F5
310
F5F5F5F5F5F5F5F5F5F5F5F5F5F5F5F5F5F5F5F5F5F5F5F5F5F5F5F5F5F5F5F5F5F5F5F5F5F5F5F5F5F5F5F5F5F5F5F5F5F5F5F5F5F5F5F5F5F5F5F5F5F5F5F5F5F5F5F5F5F5F5F5F5F5F5F5F5F5F5F5F5F5F5F5F5F5F5F5F5F5F5F5F5F5F5F5F5F5F5F5F5F5F5F5F5F5F5F5F500F5F5F5F500000000000000F50000000000
310
000000000000000000000000000000000000000000000000000000000000000000000000000000F5000000000000000000000000000000000000000000000000000000000000000000000000000000000000000000000000000000000000F50000000000000000000000000000000000000000000000000000000000000000
310
00000000000000000000000000000000000000000000000000000000000000000000000000000000000000000000000000000000000000000000000000000000000000000000000000000000000000000000000000000000000000000000000000000000000000000000000000000000000000000000000000000000000000
310
00000000000000F500F5F5F5F500000000000000F50000000000000000000000000000000000000000000000000000000000000000000000000000000000000000F5000000000000000000000000000000000000000000000000000000000000000000000000000000000000000000000000000000000000F5000000000000
310
00000000000000000000000000000000000000000000000000000000000000000000000000000000000000000000000000000000000000000000000000000000000000000000000000000000000000000000000000000000000000000000000000000000000000000000000000000000000000000000000000000000000000
310
000000000000000000000000000000000000000000000000000000000000000000F500F5F5F5F500000000000000F50000000000000000000000000000000000000000000000000000000000000000000000000000000000000000F50000000000000000000000000000000000000000000000000000000000000000000000
310
00000000000000000000000000000000000000F50000000000000000000000000000000000000000000000000000000000000000000000000000000000000000000000000000000000000000000000000000000000000000000000000000000000000000000000000000000000000000000000000000000000000000000000
310
0000000000000000000000000000000000000000000000000000000000000000000000000000000000000000000000000000000000000000000000F500F5F5F5F500000000000000F50000000000000000000000000000000000000000000000000000000000000000000000000000000000000000F5000000000000000000
310
000000000000000000000000000000000000000000000000000000000000000000000000000000000000000000F5000000000000000000000000000000000000000000000000000000000000000000000000000000000000000000000000000000000000000000000000000000000000000000000000000000000000000000
310
00000000000000000000000000000000000000000000000000000000000000000000000000000000000000000000000000000000000000000000000000000000000000000000000000000000000000000000000000F500F5F5F5F500000000000000F500000000000000000000000000000000000000000000000000000000
310
00000000000000000000000000000000F5000000000000000000000000000000000000000000000000000000000000000000000000000000000000000000000000000000000000F500000000000000000000000000000000000000000000000000000000000000000000000000000000000000000000000000000000000000
310
000000000000000000000000000000000000000000000000000000000000000000000000000000000000000000000000000000000000000000000000000000000000000000000000000000000000000000000000000000000000000000000000000000000000000000000000000000F500F5F5F5F500000000000000F50000
310
000000000000000000000000000000000000000000000000000000000000000000000000000000000000F5000000000000000000000000000000000000000000000000000000000000000000000000000000000000000000000000000000000000F50000000000000000000000000000000000000000000000000000000000
310
00000000000000000000000000000000000000000000000000000000000000000000000000000000000000000000000000000000000000000000000000000000000000000000000000000000000000000000000000000000000000000000000000000000000000000000000000000000000000000000000000000000000000
310
00000000000000000000F500F5F5F5F500000000000000F50000000000000000000000000000000000000000000000000000000000000000000000000000000000000000F5000000000000000000000000000000000000000000000000000000000000000000000000000000000000000000000000000000000000F5000000
310
00000000000000000000000000000000000000000000000000000000000000000000000000000000000000000000000000000000000000000000000000000000000000000000000000000000000000000000000000000000000000000000000000000000000000000000000000000000000000000000000000000000000000
310
000000000000000000000000000000000000000000000000000000000000000000000000F500F5F5F5F500000000000000F50000000000000000000000000000000000000000000000000000000000000000000000000000000000000000F50000000000000000000000000000000000000000000000000000000000000000
310
00000000000000000000000000000000000000000000F50000000000000000000000000000000000000000000000000000000000000000000000000000000000000000000000000000000000000000000000000000000000000000000000000000000000000000000000000000000000000000000000000000000000000000
310
0000000000000000000000000000000000000000000000000000000000000000000000000000000000000000000000000000000000000000000000000000F500F5F5F5F500000000000000F50000000000000000000000000000000000000000000000000000000000000000000000000000000000000000F5000000000000
310
000000000000000000000000000000000000000000000000000000000000000000000000000000000000000000000000F5000000000000000000000000000000000000000000000000000000000000000000000000000000000000000000000000000000000000000000000000000000000000000000000000000000000000
310
00000000000000000000000000000000000000000000000000000000000000000000000000000000000000000000000000000000000000000000000000000000000000000000000000000000000000000000000000000000F500F5F5F5F500000000000000F500000000000000000000000000000000000000000000000000
310
00000000000000000000000000000000000000F5000000000000000000000000000000000000000000000000000000000000000000000000000000000000000000000000000000000000F500000000000000000000000000000000000000000000000000000000000000000000000000000000000000000000000000000000
310
000000000000000000000000000000000000000000000000000000000000000000000000000000000000000000000000000000000000000000000000000000000000000000000000000000000000000000000000000000000000000000000000000000000000000000000000000000000000F500F5F5F5F500000000000000
310
F50000000000000000000000000000000000000000000000000000000000000000000000000000000000000000F5000000000000000000000000000000000000000000000000000000000000000000000000000000000000000000000000000000000000F50000000000000000000000000000000000000000000000000000
310
00000000000000000000000000000000000000000000000000000000000000000000000000000000000000000000000000000000000000000000000000000000000000000000000000000000000000000000000000000000000000000000000000000000000000000000000000000000000000000000000000000000000000
310
00000000000000000000000000F500F5F5F5F500000000000000F50000000000000000000000000000000000000000000000000000000000000000000000000000000000000000F5000000000000000000000000000000000000000000000000000000000000000000000000000000000000000000000000000000000000F5
310
00000000000000000000000000000000000000000000000000000000000000000000000000000000000000000000000000000000000000000000000000000000000000000000000000000000000000000000000000000000000000000000000000000000000000000000000000000000000000000000000000000000000000
310
000000000000000000000000000000000000000000000000000000000000000000000000000000F500F5F5F5F500000000000000F50000000000000000000000000000000000000000000000000000000000000000000000000000000000000000F50000000000000000000000000000000000000000000000000000000000
310
00000000000000000000000000000000000000000000000000F50000000000000000000000000000000000000000000000000000000000000000000000000000000000000000000000000000000000000000000000000000000000000000000000000000000000000000000000000000000000000000000000000000000000
310
0000000000000000000000000000000000000000000000000000000000000000000000000000000000000000000000000000000000000000000000000000000000F500F5F5F5F500000000000000F50000000000000000000000000000000000000000000000000000000000000000000000000000000000000000F5000000
310
000000000000000000000000000000000000000000000000000000000000000000000000000000000000000000000000000000F5000000000000000000000000000000000000000000000000000000000000000000000000000000000000000000000000000000000000000000000000000000000000000000000000000000
310
00000000000000000000000000000000000000000000000000000000000000000000000000000000000000000000000000000000000000000000000000000000000000000000000000000000000000000000000000000000000000F500F5F5F5F5000000
  0
DICTIONARY
  5
49C
330
49B
100
AcDbDictionary
280
     1
281
     1
  0
DICTIONARY
  5
49F
330
49E
100
AcDbDictionary
280
     1
281
     1
  0
DICTIONARY
  5
4A4
330
4A3
100
AcDbDictionary
280
     1
281
     1
  0
DICTIONARY
  5
4D8
330
4D7
100
AcDbDictionary
280
     1
281
     1
  3
ACAD_MLATT
360
517
  3
ACAD_XREC_ROUNDTRIP
360
516
  0
DICTIONARY
  5
4DA
330
4D9
100
AcDbDictionary
280
     1
281
     1
  3
ACAD_MLATT
360
519
  3
ACAD_XREC_ROUNDTRIP
360
518
  0
DICTIONARY
  5
4DC
330
4DB
100
AcDbDictionary
280
     1
281
     1
  3
ACAD_MLATT
360
51B
  3
ACAD_XREC_ROUNDTRIP
360
51A
  0
DICTIONARY
  5
4DE
330
4DD
100
AcDbDictionary
280
     1
281
     1
  3
ACAD_MLATT
360
51D
  3
ACAD_XREC_ROUNDTRIP
360
51C
  0
DICTIONARY
  5
4E0
330
4DF
100
AcDbDictionary
280
     1
281
     1
  3
ACAD_MLATT
360
51F
  3
ACAD_XREC_ROUNDTRIP
360
51E
  0
DICTIONARY
  5
4E2
330
4E1
100
AcDbDictionary
280
     1
281
     1
  3
ACAD_MLATT
360
521
  3
ACAD_XREC_ROUNDTRIP
360
520
  0
DICTIONARY
  5
4F4
330
34B
100
AcDbDictionary
280
     1
281
     1
  3
ACAD_SORTENTS
360
4F5
  0
SORTENTSTABLE
  5
4F5
102
{ACAD_REACTORS
330
4F4
102
}
330
4F4
100
AcDbSortentsTable
331
4E6
  5
4E7
331
4E7
  5
4E8
331
4E8
  5
4E9
331
4E9
  5
4EA
331
4EA
  5
4EB
331
4EB
  5
4EC
331
4EC
  5
4ED
331
4ED
  5
4EE
331
4EE
  5
4EF
331
4EF
  5
4F0
331
4F0
  5
4F1
331
4F1
  5
4E6
  0
CELLSTYLEMAP
  5
507
102
{ACAD_REACTORS
330
162
102
}
330
162
100
AcDbCellStyleMap
 90
        3
300
CELLSTYLE
  1
TABLEFORMAT_BEGIN
 90
        5
170
     1
 91
        0
 92
    32768
 62
   257
 93
        1
300
CONTENTFORMAT
  1
CONTENTFORMAT_BEGIN
 90
        0
 91
        0
 92
      512
 93
        0
300

 40
0
140
1
 94
        5
 62
     0
340
11
144
6
309
CONTENTFORMAT_END
171
     1
301
MARGIN
  1
CELLMARGIN_BEGIN
 40
1.5
 40
1.5
 40
1.5
 40
1.5
 40
4.5
 40
4.5
309
CELLMARGIN_END
 94
        6
 95
        1
302
GRIDFORMAT
  1
GRIDFORMAT_BEGIN
 90
        0
 91
        1
 62
     0
 92
       -2
340
14
 93
        0
 40
1.125
309
GRIDFORMAT_END
 95
        2
302
GRIDFORMAT
  1
GRIDFORMAT_BEGIN
 90
        0
 91
        1
 62
     0
 92
       -2
340
14
 93
        0
 40
1.125
309
GRIDFORMAT_END
 95
        4
302
GRIDFORMAT
  1
GRIDFORMAT_BEGIN
 90
        0
 91
        1
 62
     0
 92
       -2
340
14
 93
        0
 40
1.125
309
GRIDFORMAT_END
 95
        8
302
GRIDFORMAT
  1
GRIDFORMAT_BEGIN
 90
        0
 91
        1
 62
     0
 92
       -2
340
14
 93
        0
 40
1.125
309
GRIDFORMAT_END
 95
       16
302
GRIDFORMAT
  1
GRIDFORMAT_BEGIN
 90
        0
 91
        1
 62
     0
 92
       -2
340
14
 93
        0
 40
1.125
309
GRIDFORMAT_END
 95
       32
302
GRIDFORMAT
  1
GRIDFORMAT_BEGIN
 90
        0
 91
        1
 62
     0
 92
       -2
340
14
 93
        0
 40
1.125
309
GRIDFORMAT_END
309
TABLEFORMAT_END
  1
CELLSTYLE_BEGIN
 90
        1
 91
        1
300
_TITLE
309
CELLSTYLE_END
300
CELLSTYLE
  1
TABLEFORMAT_BEGIN
 90
        5
170
     1
 91
        0
 92
        0
 62
   257
 93
        1
300
CONTENTFORMAT
  1
CONTENTFORMAT_BEGIN
 90
        0
 91
        0
 92
      512
 93
        0
300

 40
0
140
1
 94
        5
 62
     0
340
11
144
4.5
309
CONTENTFORMAT_END
171
     1
301
MARGIN
  1
CELLMARGIN_BEGIN
 40
1.5
 40
1.5
 40
1.5
 40
1.5
 40
4.5
 40
4.5
309
CELLMARGIN_END
 94
        6
 95
        1
302
GRIDFORMAT
  1
GRIDFORMAT_BEGIN
 90
        0
 91
        1
 62
     0
 92
       -2
340
14
 93
        0
 40
1.125
309
GRIDFORMAT_END
 95
        2
302
GRIDFORMAT
  1
GRIDFORMAT_BEGIN
 90
        0
 91
        1
 62
     0
 92
       -2
340
14
 93
        0
 40
1.125
309
GRIDFORMAT_END
 95
        4
302
GRIDFORMAT
  1
GRIDFORMAT_BEGIN
 90
        0
 91
        1
 62
     0
 92
       -2
340
14
 93
        0
 40
1.125
309
GRIDFORMAT_END
 95
        8
302
GRIDFORMAT
  1
GRIDFORMAT_BEGIN
 90
        0
 91
        1
 62
     0
 92
       -2
340
14
 93
        0
 40
1.125
309
GRIDFORMAT_END
 95
       16
302
GRIDFORMAT
  1
GRIDFORMAT_BEGIN
 90
        0
 91
        1
 62
     0
 92
       -2
340
14
 93
        0
 40
1.125
309
GRIDFORMAT_END
 95
       32
302
GRIDFORMAT
  1
GRIDFORMAT_BEGIN
 90
        0
 91
        1
 62
     0
 92
       -2
340
14
 93
        0
 40
1.125
309
GRIDFORMAT_END
309
TABLEFORMAT_END
  1
CELLSTYLE_BEGIN
 90
        2
 91
        1
300
_HEADER
309
CELLSTYLE_END
300
CELLSTYLE
  1
TABLEFORMAT_BEGIN
 90
        5
170
     1
 91
        0
 92
        0
 62
   257
 93
        1
300
CONTENTFORMAT
  1
CONTENTFORMAT_BEGIN
 90
        0
 91
        0
 92
      512
 93
        0
300

 40
0
140
1
 94
        2
 62
     0
340
11
144
4.5
309
CONTENTFORMAT_END
171
     1
301
MARGIN
  1
CELLMARGIN_BEGIN
 40
1.5
 40
1.5
 40
1.5
 40
1.5
 40
4.5
 40
4.5
309
CELLMARGIN_END
 94
        6
 95
        1
302
GRIDFORMAT
  1
GRIDFORMAT_BEGIN
 90
        0
 91
        1
 62
     0
 92
       -2
340
14
 93
        0
 40
1.125
309
GRIDFORMAT_END
 95
        2
302
GRIDFORMAT
  1
GRIDFORMAT_BEGIN
 90
        0
 91
        1
 62
     0
 92
       -2
340
14
 93
        0
 40
1.125
309
GRIDFORMAT_END
 95
        4
302
GRIDFORMAT
  1
GRIDFORMAT_BEGIN
 90
        0
 91
        1
 62
     0
 92
       -2
340
14
 93
        0
 40
1.125
309
GRIDFORMAT_END
 95
        8
302
GRIDFORMAT
  1
GRIDFORMAT_BEGIN
 90
        0
 91
        1
 62
     0
 92
       -2
340
14
 93
        0
 40
1.125
309
GRIDFORMAT_END
 95
       16
302
GRIDFORMAT
  1
GRIDFORMAT_BEGIN
 90
        0
 91
        1
 62
     0
 92
       -2
340
14
 93
        0
 40
1.125
309
GRIDFORMAT_END
 95
       32
302
GRIDFORMAT
  1
GRIDFORMAT_BEGIN
 90
        0
 91
        1
 62
     0
 92
       -2
340
14
 93
        0
 40
1.125
309
GRIDFORMAT_END
309
TABLEFORMAT_END
  1
CELLSTYLE_BEGIN
 90
        3
 91
        2
300
_DATA
309
CELLSTYLE_END
  0
XRECORD
  5
508
102
{ACAD_REACTORS
330
417
102
}
330
417
100
AcDbXrecord
280
     1
102
ACAD_MATT_HEIGHT
140
2.499999999999998
  0
XRECORD
  5
509
102
{ACAD_REACTORS
330
417
102
}
330
417
100
AcDbXrecord
280
     1
 70
     2
 70
     0
 70
     0
 40
1
  2
TENBANVE1
  1
Embedded Object
 10
388.9999999999999
 20
34.8018588999105
 30
0
 40
2.499999999999998
 41
0
 46
0
 71
     2
 72
     5
  1
TENBANVE
  7
3T_SegoeUI
 73
     1
 44
1
  0
XRECORD
  5
50A
102
{ACAD_REACTORS
330
419
102
}
330
419
100
AcDbXrecord
280
     1
102
ACAD_MATT_HEIGHT
140
1.499999999999999
  0
XRECORD
  5
50B
102
{ACAD_REACTORS
330
419
102
}
330
419
100
AcDbXrecord
280
     1
 70
     2
 70
     0
 70
     0
 40
1
  2
KIENTRUC1-ARCHITECTURE
  1
Embedded Object
 10
385.1703103464186
 20
60.9075311521443
 30
0
 40
1.499999999999999
 41
0
 46
0
 71
     4
 72
     5
  1

  7
3T_SegoeUI
 73
     1
 44
1
  0
XRECORD
  5
50C
102
{ACAD_REACTORS
330
41B
102
}
330
41B
100
AcDbXrecord
280
     1
102
ACAD_MATT_HEIGHT
140
1.499999999999999
  0
XRECORD
  5
50D
102
{ACAD_REACTORS
330
41B
102
}
330
41B
100
AcDbXrecord
280
     1
 70
     2
 70
     0
 70
     0
 40
1
  2
VE2
  1
Embedded Object
 10
365.9999999999999
 20
65.90753115214429
 30
0
 40
1.499999999999999
 41
0
 46
0
 71
     4
 72
     5
  1
KTS. TÔ XUÂN SANG
  7
3T_SegoeUI
 73
     1
 44
1
  0
XRECORD
  5
50E
102
{ACAD_REACTORS
330
41D
102
}
330
41D
100
AcDbXrecord
280
     1
102
ACAD_MATT_HEIGHT
140
1.499999999999999
  0
XRECORD
  5
50F
102
{ACAD_REACTORS
330
41D
102
}
330
41D
100
AcDbXrecord
280
     1
 70
     2
 70
     0
 70
     0
 40
1
  2
VE1
  1
Embedded Object
 10
365.9999999999999
 20
80.90753115214429
 30
0
 40
1.499999999999999
 41
0
 46
0
 71
     4
 72
     5
  1
KTS. LÊ THANH LONG
  7
3T_SegoeUI
 73
     1
 44
1
  0
XRECORD
  5
510
102
{ACAD_REACTORS
330
41F
102
}
330
41F
100
AcDbXrecord
280
     1
102
ACAD_MATT_HEIGHT
140
1.499999999999999
  0
XRECORD
  5
511
102
{ACAD_REACTORS
330
41F
102
}
330
41F
100
AcDbXrecord
280
     1
 70
     2
 70
     0
 70
     0
 40
1
  2
THIETKE
  1
Embedded Object
 10
365.9999999999999
 20
95.90753115214429
 30
0
 40
1.499999999999999
 41
0
 46
0
 71
     4
 72
     5
  1
KTS. LÊ TRỌNG HIẾU
  7
3T_SegoeUI
 73
     1
 44
1
  0
XRECORD
  5
512
102
{ACAD_REACTORS
330
421
102
}
330
421
100
AcDbXrecord
280
     1
102
ACAD_MATT_HEIGHT
140
1.499999999999999
  0
XRECORD
  5
513
102
{ACAD_REACTORS
330
421
102
}
330
421
100
AcDbXrecord
280
     1
 70
     2
 70
     0
 70
     0
 40
1
  2
CHUTRIBOMON
  1
Embedded Object
 10
365.9999999999999
 20
110.9075311521443
 30
0
 40
1.499999999999999
 41
0
 46
0
 71
     4
 72
     5
  1
KTS. LÊ TRỌNG HIẾU
  7
3T_SegoeUI
 73
     1
 44
1
  0
XRECORD
  5
514
102
{ACAD_REACTORS
330
423
102
}
330
423
100
AcDbXrecord
280
     1
102
ACAD_MATT_HEIGHT
140
1.499999999999999
  0
XRECORD
  5
515
102
{ACAD_REACTORS
330
423
102
}
330
423
100
AcDbXrecord
280
     1
 70
     2
 70
     0
 70
     0
 40
1
  2
CHUNHIEM
  1
Embedded Object
 10
365.9999999999999
 20
125.9075311521443
 30
0
 40
1.499999999999999
 41
0
 46
0
 71
     4
 72
     5
  1

  7
3T_SegoeUI
 73
     1
 44
1
  0
XRECORD
  5
516
102
{ACAD_REACTORS
330
4D8
102
}
330
4D8
100
AcDbXrecord
280
     1
102
ACAD_MATT_HEIGHT
140
2.5
  0
XRECORD
  5
517
102
{ACAD_REACTORS
330
4D8
102
}
330
4D8
100
AcDbXrecord
280
     1
 70
     4
 70
     0
 70
     0
 40
1
  2
TENBANVE1
  1
Embedded Object
 10
389
 20
34.80185889993038
 30
0
 40
2.5
 41
0
 46
0
 71
     2
 72
     5
  1

  7
3T_SegoeUI
 73
     1
 44
1
  0
XRECORD
  5
518
102
{ACAD_REACTORS
330
4DA
102
}
330
4DA
100
AcDbXrecord
280
     1
102
ACAD_MATT_HEIGHT
140
1.5
  0
XRECORD
  5
519
102
{ACAD_REACTORS
330
4DA
102
}
330
4DA
100
AcDbXrecord
280
     1
 70
     4
 70
     0
 70
     0
 40
1
  2
KIENTRUC1-ARCHITECTURE
  1
Embedded Object
 10
385.1703103464206
 20
60.90753115216035
 30
0
 40
1.5
 41
0
 46
0
 71
     4
 72
     5
  1

  7
3T_SegoeUI
 73
     1
 44
1
  0
XRECORD
  5
51A
102
{ACAD_REACTORS
330
4DC
102
}
330
4DC
100
AcDbXrecord
280
     1
102
ACAD_MATT_HEIGHT
140
1.5
  0
XRECORD
  5
51B
102
{ACAD_REACTORS
330
4DC
102
}
330
4DC
100
AcDbXrecord
280
     1
 70
     4
 70
     0
 70
     0
 40
1
  2
VE1
  1
Embedded Object
 10
366
 20
65.90753115216035
 30
0
 40
1.5
 41
0
 46
0
 71
     4
 72
     5
  1

  7
3T_SegoeUI
 73
     1
 44
1
  0
XRECORD
  5
51C
102
{ACAD_REACTORS
330
4DE
102
}
330
4DE
100
AcDbXrecord
280
     1
102
ACAD_MATT_HEIGHT
140
1.5
  0
XRECORD
  5
51D
102
{ACAD_REACTORS
330
4DE
102
}
330
4DE
100
AcDbXrecord
280
     1
 70
     4
 70
     0
 70
     0
 40
1
  2
THIETKE
  1
Embedded Object
 10
366
 20
80.90753115216035
 30
0
 40
1.5
 41
0
 46
0
 71
     4
 72
     5
  1

  7
3T_SegoeUI
 73
     1
 44
1
  0
XRECORD
  5
51E
102
{ACAD_REACTORS
330
4E0
102
}
330
4E0
100
AcDbXrecord
280
     1
102
ACAD_MATT_HEIGHT
140
1.5
  0
XRECORD
  5
51F
102
{ACAD_REACTORS
330
4E0
102
}
330
4E0
100
AcDbXrecord
280
     1
 70
     4
 70
     0
 70
     0
 40
1
  2
CHUTRIBOMON
  1
Embedded Object
 10
366
 20
95.90753115216035
 30
0
 40
1.5
 41
0
 46
0
 71
     4
 72
     5
  1

  7
3T_SegoeUI
 73
     1
 44
1
  0
XRECORD
  5
520
102
{ACAD_REACTORS
330
4E2
102
}
330
4E2
100
AcDbXrecord
280
     1
102
ACAD_MATT_HEIGHT
140
1.5
  0
XRECORD
  5
521
102
{ACAD_REACTORS
330
4E2
102
}
330
4E2
100
AcDbXrecord
280
     1
 70
     4
 70
     0
 70
     0
 40
1
  2
CHUNHIEM
  1
Embedded Object
 10
366
 20
110.9075311521603
 30
0
 40
1.5
 41
0
 46
0
 71
     4
 72
     5
  1

  7
3T_SegoeUI
 73
     1
 44
1
  0
XRECORD
  5
522
102
{ACAD_REACTORS
330
C
102
}
330
C
100
AcDbXrecord
280
     1
 90
        1
330
7F
330
340
330
416
330
418
330
41A
330
41C
330
41E
330
420
330
422
330
49E
330
4A3
330
4D7
330
4D9
330
4DB
330
4DD
330
4DF
330
4E1
  0
XRECORD
  5
523
102
{ACAD_REACTORS
330
529
102
}
330
529
100
AcDbXrecord
280
     1
  1
AcDb_Thumbnail_Schema
102
{ATTRRECORD
341
524
  2
AcDbDs::TreatedAsObjectData
280
     1
291
     1
102
ATTRRECORD}
102
{ATTRRECORD
341
525
  2
AcDbDs::Legacy
280
     1
291
     1
102
ATTRRECORD}
  2
AcDbDs::ID
280
    10
 91
        8
102
{ATTRRECORD
341
526
  2
AcDs:Indexable
280
     1
291
     1
102
ATTRRECORD}
102
{ATTRRECORD
341
527
  2
AcDbDs::HandleAttribute
280
     7
282
     1
102
ATTRRECORD}
  2
Thumbnail_Data
280
    15
 91
        0
  0
XRECORD
  5
524
102
{ACAD_REACTORS
330
529
102
}
330
529
100
AcDbXrecord
280
     1
  1
AcDbDs::TreatedAsObjectDataSchema
  2
AcDbDs::TreatedAsObjectData
280
     1
 91
        0
  0
XRECORD
  5
525
102
{ACAD_REACTORS
330
529
102
}
330
529
100
AcDbXrecord
280
     1
  1
AcDbDs::LegacySchema
  2
AcDbDs::Legacy
280
     1
 91
        0
  0
XRECORD
  5
526
102
{ACAD_REACTORS
330
529
102
}
330
529
100
AcDbXrecord
280
     1
  1
AcDbDs::IndexedPropertySchema
  2
AcDs:Indexable
280
     1
 91
        0
  0
XRECORD
  5
527
102
{ACAD_REACTORS
330
529
102
}
330
529
100
AcDbXrecord
280
     1
  1
AcDbDs::HandleAttributeSchema
  2
AcDbDs::HandleAttribute
280
     7
 91
        1
284
     1
  0
DICTIONARY
  5
528
102
{ACAD_REACTORS
330
C
102
}
330
C
100
AcDbDictionary
281
     1
  3
AcDsRecords
350
52A
  3
AcDsSchemas
350
529
1001
ACAD
1070
     2
  0
DICTIONARY
  5
529
102
{ACAD_REACTORS
330
528
102
}
330
528
100
AcDbDictionary
281
     1
  3
1800823852848
350
523
  3
1800823852864
350
524
  3
1800823852880
350
525
  3
1800823852896
350
526
  3
1800823852912
350
527
  0
DICTIONARY
  5
52A
102
{ACAD_REACTORS
330
528
102
}
330
528
100
AcDbDictionary
281
     1
  0
DICTIONARY
  5
52B
330
F0
100
AcDbDictionary
280
     1
281
     1
  3
ACAD_XREC_ROUNDTRIP
360
52C
  0
XRECORD
  5
52C
102
{ACAD_REACTORS
330
52B
102
}
330
52B
100
AcDbXrecord
280
     1
102
RTVSPost2010Prop28
280
     0
102
RTVSPost2010PropOp28
 70
     1
102
RTVSPost2010Prop29
280
     1
102
RTVSPost2010PropOp29
 70
     1
102
RTVSPost2010Prop30
280
     1
102
RTVSPost2010PropOp30
 70
     1
102
RTVSPost2010Prop31
280
     0
102
RTVSPost2010PropOp31
 70
     1
102
RTVSPost2010Prop32
280
     0
102
RTVSPost2010PropOp32
 70
     1
102
RTVSPost2010Prop33
280
     0
102
RTVSPost2010PropOp33
 70
     1
102
RTVSPost2010Prop34
280
     0
102
RTVSPost2010PropOp34
 70
     1
102
RTVSPost2010Prop35
280
     0
102
RTVSPost2010PropOp35
 70
     1
102
RTVSPost2010Prop36
280
     0
102
RTVSPost2010PropOp36
 70
     1
102
RTVSPost2010Prop37
 90
       50
102
RTVSPost2010PropOp37
 70
     1
102
RTVSPost2010Prop38
140
0
102
RTVSPost2010PropOp38
 70
     1
102
RTVSPost2010Prop39
140
1
102
RTVSPost2010PropOp39
 70
     1
102
RTVSPost2010Prop40
 90
        0
102
RTVSPost2010PropOp40
 70
     1
102
RTVSPost2010Prop41ColorIndex
 90
       18
102
RTVSPost2010Prop41ColorRGB
 90
        0
102
RTVSPost2010PropOp41
 70
     1
102
RTVSPost2010Prop42
 90
       50
102
RTVSPost2010PropOp42
 70
     1
102
RTVSPost2010Prop43
 90
        3
102
RTVSPost2010PropOp43
 70
     1
102
RTVSPost2010Prop44ColorIndex
 90
        5
102
RTVSPost2010Prop44ColorRGB
 90
      255
102
RTVSPost2010PropOp44
 70
     1
102
RTVSPost2010Prop45
280
     0
102
RTVSPost2010PropOp45
 70
     1
102
RTVSPost2010Prop46
 90
       50
102
RTVSPost2010PropOp46
 70
     1
102
RTVSPost2010Prop47
 90
       50
102
RTVSPost2010PropOp47
 70
     1
102
RTVSPost2010Prop48
 90
       50
102
RTVSPost2010PropOp48
 70
     1
102
RTVSPost2010Prop49
280
     0
102
RTVSPost2010PropOp49
 70
     1
102
RTVSPost2010Prop50
 90
       50
102
RTVSPost2010PropOp50
 70
     1
102
RTVSPost2010Prop51ColorIndex
 90
      256
102
RTVSPost2010Prop51ColorRGB
 90
-16777216
102
RTVSPost2010PropOp51
 70
     0
102
RTVSPost2010Prop52
140
1
102
RTVSPost2010PropOp52
 70
     0
102
RTVSPost2010Prop53
 90
        2
102
RTVSPost2010PropOp53
 70
     1
102
RTVSPost2010Prop54
  1
strokes_ogs.tif
102
RTVSPost2010PropOp54
 70
     1
102
RTVSPost2010Prop55
280
     0
102
RTVSPost2010PropOp55
 70
     1
102
RTVSPost2010Prop56
140
1
102
RTVSPost2010PropOp56
 70
     1
102
RTVSPost2010Prop57
140
1
102
RTVSPost2010PropOp57
 70
     1
102
RTVSPropertyOp0
 70
     1
102
RTVSPropertyOp1
 70
     1
102
RTVSPropertyOp2
 70
     1
102
RTVSPropertyOp3
 70
     1
102
RTVSPropertyOp4
 70
     1
102
RTVSPropertyOp5
 70
     1
102
RTVSPropertyOp6
 70
     1
102
RTVSPropertyOp7
 70
     1
102
RTVSPropertyOp8
 70
     1
102
RTVSPropertyOp9
 70
     1
102
RTVSPropertyOp10
 70
     1
102
RTVSPropertyOp11
 70
     1
102
RTVSPropertyOp12
 70
     1
102
RTVSPropertyOp13
 70
     1
102
RTVSPropertyOp14
 70
     1
102
RTVSPropertyOp15
 70
     1
102
RTVSPropertyOp16
 70
     1
102
RTVSPropertyOp17
 70
     1
102
RTVSPropertyOp18
 70
     1
102
RTVSPropertyOp19
 70
     1
102
RTVSPropertyOp20
 70
     1
102
RTVSPropertyOp21
 70
     1
102
RTVSPropertyOp22
 70
     1
102
RTVSPropertyOp23
 70
     1
102
RTVSPropertyOp24
 70
     1
102
RTVSPropertyOp25
 70
     1
102
RTVSPropertyOp26
 70
     1
102
RTVSPropertyOp27
 70
     1
102
RTVSPropertyOp28
 70
     1
102
RTVSPropertyOp29
 70
     1
102
RTVSPropertyOp30
 70
     1
102
RTVSPropertyOp31
 70
     1
102
RTVSPropertyOp32
 70
     1
102
RTVSPropertyOp33
 70
     1
102
RTVSPropertyOp34
 70
     1
102
RTVSPropertyOp35
 70
     1
102
RTVSPropertyOp36
 70
     1
102
RTVSPropertyOp37
 70
     1
102
RTVSPropertyOp38
 70
     1
102
RTVSPropertyOp39
 70
     1
102
RTVSPropertyOp40
 70
     1
102
RTVSPropertyOp41
 70
     1
102
RTVSPropertyOp42
 70
     1
102
RTVSPropertyOp43
 70
     1
102
RTVSPropertyOp44
 70
     1
102
RTVSPropertyOp45
 70
     1
102
RTVSPropertyOp46
 70
     1
102
RTVSPropertyOp47
 70
     1
102
RTVSPropertyOp48
 70
     1
102
RTVSPropertyOp49
 70
     1
102
RTVSPropertyOp50
 70
     1
102
RTVSPropertyOp51
 70
     0
102
RTVSPropertyOp52
 70
     0
102
RTVSPropertyOp53
 70
     1
102
RTVSPropertyOp54
 70
     1
102
RTVSPropertyOp55
 70
     1
102
RTVSPropertyOp56
 70
     1
102
RTVSPropertyOp57
 70
     1
102
RTVSPropertyOp58
 70
     1
102
RTVSPropertyOp59
 70
     1
102
RTVSPropertyOp60
 70
     1
102
RTVSPropertyOp61
 70
     1
102
RTVSPropertyOp62
 70
     1
  0
DICTIONARY
  5
52D
330
F1
100
AcDbDictionary
280
     1
281
     1
  3
ACAD_XREC_ROUNDTRIP
360
52E
  0
XRECORD
  5
52E
102
{ACAD_REACTORS
330
52D
102
}
330
52D
100
AcDbXrecord
280
     1
102
RTVSPost2010Prop28
280
     0
102
RTVSPost2010PropOp28
 70
     1
102
RTVSPost2010Prop29
280
     1
102
RTVSPost2010PropOp29
 70
     1
102
RTVSPost2010Prop30
280
     1
102
RTVSPost2010PropOp30
 70
     1
102
RTVSPost2010Prop31
280
     0
102
RTVSPost2010PropOp31
 70
     1
102
RTVSPost2010Prop32
280
     0
102
RTVSPost2010PropOp32
 70
     1
102
RTVSPost2010Prop33
280
     0
102
RTVSPost2010PropOp33
 70
     1
102
RTVSPost2010Prop34
280
     0
102
RTVSPost2010PropOp34
 70
     1
102
RTVSPost2010Prop35
280
     0
102
RTVSPost2010PropOp35
 70
     1
102
RTVSPost2010Prop36
280
     0
102
RTVSPost2010PropOp36
 70
     1
102
RTVSPost2010Prop37
 90
       50
102
RTVSPost2010PropOp37
 70
     1
102
RTVSPost2010Prop38
140
0
102
RTVSPost2010PropOp38
 70
     1
102
RTVSPost2010Prop39
140
1
102
RTVSPost2010PropOp39
 70
     1
102
RTVSPost2010Prop40
 90
        0
102
RTVSPost2010PropOp40
 70
     1
102
RTVSPost2010Prop41ColorIndex
 90
       18
102
RTVSPost2010Prop41ColorRGB
 90
        0
102
RTVSPost2010PropOp41
 70
     1
102
RTVSPost2010Prop42
 90
       50
102
RTVSPost2010PropOp42
 70
     1
102
RTVSPost2010Prop43
 90
        3
102
RTVSPost2010PropOp43
 70
     1
102
RTVSPost2010Prop44ColorIndex
 90
        5
102
RTVSPost2010Prop44ColorRGB
 90
      255
102
RTVSPost2010PropOp44
 70
     1
102
RTVSPost2010Prop45
280
     0
102
RTVSPost2010PropOp45
 70
     1
102
RTVSPost2010Prop46
 90
       50
102
RTVSPost2010PropOp46
 70
     1
102
RTVSPost2010Prop47
 90
       50
102
RTVSPost2010PropOp47
 70
     1
102
RTVSPost2010Prop48
 90
       50
102
RTVSPost2010PropOp48
 70
     1
102
RTVSPost2010Prop49
280
     0
102
RTVSPost2010PropOp49
 70
     1
102
RTVSPost2010Prop50
 90
       50
102
RTVSPost2010PropOp50
 70
     1
102
RTVSPost2010Prop51ColorIndex
 90
      256
102
RTVSPost2010Prop51ColorRGB
 90
-16777216
102
RTVSPost2010PropOp51
 70
     0
102
RTVSPost2010Prop52
140
1
102
RTVSPost2010PropOp52
 70
     0
102
RTVSPost2010Prop53
 90
        2
102
RTVSPost2010PropOp53
 70
     1
102
RTVSPost2010Prop54
  1
strokes_ogs.tif
102
RTVSPost2010PropOp54
 70
     1
102
RTVSPost2010Prop55
280
     0
102
RTVSPost2010PropOp55
 70
     1
102
RTVSPost2010Prop56
140
1
102
RTVSPost2010PropOp56
 70
     1
102
RTVSPost2010Prop57
140
1
102
RTVSPost2010PropOp57
 70
     1
102
RTVSPropertyOp0
 70
     1
102
RTVSPropertyOp1
 70
     1
102
RTVSPropertyOp2
 70
     1
102
RTVSPropertyOp3
 70
     1
102
RTVSPropertyOp4
 70
     1
102
RTVSPropertyOp5
 70
     1
102
RTVSPropertyOp6
 70
     1
102
RTVSPropertyOp7
 70
     1
102
RTVSPropertyOp8
 70
     1
102
RTVSPropertyOp9
 70
     1
102
RTVSPropertyOp10
 70
     1
102
RTVSPropertyOp11
 70
     1
102
RTVSPropertyOp12
 70
     1
102
RTVSPropertyOp13
 70
     1
102
RTVSPropertyOp14
 70
     1
102
RTVSPropertyOp15
 70
     1
102
RTVSPropertyOp16
 70
     1
102
RTVSPropertyOp17
 70
     1
102
RTVSPropertyOp18
 70
     1
102
RTVSPropertyOp19
 70
     1
102
RTVSPropertyOp20
 70
     1
102
RTVSPropertyOp21
 70
     1
102
RTVSPropertyOp22
 70
     1
102
RTVSPropertyOp23
 70
     1
102
RTVSPropertyOp24
 70
     1
102
RTVSPropertyOp25
 70
     1
102
RTVSPropertyOp26
 70
     1
102
RTVSPropertyOp27
 70
     1
102
RTVSPropertyOp28
 70
     1
102
RTVSPropertyOp29
 70
     1
102
RTVSPropertyOp30
 70
     1
102
RTVSPropertyOp31
 70
     1
102
RTVSPropertyOp32
 70
     1
102
RTVSPropertyOp33
 70
     1
102
RTVSPropertyOp34
 70
     1
102
RTVSPropertyOp35
 70
     1
102
RTVSPropertyOp36
 70
     1
102
RTVSPropertyOp37
 70
     1
102
RTVSPropertyOp38
 70
     1
102
RTVSPropertyOp39
 70
     1
102
RTVSPropertyOp40
 70
     1
102
RTVSPropertyOp41
 70
     1
102
RTVSPropertyOp42
 70
     1
102
RTVSPropertyOp43
 70
     1
102
RTVSPropertyOp44
 70
     1
102
RTVSPropertyOp45
 70
     1
102
RTVSPropertyOp46
 70
     1
102
RTVSPropertyOp47
 70
     1
102
RTVSPropertyOp48
 70
     1
102
RTVSPropertyOp49
 70
     1
102
RTVSPropertyOp50
 70
     1
102
RTVSPropertyOp51
 70
     0
102
RTVSPropertyOp52
 70
     0
102
RTVSPropertyOp53
 70
     1
102
RTVSPropertyOp54
 70
     1
102
RTVSPropertyOp55
 70
     1
102
RTVSPropertyOp56
 70
     1
102
RTVSPropertyOp57
 70
     1
102
RTVSPropertyOp58
 70
     1
102
RTVSPropertyOp59
 70
     1
102
RTVSPropertyOp60
 70
     1
102
RTVSPropertyOp61
 70
     1
102
RTVSPropertyOp62
 70
     1
  0
DICTIONARY
  5
52F
330
F2
100
AcDbDictionary
280
     1
281
     1
  3
ACAD_XREC_ROUNDTRIP
360
530
  0
XRECORD
  5
530
102
{ACAD_REACTORS
330
52F
102
}
330
52F
100
AcDbXrecord
280
     1
102
RTVSPost2010Prop28
280
     0
102
RTVSPost2010PropOp28
 70
     1
102
RTVSPost2010Prop29
280
     1
102
RTVSPost2010PropOp29
 70
     1
102
RTVSPost2010Prop30
280
     1
102
RTVSPost2010PropOp30
 70
     1
102
RTVSPost2010Prop31
280
     0
102
RTVSPost2010PropOp31
 70
     1
102
RTVSPost2010Prop32
280
     0
102
RTVSPost2010PropOp32
 70
     1
102
RTVSPost2010Prop33
280
     0
102
RTVSPost2010PropOp33
 70
     1
102
RTVSPost2010Prop34
280
     0
102
RTVSPost2010PropOp34
 70
     1
102
RTVSPost2010Prop35
280
     0
102
RTVSPost2010PropOp35
 70
     1
102
RTVSPost2010Prop36
280
     0
102
RTVSPost2010PropOp36
 70
     1
102
RTVSPost2010Prop37
 90
       50
102
RTVSPost2010PropOp37
 70
     1
102
RTVSPost2010Prop38
140
0
102
RTVSPost2010PropOp38
 70
     1
102
RTVSPost2010Prop39
140
1
102
RTVSPost2010PropOp39
 70
     1
102
RTVSPost2010Prop40
 90
        0
102
RTVSPost2010PropOp40
 70
     1
102
RTVSPost2010Prop41ColorIndex
 90
       18
102
RTVSPost2010Prop41ColorRGB
 90
        0
102
RTVSPost2010PropOp41
 70
     1
102
RTVSPost2010Prop42
 90
       50
102
RTVSPost2010PropOp42
 70
     1
102
RTVSPost2010Prop43
 90
        3
102
RTVSPost2010PropOp43
 70
     1
102
RTVSPost2010Prop44ColorIndex
 90
        5
102
RTVSPost2010Prop44ColorRGB
 90
      255
102
RTVSPost2010PropOp44
 70
     1
102
RTVSPost2010Prop45
280
     0
102
RTVSPost2010PropOp45
 70
     1
102
RTVSPost2010Prop46
 90
       50
102
RTVSPost2010PropOp46
 70
     1
102
RTVSPost2010Prop47
 90
       50
102
RTVSPost2010PropOp47
 70
     1
102
RTVSPost2010Prop48
 90
       50
102
RTVSPost2010PropOp48
 70
     1
102
RTVSPost2010Prop49
280
     0
102
RTVSPost2010PropOp49
 70
     1
102
RTVSPost2010Prop50
 90
       50
102
RTVSPost2010PropOp50
 70
     1
102
RTVSPost2010Prop51ColorIndex
 90
      256
102
RTVSPost2010Prop51ColorRGB
 90
-16777216
102
RTVSPost2010PropOp51
 70
     0
102
RTVSPost2010Prop52
140
1
102
RTVSPost2010PropOp52
 70
     0
102
RTVSPost2010Prop53
 90
        2
102
RTVSPost2010PropOp53
 70
     1
102
RTVSPost2010Prop54
  1
strokes_ogs.tif
102
RTVSPost2010PropOp54
 70
     1
102
RTVSPost2010Prop55
280
     0
102
RTVSPost2010PropOp55
 70
     1
102
RTVSPost2010Prop56
140
1
102
RTVSPost2010PropOp56
 70
     1
102
RTVSPost2010Prop57
140
1
102
RTVSPost2010PropOp57
 70
     1
102
RTVSPropertyOp0
 70
     1
102
RTVSPropertyOp1
 70
     1
102
RTVSPropertyOp2
 70
     1
102
RTVSPropertyOp3
 70
     1
102
RTVSPropertyOp4
 70
     1
102
RTVSPropertyOp5
 70
     1
102
RTVSPropertyOp6
 70
     1
102
RTVSPropertyOp7
 70
     1
102
RTVSPropertyOp8
 70
     1
102
RTVSPropertyOp9
 70
     1
102
RTVSPropertyOp10
 70
     1
102
RTVSPropertyOp11
 70
     1
102
RTVSPropertyOp12
 70
     1
102
RTVSPropertyOp13
 70
     1
102
RTVSPropertyOp14
 70
     1
102
RTVSPropertyOp15
 70
     1
102
RTVSPropertyOp16
 70
     1
102
RTVSPropertyOp17
 70
     1
102
RTVSPropertyOp18
 70
     1
102
RTVSPropertyOp19
 70
     1
102
RTVSPropertyOp20
 70
     1
102
RTVSPropertyOp21
 70
     1
102
RTVSPropertyOp22
 70
     1
102
RTVSPropertyOp23
 70
     1
102
RTVSPropertyOp24
 70
     1
102
RTVSPropertyOp25
 70
     1
102
RTVSPropertyOp26
 70
     1
102
RTVSPropertyOp27
 70
     1
102
RTVSPropertyOp28
 70
     1
102
RTVSPropertyOp29
 70
     1
102
RTVSPropertyOp30
 70
     1
102
RTVSPropertyOp31
 70
     1
102
RTVSPropertyOp32
 70
     1
102
RTVSPropertyOp33
 70
     1
102
RTVSPropertyOp34
 70
     1
102
RTVSPropertyOp35
 70
     1
102
RTVSPropertyOp36
 70
     1
102
RTVSPropertyOp37
 70
     1
102
RTVSPropertyOp38
 70
     1
102
RTVSPropertyOp39
 70
     1
102
RTVSPropertyOp40
 70
     1
102
RTVSPropertyOp41
 70
     1
102
RTVSPropertyOp42
 70
     1
102
RTVSPropertyOp43
 70
     1
102
RTVSPropertyOp44
 70
     1
102
RTVSPropertyOp45
 70
     1
102
RTVSPropertyOp46
 70
     1
102
RTVSPropertyOp47
 70
     1
102
RTVSPropertyOp48
 70
     1
102
RTVSPropertyOp49
 70
     1
102
RTVSPropertyOp50
 70
     1
102
RTVSPropertyOp51
 70
     0
102
RTVSPropertyOp52
 70
     0
102
RTVSPropertyOp53
 70
     1
102
RTVSPropertyOp54
 70
     1
102
RTVSPropertyOp55
 70
     1
102
RTVSPropertyOp56
 70
     1
102
RTVSPropertyOp57
 70
     1
102
RTVSPropertyOp58
 70
     1
102
RTVSPropertyOp59
 70
     1
102
RTVSPropertyOp60
 70
     1
102
RTVSPropertyOp61
 70
     1
102
RTVSPropertyOp62
 70
     1
  0
DICTIONARY
  5
531
330
F3
100
AcDbDictionary
280
     1
281
     1
  3
ACAD_XREC_ROUNDTRIP
360
532
  0
XRECORD
  5
532
102
{ACAD_REACTORS
330
531
102
}
330
531
100
AcDbXrecord
280
     1
102
RTVSPost2010Prop28
280
     0
102
RTVSPost2010PropOp28
 70
     1
102
RTVSPost2010Prop29
280
     1
102
RTVSPost2010PropOp29
 70
     1
102
RTVSPost2010Prop30
280
     1
102
RTVSPost2010PropOp30
 70
     1
102
RTVSPost2010Prop31
280
     0
102
RTVSPost2010PropOp31
 70
     1
102
RTVSPost2010Prop32
280
     0
102
RTVSPost2010PropOp32
 70
     1
102
RTVSPost2010Prop33
280
     0
102
RTVSPost2010PropOp33
 70
     1
102
RTVSPost2010Prop34
280
     0
102
RTVSPost2010PropOp34
 70
     1
102
RTVSPost2010Prop35
280
     0
102
RTVSPost2010PropOp35
 70
     1
102
RTVSPost2010Prop36
280
     0
102
RTVSPost2010PropOp36
 70
     1
102
RTVSPost2010Prop37
 90
       50
102
RTVSPost2010PropOp37
 70
     1
102
RTVSPost2010Prop38
140
0
102
RTVSPost2010PropOp38
 70
     1
102
RTVSPost2010Prop39
140
1
102
RTVSPost2010PropOp39
 70
     1
102
RTVSPost2010Prop40
 90
        0
102
RTVSPost2010PropOp40
 70
     1
102
RTVSPost2010Prop41ColorIndex
 90
       18
102
RTVSPost2010Prop41ColorRGB
 90
        0
102
RTVSPost2010PropOp41
 70
     1
102
RTVSPost2010Prop42
 90
       50
102
RTVSPost2010PropOp42
 70
     1
102
RTVSPost2010Prop43
 90
        3
102
RTVSPost2010PropOp43
 70
     1
102
RTVSPost2010Prop44ColorIndex
 90
        5
102
RTVSPost2010Prop44ColorRGB
 90
      255
102
RTVSPost2010PropOp44
 70
     1
102
RTVSPost2010Prop45
280
     0
102
RTVSPost2010PropOp45
 70
     1
102
RTVSPost2010Prop46
 90
       50
102
RTVSPost2010PropOp46
 70
     1
102
RTVSPost2010Prop47
 90
       50
102
RTVSPost2010PropOp47
 70
     1
102
RTVSPost2010Prop48
 90
       50
102
RTVSPost2010PropOp48
 70
     1
102
RTVSPost2010Prop49
280
     0
102
RTVSPost2010PropOp49
 70
     1
102
RTVSPost2010Prop50
 90
       50
102
RTVSPost2010PropOp50
 70
     1
102
RTVSPost2010Prop51ColorIndex
 90
      256
102
RTVSPost2010Prop51ColorRGB
 90
-16777216
102
RTVSPost2010PropOp51
 70
     0
102
RTVSPost2010Prop52
140
1
102
RTVSPost2010PropOp52
 70
     0
102
RTVSPost2010Prop53
 90
        2
102
RTVSPost2010PropOp53
 70
     1
102
RTVSPost2010Prop54
  1
strokes_ogs.tif
102
RTVSPost2010PropOp54
 70
     1
102
RTVSPost2010Prop55
280
     0
102
RTVSPost2010PropOp55
 70
     1
102
RTVSPost2010Prop56
140
1
102
RTVSPost2010PropOp56
 70
     1
102
RTVSPost2010Prop57
140
1
102
RTVSPost2010PropOp57
 70
     1
102
RTVSPropertyOp0
 70
     1
102
RTVSPropertyOp1
 70
     1
102
RTVSPropertyOp2
 70
     1
102
RTVSPropertyOp3
 70
     1
102
RTVSPropertyOp4
 70
     1
102
RTVSPropertyOp5
 70
     1
102
RTVSPropertyOp6
 70
     1
102
RTVSPropertyOp7
 70
     1
102
RTVSPropertyOp8
 70
     1
102
RTVSPropertyOp9
 70
     1
102
RTVSPropertyOp10
 70
     1
102
RTVSPropertyOp11
 70
     1
102
RTVSPropertyOp12
 70
     1
102
RTVSPropertyOp13
 70
     1
102
RTVSPropertyOp14
 70
     1
102
RTVSPropertyOp15
 70
     1
102
RTVSPropertyOp16
 70
     1
102
RTVSPropertyOp17
 70
     1
102
RTVSPropertyOp18
 70
     1
102
RTVSPropertyOp19
 70
     1
102
RTVSPropertyOp20
 70
     1
102
RTVSPropertyOp21
 70
     1
102
RTVSPropertyOp22
 70
     1
102
RTVSPropertyOp23
 70
     1
102
RTVSPropertyOp24
 70
     1
102
RTVSPropertyOp25
 70
     1
102
RTVSPropertyOp26
 70
     1
102
RTVSPropertyOp27
 70
     1
102
RTVSPropertyOp28
 70
     1
102
RTVSPropertyOp29
 70
     1
102
RTVSPropertyOp30
 70
     1
102
RTVSPropertyOp31
 70
     1
102
RTVSPropertyOp32
 70
     1
102
RTVSPropertyOp33
 70
     1
102
RTVSPropertyOp34
 70
     1
102
RTVSPropertyOp35
 70
     1
102
RTVSPropertyOp36
 70
     1
102
RTVSPropertyOp37
 70
     1
102
RTVSPropertyOp38
 70
     1
102
RTVSPropertyOp39
 70
     1
102
RTVSPropertyOp40
 70
     1
102
RTVSPropertyOp41
 70
     1
102
RTVSPropertyOp42
 70
     1
102
RTVSPropertyOp43
 70
     1
102
RTVSPropertyOp44
 70
     1
102
RTVSPropertyOp45
 70
     1
102
RTVSPropertyOp46
 70
     1
102
RTVSPropertyOp47
 70
     1
102
RTVSPropertyOp48
 70
     1
102
RTVSPropertyOp49
 70
     1
102
RTVSPropertyOp50
 70
     1
102
RTVSPropertyOp51
 70
     0
102
RTVSPropertyOp52
 70
     0
102
RTVSPropertyOp53
 70
     1
102
RTVSPropertyOp54
 70
     1
102
RTVSPropertyOp55
 70
     1
102
RTVSPropertyOp56
 70
     1
102
RTVSPropertyOp57
 70
     1
102
RTVSPropertyOp58
 70
     1
102
RTVSPropertyOp59
 70
     1
102
RTVSPropertyOp60
 70
     1
102
RTVSPropertyOp61
 70
     1
102
RTVSPropertyOp62
 70
     1
  0
DICTIONARY
  5
533
330
F4
100
AcDbDictionary
280
     1
281
     1
  3
ACAD_XREC_ROUNDTRIP
360
534
  0
XRECORD
  5
534
102
{ACAD_REACTORS
330
533
102
}
330
533
100
AcDbXrecord
280
     1
102
RTVSPost2010Prop28
280
     0
102
RTVSPost2010PropOp28
 70
     1
102
RTVSPost2010Prop29
280
     1
102
RTVSPost2010PropOp29
 70
     1
102
RTVSPost2010Prop30
280
     1
102
RTVSPost2010PropOp30
 70
     1
102
RTVSPost2010Prop31
280
     0
102
RTVSPost2010PropOp31
 70
     1
102
RTVSPost2010Prop32
280
     0
102
RTVSPost2010PropOp32
 70
     1
102
RTVSPost2010Prop33
280
     0
102
RTVSPost2010PropOp33
 70
     1
102
RTVSPost2010Prop34
280
     0
102
RTVSPost2010PropOp34
 70
     1
102
RTVSPost2010Prop35
280
     0
102
RTVSPost2010PropOp35
 70
     1
102
RTVSPost2010Prop36
280
     0
102
RTVSPost2010PropOp36
 70
     1
102
RTVSPost2010Prop37
 90
       50
102
RTVSPost2010PropOp37
 70
     1
102
RTVSPost2010Prop38
140
0
102
RTVSPost2010PropOp38
 70
     1
102
RTVSPost2010Prop39
140
1
102
RTVSPost2010PropOp39
 70
     1
102
RTVSPost2010Prop40
 90
        0
102
RTVSPost2010PropOp40
 70
     1
102
RTVSPost2010Prop41ColorIndex
 90
       18
102
RTVSPost2010Prop41ColorRGB
 90
        0
102
RTVSPost2010PropOp41
 70
     1
102
RTVSPost2010Prop42
 90
       50
102
RTVSPost2010PropOp42
 70
     1
102
RTVSPost2010Prop43
 90
        3
102
RTVSPost2010PropOp43
 70
     1
102
RTVSPost2010Prop44ColorIndex
 90
        5
102
RTVSPost2010Prop44ColorRGB
 90
      255
102
RTVSPost2010PropOp44
 70
     1
102
RTVSPost2010Prop45
280
     0
102
RTVSPost2010PropOp45
 70
     1
102
RTVSPost2010Prop46
 90
       50
102
RTVSPost2010PropOp46
 70
     1
102
RTVSPost2010Prop47
 90
       50
102
RTVSPost2010PropOp47
 70
     1
102
RTVSPost2010Prop48
 90
       50
102
RTVSPost2010PropOp48
 70
     1
102
RTVSPost2010Prop49
280
     0
102
RTVSPost2010PropOp49
 70
     1
102
RTVSPost2010Prop50
 90
       50
102
RTVSPost2010PropOp50
 70
     1
102
RTVSPost2010Prop51ColorIndex
 90
      256
102
RTVSPost2010Prop51ColorRGB
 90
-16777216
102
RTVSPost2010PropOp51
 70
     0
102
RTVSPost2010Prop52
140
1
102
RTVSPost2010PropOp52
 70
     0
102
RTVSPost2010Prop53
 90
        2
102
RTVSPost2010PropOp53
 70
     1
102
RTVSPost2010Prop54
  1
strokes_ogs.tif
102
RTVSPost2010PropOp54
 70
     1
102
RTVSPost2010Prop55
280
     0
102
RTVSPost2010PropOp55
 70
     1
102
RTVSPost2010Prop56
140
1
102
RTVSPost2010PropOp56
 70
     1
102
RTVSPost2010Prop57
140
1
102
RTVSPost2010PropOp57
 70
     1
102
RTVSPropertyOp0
 70
     1
102
RTVSPropertyOp1
 70
     1
102
RTVSPropertyOp2
 70
     1
102
RTVSPropertyOp3
 70
     1
102
RTVSPropertyOp4
 70
     1
102
RTVSPropertyOp5
 70
     1
102
RTVSPropertyOp6
 70
     1
102
RTVSPropertyOp7
 70
     1
102
RTVSPropertyOp8
 70
     1
102
RTVSPropertyOp9
 70
     1
102
RTVSPropertyOp10
 70
     1
102
RTVSPropertyOp11
 70
     1
102
RTVSPropertyOp12
 70
     1
102
RTVSPropertyOp13
 70
     1
102
RTVSPropertyOp14
 70
     1
102
RTVSPropertyOp15
 70
     1
102
RTVSPropertyOp16
 70
     1
102
RTVSPropertyOp17
 70
     1
102
RTVSPropertyOp18
 70
     1
102
RTVSPropertyOp19
 70
     1
102
RTVSPropertyOp20
 70
     1
102
RTVSPropertyOp21
 70
     1
102
RTVSPropertyOp22
 70
     1
102
RTVSPropertyOp23
 70
     1
102
RTVSPropertyOp24
 70
     1
102
RTVSPropertyOp25
 70
     1
102
RTVSPropertyOp26
 70
     1
102
RTVSPropertyOp27
 70
     1
102
RTVSPropertyOp28
 70
     1
102
RTVSPropertyOp29
 70
     1
102
RTVSPropertyOp30
 70
     1
102
RTVSPropertyOp31
 70
     1
102
RTVSPropertyOp32
 70
     1
102
RTVSPropertyOp33
 70
     1
102
RTVSPropertyOp34
 70
     1
102
RTVSPropertyOp35
 70
     1
102
RTVSPropertyOp36
 70
     1
102
RTVSPropertyOp37
 70
     1
102
RTVSPropertyOp38
 70
     1
102
RTVSPropertyOp39
 70
     1
102
RTVSPropertyOp40
 70
     1
102
RTVSPropertyOp41
 70
     1
102
RTVSPropertyOp42
 70
     1
102
RTVSPropertyOp43
 70
     1
102
RTVSPropertyOp44
 70
     1
102
RTVSPropertyOp45
 70
     1
102
RTVSPropertyOp46
 70
     1
102
RTVSPropertyOp47
 70
     1
102
RTVSPropertyOp48
 70
     1
102
RTVSPropertyOp49
 70
     1
102
RTVSPropertyOp50
 70
     1
102
RTVSPropertyOp51
 70
     0
102
RTVSPropertyOp52
 70
     0
102
RTVSPropertyOp53
 70
     1
102
RTVSPropertyOp54
 70
     1
102
RTVSPropertyOp55
 70
     1
102
RTVSPropertyOp56
 70
     1
102
RTVSPropertyOp57
 70
     1
102
RTVSPropertyOp58
 70
     1
102
RTVSPropertyOp59
 70
     1
102
RTVSPropertyOp60
 70
     1
102
RTVSPropertyOp61
 70
     1
102
RTVSPropertyOp62
 70
     1
  0
DICTIONARY
  5
535
330
F5
100
AcDbDictionary
280
     1
281
     1
  3
ACAD_XREC_ROUNDTRIP
360
536
  0
XRECORD
  5
536
102
{ACAD_REACTORS
330
535
102
}
330
535
100
AcDbXrecord
280
     1
102
RTVSPost2010Prop28
280
     1
102
RTVSPost2010PropOp28
 70
     1
102
RTVSPost2010Prop29
280
     1
102
RTVSPost2010PropOp29
 70
     1
102
RTVSPost2010Prop30
280
     0
102
RTVSPost2010PropOp30
 70
     1
102
RTVSPost2010Prop31
280
     0
102
RTVSPost2010PropOp31
 70
     1
102
RTVSPost2010Prop32
280
     0
102
RTVSPost2010PropOp32
 70
     1
102
RTVSPost2010Prop33
280
     0
102
RTVSPost2010PropOp33
 70
     1
102
RTVSPost2010Prop34
280
     0
102
RTVSPost2010PropOp34
 70
     1
102
RTVSPost2010Prop35
280
     0
102
RTVSPost2010PropOp35
 70
     1
102
RTVSPost2010Prop36
280
     0
102
RTVSPost2010PropOp36
 70
     1
102
RTVSPost2010Prop37
 90
       50
102
RTVSPost2010PropOp37
 70
     1
102
RTVSPost2010Prop38
140
0
102
RTVSPost2010PropOp38
 70
     1
102
RTVSPost2010Prop39
140
1
102
RTVSPost2010PropOp39
 70
     1
102
RTVSPost2010Prop40
 90
        0
102
RTVSPost2010PropOp40
 70
     1
102
RTVSPost2010Prop41ColorIndex
 90
       18
102
RTVSPost2010Prop41ColorRGB
 90
        0
102
RTVSPost2010PropOp41
 70
     1
102
RTVSPost2010Prop42
 90
       50
102
RTVSPost2010PropOp42
 70
     1
102
RTVSPost2010Prop43
 90
        3
102
RTVSPost2010PropOp43
 70
     1
102
RTVSPost2010Prop44ColorIndex
 90
        5
102
RTVSPost2010Prop44ColorRGB
 90
      255
102
RTVSPost2010PropOp44
 70
     1
102
RTVSPost2010Prop45
280
     0
102
RTVSPost2010PropOp45
 70
     1
102
RTVSPost2010Prop46
 90
       50
102
RTVSPost2010PropOp46
 70
     1
102
RTVSPost2010Prop47
 90
       50
102
RTVSPost2010PropOp47
 70
     1
102
RTVSPost2010Prop48
 90
       50
102
RTVSPost2010PropOp48
 70
     1
102
RTVSPost2010Prop49
280
     0
102
RTVSPost2010PropOp49
 70
     1
102
RTVSPost2010Prop50
 90
       50
102
RTVSPost2010PropOp50
 70
     1
102
RTVSPost2010Prop51ColorIndex
 90
      256
102
RTVSPost2010Prop51ColorRGB
 90
-16777216
102
RTVSPost2010PropOp51
 70
     0
102
RTVSPost2010Prop52
140
1
102
RTVSPost2010PropOp52
 70
     0
102
RTVSPost2010Prop53
 90
        2
102
RTVSPost2010PropOp53
 70
     1
102
RTVSPost2010Prop54
  1
strokes_ogs.tif
102
RTVSPost2010PropOp54
 70
     1
102
RTVSPost2010Prop55
280
     0
102
RTVSPost2010PropOp55
 70
     1
102
RTVSPost2010Prop56
140
1
102
RTVSPost2010PropOp56
 70
     1
102
RTVSPost2010Prop57
140
1
102
RTVSPost2010PropOp57
 70
     1
102
RTVSPropertyOp0
 70
     1
102
RTVSPropertyOp1
 70
     1
102
RTVSPropertyOp2
 70
     1
102
RTVSPropertyOp3
 70
     1
102
RTVSPropertyOp4
 70
     1
102
RTVSPropertyOp5
 70
     1
102
RTVSPropertyOp6
 70
     1
102
RTVSPropertyOp7
 70
     1
102
RTVSPropertyOp8
 70
     1
102
RTVSPropertyOp9
 70
     1
102
RTVSPropertyOp10
 70
     1
102
RTVSPropertyOp11
 70
     1
102
RTVSPropertyOp12
 70
     1
102
RTVSPropertyOp13
 70
     1
102
RTVSPropertyOp14
 70
     1
102
RTVSPropertyOp15
 70
     1
102
RTVSPropertyOp16
 70
     1
102
RTVSPropertyOp17
 70
     1
102
RTVSPropertyOp18
 70
     1
102
RTVSPropertyOp19
 70
     1
102
RTVSPropertyOp20
 70
     1
102
RTVSPropertyOp21
 70
     1
102
RTVSPropertyOp22
 70
     1
102
RTVSPropertyOp23
 70
     1
102
RTVSPropertyOp24
 70
     1
102
RTVSPropertyOp25
 70
     1
102
RTVSPropertyOp26
 70
     1
102
RTVSPropertyOp27
 70
     1
102
RTVSPropertyOp28
 70
     1
102
RTVSPropertyOp29
 70
     1
102
RTVSPropertyOp30
 70
     1
102
RTVSPropertyOp31
 70
     1
102
RTVSPropertyOp32
 70
     1
102
RTVSPropertyOp33
 70
     1
102
RTVSPropertyOp34
 70
     1
102
RTVSPropertyOp35
 70
     1
102
RTVSPropertyOp36
 70
     1
102
RTVSPropertyOp37
 70
     1
102
RTVSPropertyOp38
 70
     1
102
RTVSPropertyOp39
 70
     1
102
RTVSPropertyOp40
 70
     1
102
RTVSPropertyOp41
 70
     1
102
RTVSPropertyOp42
 70
     1
102
RTVSPropertyOp43
 70
     1
102
RTVSPropertyOp44
 70
     1
102
RTVSPropertyOp45
 70
     1
102
RTVSPropertyOp46
 70
     1
102
RTVSPropertyOp47
 70
     1
102
RTVSPropertyOp48
 70
     1
102
RTVSPropertyOp49
 70
     1
102
RTVSPropertyOp50
 70
     1
102
RTVSPropertyOp51
 70
     0
102
RTVSPropertyOp52
 70
     0
102
RTVSPropertyOp53
 70
     1
102
RTVSPropertyOp54
 70
     1
102
RTVSPropertyOp55
 70
     1
102
RTVSPropertyOp56
 70
     1
102
RTVSPropertyOp57
 70
     1
102
RTVSPropertyOp58
 70
     1
102
RTVSPropertyOp59
 70
     1
102
RTVSPropertyOp60
 70
     1
102
RTVSPropertyOp61
 70
     1
102
RTVSPropertyOp62
 70
     1
  0
DICTIONARY
  5
537
330
F6
100
AcDbDictionary
280
     1
281
     1
  3
ACAD_XREC_ROUNDTRIP
360
538
  0
XRECORD
  5
538
102
{ACAD_REACTORS
330
537
102
}
330
537
100
AcDbXrecord
280
     1
102
RTVSPost2010Prop28
280
     0
102
RTVSPost2010PropOp28
 70
     1
102
RTVSPost2010Prop29
280
     1
102
RTVSPost2010PropOp29
 70
     1
102
RTVSPost2010Prop30
280
     1
102
RTVSPost2010PropOp30
 70
     1
102
RTVSPost2010Prop31
280
     0
102
RTVSPost2010PropOp31
 70
     1
102
RTVSPost2010Prop32
280
     0
102
RTVSPost2010PropOp32
 70
     1
102
RTVSPost2010Prop33
280
     0
102
RTVSPost2010PropOp33
 70
     1
102
RTVSPost2010Prop34
280
     0
102
RTVSPost2010PropOp34
 70
     1
102
RTVSPost2010Prop35
280
     0
102
RTVSPost2010PropOp35
 70
     1
102
RTVSPost2010Prop36
280
     0
102
RTVSPost2010PropOp36
 70
     1
102
RTVSPost2010Prop37
 90
       50
102
RTVSPost2010PropOp37
 70
     1
102
RTVSPost2010Prop38
140
0
102
RTVSPost2010PropOp38
 70
     1
102
RTVSPost2010Prop39
140
1
102
RTVSPost2010PropOp39
 70
     1
102
RTVSPost2010Prop40
 90
        0
102
RTVSPost2010PropOp40
 70
     1
102
RTVSPost2010Prop41ColorIndex
 90
       18
102
RTVSPost2010Prop41ColorRGB
 90
        0
102
RTVSPost2010PropOp41
 70
     1
102
RTVSPost2010Prop42
 90
       50
102
RTVSPost2010PropOp42
 70
     1
102
RTVSPost2010Prop43
 90
        3
102
RTVSPost2010PropOp43
 70
     1
102
RTVSPost2010Prop44ColorIndex
 90
        5
102
RTVSPost2010Prop44ColorRGB
 90
      255
102
RTVSPost2010PropOp44
 70
     1
102
RTVSPost2010Prop45
280
     0
102
RTVSPost2010PropOp45
 70
     1
102
RTVSPost2010Prop46
 90
       50
102
RTVSPost2010PropOp46
 70
     1
102
RTVSPost2010Prop47
 90
       50
102
RTVSPost2010PropOp47
 70
     1
102
RTVSPost2010Prop48
 90
       50
102
RTVSPost2010PropOp48
 70
     1
102
RTVSPost2010Prop49
280
     0
102
RTVSPost2010PropOp49
 70
     1
102
RTVSPost2010Prop50
 90
       50
102
RTVSPost2010PropOp50
 70
     1
102
RTVSPost2010Prop51ColorIndex
 90
      256
102
RTVSPost2010Prop51ColorRGB
 90
-16777216
102
RTVSPost2010PropOp51
 70
     0
102
RTVSPost2010Prop52
140
1
102
RTVSPost2010PropOp52
 70
     0
102
RTVSPost2010Prop53
 90
        2
102
RTVSPost2010PropOp53
 70
     1
102
RTVSPost2010Prop54
  1
strokes_ogs.tif
102
RTVSPost2010PropOp54
 70
     1
102
RTVSPost2010Prop55
280
     0
102
RTVSPost2010PropOp55
 70
     1
102
RTVSPost2010Prop56
140
1
102
RTVSPost2010PropOp56
 70
     1
102
RTVSPost2010Prop57
140
1
102
RTVSPost2010PropOp57
 70
     1
102
RTVSPropertyOp0
 70
     1
102
RTVSPropertyOp1
 70
     1
102
RTVSPropertyOp2
 70
     1
102
RTVSPropertyOp3
 70
     1
102
RTVSPropertyOp4
 70
     1
102
RTVSPropertyOp5
 70
     1
102
RTVSPropertyOp6
 70
     1
102
RTVSPropertyOp7
 70
     1
102
RTVSPropertyOp8
 70
     1
102
RTVSPropertyOp9
 70
     1
102
RTVSPropertyOp10
 70
     1
102
RTVSPropertyOp11
 70
     1
102
RTVSPropertyOp12
 70
     1
102
RTVSPropertyOp13
 70
     1
102
RTVSPropertyOp14
 70
     1
102
RTVSPropertyOp15
 70
     1
102
RTVSPropertyOp16
 70
     1
102
RTVSPropertyOp17
 70
     1
102
RTVSPropertyOp18
 70
     1
102
RTVSPropertyOp19
 70
     1
102
RTVSPropertyOp20
 70
     1
102
RTVSPropertyOp21
 70
     1
102
RTVSPropertyOp22
 70
     1
102
RTVSPropertyOp23
 70
     1
102
RTVSPropertyOp24
 70
     1
102
RTVSPropertyOp25
 70
     1
102
RTVSPropertyOp26
 70
     1
102
RTVSPropertyOp27
 70
     1
102
RTVSPropertyOp28
 70
     1
102
RTVSPropertyOp29
 70
     1
102
RTVSPropertyOp30
 70
     1
102
RTVSPropertyOp31
 70
     1
102
RTVSPropertyOp32
 70
     1
102
RTVSPropertyOp33
 70
     1
102
RTVSPropertyOp34
 70
     1
102
RTVSPropertyOp35
 70
     1
102
RTVSPropertyOp36
 70
     1
102
RTVSPropertyOp37
 70
     1
102
RTVSPropertyOp38
 70
     1
102
RTVSPropertyOp39
 70
     1
102
RTVSPropertyOp40
 70
     1
102
RTVSPropertyOp41
 70
     1
102
RTVSPropertyOp42
 70
     1
102
RTVSPropertyOp43
 70
     1
102
RTVSPropertyOp44
 70
     1
102
RTVSPropertyOp45
 70
     1
102
RTVSPropertyOp46
 70
     1
102
RTVSPropertyOp47
 70
     1
102
RTVSPropertyOp48
 70
     1
102
RTVSPropertyOp49
 70
     1
102
RTVSPropertyOp50
 70
     1
102
RTVSPropertyOp51
 70
     0
102
RTVSPropertyOp52
 70
     0
102
RTVSPropertyOp53
 70
     1
102
RTVSPropertyOp54
 70
     1
102
RTVSPropertyOp55
 70
     1
102
RTVSPropertyOp56
 70
     1
102
RTVSPropertyOp57
 70
     1
102
RTVSPropertyOp58
 70
     1
102
RTVSPropertyOp59
 70
     1
102
RTVSPropertyOp60
 70
     1
102
RTVSPropertyOp61
 70
     1
102
RTVSPropertyOp62
 70
     1
  0
DICTIONARY
  5
539
330
F7
100
AcDbDictionary
280
     1
281
     1
  3
ACAD_XREC_ROUNDTRIP
360
53A
  0
XRECORD
  5
53A
102
{ACAD_REACTORS
330
539
102
}
330
539
100
AcDbXrecord
280
     1
102
RTVSPost2010Prop28
280
     0
102
RTVSPost2010PropOp28
 70
     1
102
RTVSPost2010Prop29
280
     1
102
RTVSPost2010PropOp29
 70
     1
102
RTVSPost2010Prop30
280
     1
102
RTVSPost2010PropOp30
 70
     1
102
RTVSPost2010Prop31
280
     0
102
RTVSPost2010PropOp31
 70
     1
102
RTVSPost2010Prop32
280
     0
102
RTVSPost2010PropOp32
 70
     1
102
RTVSPost2010Prop33
280
     0
102
RTVSPost2010PropOp33
 70
     1
102
RTVSPost2010Prop34
280
     0
102
RTVSPost2010PropOp34
 70
     1
102
RTVSPost2010Prop35
280
     0
102
RTVSPost2010PropOp35
 70
     1
102
RTVSPost2010Prop36
280
     0
102
RTVSPost2010PropOp36
 70
     1
102
RTVSPost2010Prop37
 90
       50
102
RTVSPost2010PropOp37
 70
     1
102
RTVSPost2010Prop38
140
0
102
RTVSPost2010PropOp38
 70
     1
102
RTVSPost2010Prop39
140
1
102
RTVSPost2010PropOp39
 70
     1
102
RTVSPost2010Prop40
 90
        0
102
RTVSPost2010PropOp40
 70
     1
102
RTVSPost2010Prop41ColorIndex
 90
       18
102
RTVSPost2010Prop41ColorRGB
 90
        0
102
RTVSPost2010PropOp41
 70
     1
102
RTVSPost2010Prop42
 90
       50
102
RTVSPost2010PropOp42
 70
     1
102
RTVSPost2010Prop43
 90
        3
102
RTVSPost2010PropOp43
 70
     1
102
RTVSPost2010Prop44ColorIndex
 90
        5
102
RTVSPost2010Prop44ColorRGB
 90
      255
102
RTVSPost2010PropOp44
 70
     1
102
RTVSPost2010Prop45
280
     0
102
RTVSPost2010PropOp45
 70
     1
102
RTVSPost2010Prop46
 90
       50
102
RTVSPost2010PropOp46
 70
     1
102
RTVSPost2010Prop47
 90
       50
102
RTVSPost2010PropOp47
 70
     1
102
RTVSPost2010Prop48
 90
       50
102
RTVSPost2010PropOp48
 70
     1
102
RTVSPost2010Prop49
280
     0
102
RTVSPost2010PropOp49
 70
     1
102
RTVSPost2010Prop50
 90
       50
102
RTVSPost2010PropOp50
 70
     1
102
RTVSPost2010Prop51ColorIndex
 90
      256
102
RTVSPost2010Prop51ColorRGB
 90
-16777216
102
RTVSPost2010PropOp51
 70
     0
102
RTVSPost2010Prop52
140
1
102
RTVSPost2010PropOp52
 70
     0
102
RTVSPost2010Prop53
 90
        2
102
RTVSPost2010PropOp53
 70
     1
102
RTVSPost2010Prop54
  1
strokes_ogs.tif
102
RTVSPost2010PropOp54
 70
     1
102
RTVSPost2010Prop55
280
     0
102
RTVSPost2010PropOp55
 70
     1
102
RTVSPost2010Prop56
140
1
102
RTVSPost2010PropOp56
 70
     1
102
RTVSPost2010Prop57
140
1
102
RTVSPost2010PropOp57
 70
     1
102
RTVSPropertyOp0
 70
     1
102
RTVSPropertyOp1
 70
     1
102
RTVSPropertyOp2
 70
     1
102
RTVSPropertyOp3
 70
     1
102
RTVSPropertyOp4
 70
     1
102
RTVSPropertyOp5
 70
     1
102
RTVSPropertyOp6
 70
     1
102
RTVSPropertyOp7
 70
     1
102
RTVSPropertyOp8
 70
     1
102
RTVSPropertyOp9
 70
     1
102
RTVSPropertyOp10
 70
     1
102
RTVSPropertyOp11
 70
     1
102
RTVSPropertyOp12
 70
     1
102
RTVSPropertyOp13
 70
     1
102
RTVSPropertyOp14
 70
     1
102
RTVSPropertyOp15
 70
     1
102
RTVSPropertyOp16
 70
     1
102
RTVSPropertyOp17
 70
     1
102
RTVSPropertyOp18
 70
     1
102
RTVSPropertyOp19
 70
     1
102
RTVSPropertyOp20
 70
     1
102
RTVSPropertyOp21
 70
     1
102
RTVSPropertyOp22
 70
     1
102
RTVSPropertyOp23
 70
     1
102
RTVSPropertyOp24
 70
     1
102
RTVSPropertyOp25
 70
     1
102
RTVSPropertyOp26
 70
     1
102
RTVSPropertyOp27
 70
     1
102
RTVSPropertyOp28
 70
     1
102
RTVSPropertyOp29
 70
     1
102
RTVSPropertyOp30
 70
     1
102
RTVSPropertyOp31
 70
     1
102
RTVSPropertyOp32
 70
     1
102
RTVSPropertyOp33
 70
     1
102
RTVSPropertyOp34
 70
     1
102
RTVSPropertyOp35
 70
     1
102
RTVSPropertyOp36
 70
     1
102
RTVSPropertyOp37
 70
     1
102
RTVSPropertyOp38
 70
     1
102
RTVSPropertyOp39
 70
     1
102
RTVSPropertyOp40
 70
     1
102
RTVSPropertyOp41
 70
     1
102
RTVSPropertyOp42
 70
     1
102
RTVSPropertyOp43
 70
     1
102
RTVSPropertyOp44
 70
     1
102
RTVSPropertyOp45
 70
     1
102
RTVSPropertyOp46
 70
     1
102
RTVSPropertyOp47
 70
     1
102
RTVSPropertyOp48
 70
     1
102
RTVSPropertyOp49
 70
     1
102
RTVSPropertyOp50
 70
     1
102
RTVSPropertyOp51
 70
     0
102
RTVSPropertyOp52
 70
     0
102
RTVSPropertyOp53
 70
     1
102
RTVSPropertyOp54
 70
     1
102
RTVSPropertyOp55
 70
     1
102
RTVSPropertyOp56
 70
     1
102
RTVSPropertyOp57
 70
     1
102
RTVSPropertyOp58
 70
     1
102
RTVSPropertyOp59
 70
     1
102
RTVSPropertyOp60
 70
     1
102
RTVSPropertyOp61
 70
     1
102
RTVSPropertyOp62
 70
     1
  0
DICTIONARY
  5
53B
330
F8
100
AcDbDictionary
280
     1
281
     1
  3
ACAD_XREC_ROUNDTRIP
360
53C
  0
XRECORD
  5
53C
102
{ACAD_REACTORS
330
53B
102
}
330
53B
100
AcDbXrecord
280
     1
102
RTVSPost2010Prop28
280
     0
102
RTVSPost2010PropOp28
 70
     1
102
RTVSPost2010Prop29
280
     1
102
RTVSPost2010PropOp29
 70
     1
102
RTVSPost2010Prop30
280
     1
102
RTVSPost2010PropOp30
 70
     1
102
RTVSPost2010Prop31
280
     0
102
RTVSPost2010PropOp31
 70
     1
102
RTVSPost2010Prop32
280
     0
102
RTVSPost2010PropOp32
 70
     1
102
RTVSPost2010Prop33
280
     0
102
RTVSPost2010PropOp33
 70
     1
102
RTVSPost2010Prop34
280
     0
102
RTVSPost2010PropOp34
 70
     1
102
RTVSPost2010Prop35
280
     0
102
RTVSPost2010PropOp35
 70
     1
102
RTVSPost2010Prop36
280
     0
102
RTVSPost2010PropOp36
 70
     1
102
RTVSPost2010Prop37
 90
       50
102
RTVSPost2010PropOp37
 70
     1
102
RTVSPost2010Prop38
140
0
102
RTVSPost2010PropOp38
 70
     1
102
RTVSPost2010Prop39
140
1
102
RTVSPost2010PropOp39
 70
     1
102
RTVSPost2010Prop40
 90
        0
102
RTVSPost2010PropOp40
 70
     1
102
RTVSPost2010Prop41ColorIndex
 90
       18
102
RTVSPost2010Prop41ColorRGB
 90
        0
102
RTVSPost2010PropOp41
 70
     1
102
RTVSPost2010Prop42
 90
       50
102
RTVSPost2010PropOp42
 70
     1
102
RTVSPost2010Prop43
 90
        3
102
RTVSPost2010PropOp43
 70
     1
102
RTVSPost2010Prop44ColorIndex
 90
        5
102
RTVSPost2010Prop44ColorRGB
 90
      255
102
RTVSPost2010PropOp44
 70
     1
102
RTVSPost2010Prop45
280
     0
102
RTVSPost2010PropOp45
 70
     1
102
RTVSPost2010Prop46
 90
       50
102
RTVSPost2010PropOp46
 70
     1
102
RTVSPost2010Prop47
 90
       50
102
RTVSPost2010PropOp47
 70
     1
102
RTVSPost2010Prop48
 90
       50
102
RTVSPost2010PropOp48
 70
     1
102
RTVSPost2010Prop49
280
     0
102
RTVSPost2010PropOp49
 70
     1
102
RTVSPost2010Prop50
 90
       50
102
RTVSPost2010PropOp50
 70
     1
102
RTVSPost2010Prop51ColorIndex
 90
      256
102
RTVSPost2010Prop51ColorRGB
 90
-16777216
102
RTVSPost2010PropOp51
 70
     0
102
RTVSPost2010Prop52
140
1
102
RTVSPost2010PropOp52
 70
     0
102
RTVSPost2010Prop53
 90
        2
102
RTVSPost2010PropOp53
 70
     1
102
RTVSPost2010Prop54
  1
strokes_ogs.tif
102
RTVSPost2010PropOp54
 70
     1
102
RTVSPost2010Prop55
280
     0
102
RTVSPost2010PropOp55
 70
     1
102
RTVSPost2010Prop56
140
1
102
RTVSPost2010PropOp56
 70
     1
102
RTVSPost2010Prop57
140
1
102
RTVSPost2010PropOp57
 70
     1
102
RTVSPropertyOp0
 70
     1
102
RTVSPropertyOp1
 70
     1
102
RTVSPropertyOp2
 70
     1
102
RTVSPropertyOp3
 70
     1
102
RTVSPropertyOp4
 70
     1
102
RTVSPropertyOp5
 70
     1
102
RTVSPropertyOp6
 70
     1
102
RTVSPropertyOp7
 70
     1
102
RTVSPropertyOp8
 70
     1
102
RTVSPropertyOp9
 70
     1
102
RTVSPropertyOp10
 70
     1
102
RTVSPropertyOp11
 70
     1
102
RTVSPropertyOp12
 70
     1
102
RTVSPropertyOp13
 70
     1
102
RTVSPropertyOp14
 70
     1
102
RTVSPropertyOp15
 70
     1
102
RTVSPropertyOp16
 70
     1
102
RTVSPropertyOp17
 70
     1
102
RTVSPropertyOp18
 70
     1
102
RTVSPropertyOp19
 70
     1
102
RTVSPropertyOp20
 70
     1
102
RTVSPropertyOp21
 70
     1
102
RTVSPropertyOp22
 70
     1
102
RTVSPropertyOp23
 70
     1
102
RTVSPropertyOp24
 70
     1
102
RTVSPropertyOp25
 70
     1
102
RTVSPropertyOp26
 70
     1
102
RTVSPropertyOp27
 70
     1
102
RTVSPropertyOp28
 70
     1
102
RTVSPropertyOp29
 70
     1
102
RTVSPropertyOp30
 70
     1
102
RTVSPropertyOp31
 70
     1
102
RTVSPropertyOp32
 70
     1
102
RTVSPropertyOp33
 70
     1
102
RTVSPropertyOp34
 70
     1
102
RTVSPropertyOp35
 70
     1
102
RTVSPropertyOp36
 70
     1
102
RTVSPropertyOp37
 70
     1
102
RTVSPropertyOp38
 70
     1
102
RTVSPropertyOp39
 70
     1
102
RTVSPropertyOp40
 70
     1
102
RTVSPropertyOp41
 70
     1
102
RTVSPropertyOp42
 70
     1
102
RTVSPropertyOp43
 70
     1
102
RTVSPropertyOp44
 70
     1
102
RTVSPropertyOp45
 70
     1
102
RTVSPropertyOp46
 70
     1
102
RTVSPropertyOp47
 70
     1
102
RTVSPropertyOp48
 70
     1
102
RTVSPropertyOp49
 70
     1
102
RTVSPropertyOp50
 70
     1
102
RTVSPropertyOp51
 70
     0
102
RTVSPropertyOp52
 70
     0
102
RTVSPropertyOp53
 70
     1
102
RTVSPropertyOp54
 70
     1
102
RTVSPropertyOp55
 70
     1
102
RTVSPropertyOp56
 70
     1
102
RTVSPropertyOp57
 70
     1
102
RTVSPropertyOp58
 70
     1
102
RTVSPropertyOp59
 70
     1
102
RTVSPropertyOp60
 70
     1
102
RTVSPropertyOp61
 70
     1
102
RTVSPropertyOp62
 70
     1
  0
DICTIONARY
  5
53D
330
F9
100
AcDbDictionary
280
     1
281
     1
  3
ACAD_XREC_ROUNDTRIP
360
53E
  0
XRECORD
  5
53E
102
{ACAD_REACTORS
330
53D
102
}
330
53D
100
AcDbXrecord
280
     1
102
RTVSPost2010Prop28
280
     0
102
RTVSPost2010PropOp28
 70
     1
102
RTVSPost2010Prop29
280
     1
102
RTVSPost2010PropOp29
 70
     1
102
RTVSPost2010Prop30
280
     1
102
RTVSPost2010PropOp30
 70
     1
102
RTVSPost2010Prop31
280
     0
102
RTVSPost2010PropOp31
 70
     1
102
RTVSPost2010Prop32
280
     0
102
RTVSPost2010PropOp32
 70
     1
102
RTVSPost2010Prop33
280
     0
102
RTVSPost2010PropOp33
 70
     1
102
RTVSPost2010Prop34
280
     0
102
RTVSPost2010PropOp34
 70
     1
102
RTVSPost2010Prop35
280
     0
102
RTVSPost2010PropOp35
 70
     1
102
RTVSPost2010Prop36
280
     0
102
RTVSPost2010PropOp36
 70
     1
102
RTVSPost2010Prop37
 90
       50
102
RTVSPost2010PropOp37
 70
     1
102
RTVSPost2010Prop38
140
0
102
RTVSPost2010PropOp38
 70
     1
102
RTVSPost2010Prop39
140
1
102
RTVSPost2010PropOp39
 70
     1
102
RTVSPost2010Prop40
 90
        0
102
RTVSPost2010PropOp40
 70
     1
102
RTVSPost2010Prop41ColorIndex
 90
       18
102
RTVSPost2010Prop41ColorRGB
 90
        0
102
RTVSPost2010PropOp41
 70
     1
102
RTVSPost2010Prop42
 90
       50
102
RTVSPost2010PropOp42
 70
     1
102
RTVSPost2010Prop43
 90
        3
102
RTVSPost2010PropOp43
 70
     1
102
RTVSPost2010Prop44ColorIndex
 90
        5
102
RTVSPost2010Prop44ColorRGB
 90
      255
102
RTVSPost2010PropOp44
 70
     1
102
RTVSPost2010Prop45
280
     0
102
RTVSPost2010PropOp45
 70
     1
102
RTVSPost2010Prop46
 90
       50
102
RTVSPost2010PropOp46
 70
     1
102
RTVSPost2010Prop47
 90
       50
102
RTVSPost2010PropOp47
 70
     1
102
RTVSPost2010Prop48
 90
       50
102
RTVSPost2010PropOp48
 70
     1
102
RTVSPost2010Prop49
280
     0
102
RTVSPost2010PropOp49
 70
     1
102
RTVSPost2010Prop50
 90
       50
102
RTVSPost2010PropOp50
 70
     1
102
RTVSPost2010Prop51ColorIndex
 90
      256
102
RTVSPost2010Prop51ColorRGB
 90
-16777216
102
RTVSPost2010PropOp51
 70
     0
102
RTVSPost2010Prop52
140
1
102
RTVSPost2010PropOp52
 70
     0
102
RTVSPost2010Prop53
 90
        2
102
RTVSPost2010PropOp53
 70
     1
102
RTVSPost2010Prop54
  1
strokes_ogs.tif
102
RTVSPost2010PropOp54
 70
     1
102
RTVSPost2010Prop55
280
     0
102
RTVSPost2010PropOp55
 70
     1
102
RTVSPost2010Prop56
140
1
102
RTVSPost2010PropOp56
 70
     1
102
RTVSPost2010Prop57
140
1
102
RTVSPost2010PropOp57
 70
     1
102
RTVSPropertyOp0
 70
     1
102
RTVSPropertyOp1
 70
     1
102
RTVSPropertyOp2
 70
     1
102
RTVSPropertyOp3
 70
     1
102
RTVSPropertyOp4
 70
     1
102
RTVSPropertyOp5
 70
     1
102
RTVSPropertyOp6
 70
     1
102
RTVSPropertyOp7
 70
     1
102
RTVSPropertyOp8
 70
     1
102
RTVSPropertyOp9
 70
     1
102
RTVSPropertyOp10
 70
     1
102
RTVSPropertyOp11
 70
     1
102
RTVSPropertyOp12
 70
     1
102
RTVSPropertyOp13
 70
     1
102
RTVSPropertyOp14
 70
     1
102
RTVSPropertyOp15
 70
     1
102
RTVSPropertyOp16
 70
     1
102
RTVSPropertyOp17
 70
     1
102
RTVSPropertyOp18
 70
     1
102
RTVSPropertyOp19
 70
     1
102
RTVSPropertyOp20
 70
     1
102
RTVSPropertyOp21
 70
     1
102
RTVSPropertyOp22
 70
     1
102
RTVSPropertyOp23
 70
     1
102
RTVSPropertyOp24
 70
     1
102
RTVSPropertyOp25
 70
     1
102
RTVSPropertyOp26
 70
     1
102
RTVSPropertyOp27
 70
     1
102
RTVSPropertyOp28
 70
     1
102
RTVSPropertyOp29
 70
     1
102
RTVSPropertyOp30
 70
     1
102
RTVSPropertyOp31
 70
     1
102
RTVSPropertyOp32
 70
     1
102
RTVSPropertyOp33
 70
     1
102
RTVSPropertyOp34
 70
     1
102
RTVSPropertyOp35
 70
     1
102
RTVSPropertyOp36
 70
     1
102
RTVSPropertyOp37
 70
     1
102
RTVSPropertyOp38
 70
     1
102
RTVSPropertyOp39
 70
     1
102
RTVSPropertyOp40
 70
     1
102
RTVSPropertyOp41
 70
     1
102
RTVSPropertyOp42
 70
     1
102
RTVSPropertyOp43
 70
     1
102
RTVSPropertyOp44
 70
     1
102
RTVSPropertyOp45
 70
     1
102
RTVSPropertyOp46
 70
     1
102
RTVSPropertyOp47
 70
     1
102
RTVSPropertyOp48
 70
     1
102
RTVSPropertyOp49
 70
     1
102
RTVSPropertyOp50
 70
     1
102
RTVSPropertyOp51
 70
     0
102
RTVSPropertyOp52
 70
     0
102
RTVSPropertyOp53
 70
     1
102
RTVSPropertyOp54
 70
     1
102
RTVSPropertyOp55
 70
     1
102
RTVSPropertyOp56
 70
     1
102
RTVSPropertyOp57
 70
     1
102
RTVSPropertyOp58
 70
     1
102
RTVSPropertyOp59
 70
     1
102
RTVSPropertyOp60
 70
     1
102
RTVSPropertyOp61
 70
     1
102
RTVSPropertyOp62
 70
     1
  0
DICTIONARY
  5
53F
330
FA
100
AcDbDictionary
280
     1
281
     1
  3
ACAD_XREC_ROUNDTRIP
360
540
  0
XRECORD
  5
540
102
{ACAD_REACTORS
330
53F
102
}
330
53F
100
AcDbXrecord
280
     1
102
RTVSPost2010Prop28
280
     0
102
RTVSPost2010PropOp28
 70
     1
102
RTVSPost2010Prop29
280
     1
102
RTVSPost2010PropOp29
 70
     1
102
RTVSPost2010Prop30
280
     1
102
RTVSPost2010PropOp30
 70
     1
102
RTVSPost2010Prop31
280
     0
102
RTVSPost2010PropOp31
 70
     1
102
RTVSPost2010Prop32
280
     0
102
RTVSPost2010PropOp32
 70
     1
102
RTVSPost2010Prop33
280
     0
102
RTVSPost2010PropOp33
 70
     1
102
RTVSPost2010Prop34
280
     0
102
RTVSPost2010PropOp34
 70
     1
102
RTVSPost2010Prop35
280
     0
102
RTVSPost2010PropOp35
 70
     1
102
RTVSPost2010Prop36
280
     0
102
RTVSPost2010PropOp36
 70
     1
102
RTVSPost2010Prop37
 90
       50
102
RTVSPost2010PropOp37
 70
     1
102
RTVSPost2010Prop38
140
0
102
RTVSPost2010PropOp38
 70
     1
102
RTVSPost2010Prop39
140
1
102
RTVSPost2010PropOp39
 70
     1
102
RTVSPost2010Prop40
 90
        0
102
RTVSPost2010PropOp40
 70
     1
102
RTVSPost2010Prop41ColorIndex
 90
       18
102
RTVSPost2010Prop41ColorRGB
 90
        0
102
RTVSPost2010PropOp41
 70
     1
102
RTVSPost2010Prop42
 90
       50
102
RTVSPost2010PropOp42
 70
     1
102
RTVSPost2010Prop43
 90
        3
102
RTVSPost2010PropOp43
 70
     1
102
RTVSPost2010Prop44ColorIndex
 90
        5
102
RTVSPost2010Prop44ColorRGB
 90
      255
102
RTVSPost2010PropOp44
 70
     1
102
RTVSPost2010Prop45
280
     0
102
RTVSPost2010PropOp45
 70
     1
102
RTVSPost2010Prop46
 90
       50
102
RTVSPost2010PropOp46
 70
     1
102
RTVSPost2010Prop47
 90
       50
102
RTVSPost2010PropOp47
 70
     1
102
RTVSPost2010Prop48
 90
       50
102
RTVSPost2010PropOp48
 70
     1
102
RTVSPost2010Prop49
280
     0
102
RTVSPost2010PropOp49
 70
     1
102
RTVSPost2010Prop50
 90
       50
102
RTVSPost2010PropOp50
 70
     1
102
RTVSPost2010Prop51ColorIndex
 90
      256
102
RTVSPost2010Prop51ColorRGB
 90
-16777216
102
RTVSPost2010PropOp51
 70
     0
102
RTVSPost2010Prop52
140
1
102
RTVSPost2010PropOp52
 70
     0
102
RTVSPost2010Prop53
 90
        2
102
RTVSPost2010PropOp53
 70
     1
102
RTVSPost2010Prop54
  1
strokes_ogs.tif
102
RTVSPost2010PropOp54
 70
     1
102
RTVSPost2010Prop55
280
     0
102
RTVSPost2010PropOp55
 70
     1
102
RTVSPost2010Prop56
140
1
102
RTVSPost2010PropOp56
 70
     1
102
RTVSPost2010Prop57
140
1
102
RTVSPost2010PropOp57
 70
     1
102
RTVSPropertyOp0
 70
     1
102
RTVSPropertyOp1
 70
     1
102
RTVSPropertyOp2
 70
     1
102
RTVSPropertyOp3
 70
     1
102
RTVSPropertyOp4
 70
     1
102
RTVSPropertyOp5
 70
     1
102
RTVSPropertyOp6
 70
     1
102
RTVSPropertyOp7
 70
     1
102
RTVSPropertyOp8
 70
     1
102
RTVSPropertyOp9
 70
     1
102
RTVSPropertyOp10
 70
     1
102
RTVSPropertyOp11
 70
     1
102
RTVSPropertyOp12
 70
     1
102
RTVSPropertyOp13
 70
     1
102
RTVSPropertyOp14
 70
     1
102
RTVSPropertyOp15
 70
     1
102
RTVSPropertyOp16
 70
     1
102
RTVSPropertyOp17
 70
     1
102
RTVSPropertyOp18
 70
     1
102
RTVSPropertyOp19
 70
     1
102
RTVSPropertyOp20
 70
     1
102
RTVSPropertyOp21
 70
     1
102
RTVSPropertyOp22
 70
     1
102
RTVSPropertyOp23
 70
     1
102
RTVSPropertyOp24
 70
     1
102
RTVSPropertyOp25
 70
     1
102
RTVSPropertyOp26
 70
     1
102
RTVSPropertyOp27
 70
     1
102
RTVSPropertyOp28
 70
     1
102
RTVSPropertyOp29
 70
     1
102
RTVSPropertyOp30
 70
     1
102
RTVSPropertyOp31
 70
     1
102
RTVSPropertyOp32
 70
     1
102
RTVSPropertyOp33
 70
     1
102
RTVSPropertyOp34
 70
     1
102
RTVSPropertyOp35
 70
     1
102
RTVSPropertyOp36
 70
     1
102
RTVSPropertyOp37
 70
     1
102
RTVSPropertyOp38
 70
     1
102
RTVSPropertyOp39
 70
     1
102
RTVSPropertyOp40
 70
     1
102
RTVSPropertyOp41
 70
     1
102
RTVSPropertyOp42
 70
     1
102
RTVSPropertyOp43
 70
     1
102
RTVSPropertyOp44
 70
     1
102
RTVSPropertyOp45
 70
     1
102
RTVSPropertyOp46
 70
     1
102
RTVSPropertyOp47
 70
     1
102
RTVSPropertyOp48
 70
     1
102
RTVSPropertyOp49
 70
     1
102
RTVSPropertyOp50
 70
     1
102
RTVSPropertyOp51
 70
     0
102
RTVSPropertyOp52
 70
     0
102
RTVSPropertyOp53
 70
     1
102
RTVSPropertyOp54
 70
     1
102
RTVSPropertyOp55
 70
     1
102
RTVSPropertyOp56
 70
     1
102
RTVSPropertyOp57
 70
     1
102
RTVSPropertyOp58
 70
     1
102
RTVSPropertyOp59
 70
     1
102
RTVSPropertyOp60
 70
     1
102
RTVSPropertyOp61
 70
     1
102
RTVSPropertyOp62
 70
     1
  0
DICTIONARY
  5
541
330
FB
100
AcDbDictionary
280
     1
281
     1
  3
ACAD_XREC_ROUNDTRIP
360
542
  0
XRECORD
  5
542
102
{ACAD_REACTORS
330
541
102
}
330
541
100
AcDbXrecord
280
     1
102
RTVSPost2010Prop28
280
     0
102
RTVSPost2010PropOp28
 70
     1
102
RTVSPost2010Prop29
280
     1
102
RTVSPost2010PropOp29
 70
     1
102
RTVSPost2010Prop30
280
     1
102
RTVSPost2010PropOp30
 70
     1
102
RTVSPost2010Prop31
280
     0
102
RTVSPost2010PropOp31
 70
     1
102
RTVSPost2010Prop32
280
     0
102
RTVSPost2010PropOp32
 70
     1
102
RTVSPost2010Prop33
280
     0
102
RTVSPost2010PropOp33
 70
     1
102
RTVSPost2010Prop34
280
     0
102
RTVSPost2010PropOp34
 70
     1
102
RTVSPost2010Prop35
280
     0
102
RTVSPost2010PropOp35
 70
     1
102
RTVSPost2010Prop36
280
     0
102
RTVSPost2010PropOp36
 70
     1
102
RTVSPost2010Prop37
 90
       50
102
RTVSPost2010PropOp37
 70
     1
102
RTVSPost2010Prop38
140
0
102
RTVSPost2010PropOp38
 70
     1
102
RTVSPost2010Prop39
140
1
102
RTVSPost2010PropOp39
 70
     1
102
RTVSPost2010Prop40
 90
        0
102
RTVSPost2010PropOp40
 70
     1
102
RTVSPost2010Prop41ColorIndex
 90
       18
102
RTVSPost2010Prop41ColorRGB
 90
        0
102
RTVSPost2010PropOp41
 70
     1
102
RTVSPost2010Prop42
 90
       50
102
RTVSPost2010PropOp42
 70
     1
102
RTVSPost2010Prop43
 90
        3
102
RTVSPost2010PropOp43
 70
     1
102
RTVSPost2010Prop44ColorIndex
 90
        5
102
RTVSPost2010Prop44ColorRGB
 90
      255
102
RTVSPost2010PropOp44
 70
     1
102
RTVSPost2010Prop45
280
     0
102
RTVSPost2010PropOp45
 70
     1
102
RTVSPost2010Prop46
 90
       50
102
RTVSPost2010PropOp46
 70
     1
102
RTVSPost2010Prop47
 90
       50
102
RTVSPost2010PropOp47
 70
     1
102
RTVSPost2010Prop48
 90
       50
102
RTVSPost2010PropOp48
 70
     1
102
RTVSPost2010Prop49
280
     0
102
RTVSPost2010PropOp49
 70
     1
102
RTVSPost2010Prop50
 90
       50
102
RTVSPost2010PropOp50
 70
     1
102
RTVSPost2010Prop51ColorIndex
 90
      256
102
RTVSPost2010Prop51ColorRGB
 90
-16777216
102
RTVSPost2010PropOp51
 70
     0
102
RTVSPost2010Prop52
140
1
102
RTVSPost2010PropOp52
 70
     0
102
RTVSPost2010Prop53
 90
        2
102
RTVSPost2010PropOp53
 70
     1
102
RTVSPost2010Prop54
  1
strokes_ogs.tif
102
RTVSPost2010PropOp54
 70
     1
102
RTVSPost2010Prop55
280
     0
102
RTVSPost2010PropOp55
 70
     1
102
RTVSPost2010Prop56
140
1
102
RTVSPost2010PropOp56
 70
     1
102
RTVSPost2010Prop57
140
1
102
RTVSPost2010PropOp57
 70
     1
102
RTVSPropertyOp0
 70
     1
102
RTVSPropertyOp1
 70
     1
102
RTVSPropertyOp2
 70
     1
102
RTVSPropertyOp3
 70
     1
102
RTVSPropertyOp4
 70
     1
102
RTVSPropertyOp5
 70
     1
102
RTVSPropertyOp6
 70
     1
102
RTVSPropertyOp7
 70
     1
102
RTVSPropertyOp8
 70
     1
102
RTVSPropertyOp9
 70
     1
102
RTVSPropertyOp10
 70
     1
102
RTVSPropertyOp11
 70
     1
102
RTVSPropertyOp12
 70
     1
102
RTVSPropertyOp13
 70
     1
102
RTVSPropertyOp14
 70
     1
102
RTVSPropertyOp15
 70
     1
102
RTVSPropertyOp16
 70
     1
102
RTVSPropertyOp17
 70
     1
102
RTVSPropertyOp18
 70
     1
102
RTVSPropertyOp19
 70
     1
102
RTVSPropertyOp20
 70
     1
102
RTVSPropertyOp21
 70
     1
102
RTVSPropertyOp22
 70
     1
102
RTVSPropertyOp23
 70
     1
102
RTVSPropertyOp24
 70
     1
102
RTVSPropertyOp25
 70
     1
102
RTVSPropertyOp26
 70
     1
102
RTVSPropertyOp27
 70
     1
102
RTVSPropertyOp28
 70
     1
102
RTVSPropertyOp29
 70
     1
102
RTVSPropertyOp30
 70
     1
102
RTVSPropertyOp31
 70
     1
102
RTVSPropertyOp32
 70
     1
102
RTVSPropertyOp33
 70
     1
102
RTVSPropertyOp34
 70
     1
102
RTVSPropertyOp35
 70
     1
102
RTVSPropertyOp36
 70
     1
102
RTVSPropertyOp37
 70
     1
102
RTVSPropertyOp38
 70
     1
102
RTVSPropertyOp39
 70
     1
102
RTVSPropertyOp40
 70
     1
102
RTVSPropertyOp41
 70
     1
102
RTVSPropertyOp42
 70
     1
102
RTVSPropertyOp43
 70
     1
102
RTVSPropertyOp44
 70
     1
102
RTVSPropertyOp45
 70
     1
102
RTVSPropertyOp46
 70
     1
102
RTVSPropertyOp47
 70
     1
102
RTVSPropertyOp48
 70
     1
102
RTVSPropertyOp49
 70
     1
102
RTVSPropertyOp50
 70
     1
102
RTVSPropertyOp51
 70
     0
102
RTVSPropertyOp52
 70
     0
102
RTVSPropertyOp53
 70
     1
102
RTVSPropertyOp54
 70
     1
102
RTVSPropertyOp55
 70
     1
102
RTVSPropertyOp56
 70
     1
102
RTVSPropertyOp57
 70
     1
102
RTVSPropertyOp58
 70
     1
102
RTVSPropertyOp59
 70
     1
102
RTVSPropertyOp60
 70
     1
102
RTVSPropertyOp61
 70
     1
102
RTVSPropertyOp62
 70
     1
  0
DICTIONARY
  5
543
330
FC
100
AcDbDictionary
280
     1
281
     1
  3
ACAD_XREC_ROUNDTRIP
360
544
  0
XRECORD
  5
544
102
{ACAD_REACTORS
330
543
102
}
330
543
100
AcDbXrecord
280
     1
102
RTVSPost2010Prop28
280
     0
102
RTVSPost2010PropOp28
 70
     1
102
RTVSPost2010Prop29
280
     1
102
RTVSPost2010PropOp29
 70
     1
102
RTVSPost2010Prop30
280
     1
102
RTVSPost2010PropOp30
 70
     1
102
RTVSPost2010Prop31
280
     0
102
RTVSPost2010PropOp31
 70
     1
102
RTVSPost2010Prop32
280
     0
102
RTVSPost2010PropOp32
 70
     1
102
RTVSPost2010Prop33
280
     0
102
RTVSPost2010PropOp33
 70
     1
102
RTVSPost2010Prop34
280
     0
102
RTVSPost2010PropOp34
 70
     1
102
RTVSPost2010Prop35
280
     0
102
RTVSPost2010PropOp35
 70
     1
102
RTVSPost2010Prop36
280
     0
102
RTVSPost2010PropOp36
 70
     1
102
RTVSPost2010Prop37
 90
       50
102
RTVSPost2010PropOp37
 70
     1
102
RTVSPost2010Prop38
140
0
102
RTVSPost2010PropOp38
 70
     1
102
RTVSPost2010Prop39
140
1
102
RTVSPost2010PropOp39
 70
     1
102
RTVSPost2010Prop40
 90
        0
102
RTVSPost2010PropOp40
 70
     1
102
RTVSPost2010Prop41ColorIndex
 90
       18
102
RTVSPost2010Prop41ColorRGB
 90
        0
102
RTVSPost2010PropOp41
 70
     1
102
RTVSPost2010Prop42
 90
       50
102
RTVSPost2010PropOp42
 70
     1
102
RTVSPost2010Prop43
 90
        3
102
RTVSPost2010PropOp43
 70
     1
102
RTVSPost2010Prop44ColorIndex
 90
        5
102
RTVSPost2010Prop44ColorRGB
 90
      255
102
RTVSPost2010PropOp44
 70
     1
102
RTVSPost2010Prop45
280
     0
102
RTVSPost2010PropOp45
 70
     1
102
RTVSPost2010Prop46
 90
       50
102
RTVSPost2010PropOp46
 70
     1
102
RTVSPost2010Prop47
 90
       50
102
RTVSPost2010PropOp47
 70
     1
102
RTVSPost2010Prop48
 90
       50
102
RTVSPost2010PropOp48
 70
     1
102
RTVSPost2010Prop49
280
     0
102
RTVSPost2010PropOp49
 70
     1
102
RTVSPost2010Prop50
 90
       50
102
RTVSPost2010PropOp50
 70
     1
102
RTVSPost2010Prop51ColorIndex
 90
      256
102
RTVSPost2010Prop51ColorRGB
 90
-16777216
102
RTVSPost2010PropOp51
 70
     0
102
RTVSPost2010Prop52
140
1
102
RTVSPost2010PropOp52
 70
     0
102
RTVSPost2010Prop53
 90
        2
102
RTVSPost2010PropOp53
 70
     1
102
RTVSPost2010Prop54
  1
strokes_ogs.tif
102
RTVSPost2010PropOp54
 70
     1
102
RTVSPost2010Prop55
280
     0
102
RTVSPost2010PropOp55
 70
     1
102
RTVSPost2010Prop56
140
1
102
RTVSPost2010PropOp56
 70
     1
102
RTVSPost2010Prop57
140
1
102
RTVSPost2010PropOp57
 70
     1
102
RTVSPropertyOp0
 70
     1
102
RTVSPropertyOp1
 70
     1
102
RTVSPropertyOp2
 70
     1
102
RTVSPropertyOp3
 70
     1
102
RTVSPropertyOp4
 70
     1
102
RTVSPropertyOp5
 70
     1
102
RTVSPropertyOp6
 70
     1
102
RTVSPropertyOp7
 70
     1
102
RTVSPropertyOp8
 70
     1
102
RTVSPropertyOp9
 70
     1
102
RTVSPropertyOp10
 70
     1
102
RTVSPropertyOp11
 70
     1
102
RTVSPropertyOp12
 70
     1
102
RTVSPropertyOp13
 70
     1
102
RTVSPropertyOp14
 70
     1
102
RTVSPropertyOp15
 70
     1
102
RTVSPropertyOp16
 70
     1
102
RTVSPropertyOp17
 70
     1
102
RTVSPropertyOp18
 70
     1
102
RTVSPropertyOp19
 70
     1
102
RTVSPropertyOp20
 70
     1
102
RTVSPropertyOp21
 70
     1
102
RTVSPropertyOp22
 70
     1
102
RTVSPropertyOp23
 70
     1
102
RTVSPropertyOp24
 70
     1
102
RTVSPropertyOp25
 70
     1
102
RTVSPropertyOp26
 70
     1
102
RTVSPropertyOp27
 70
     1
102
RTVSPropertyOp28
 70
     1
102
RTVSPropertyOp29
 70
     1
102
RTVSPropertyOp30
 70
     1
102
RTVSPropertyOp31
 70
     1
102
RTVSPropertyOp32
 70
     1
102
RTVSPropertyOp33
 70
     1
102
RTVSPropertyOp34
 70
     1
102
RTVSPropertyOp35
 70
     1
102
RTVSPropertyOp36
 70
     1
102
RTVSPropertyOp37
 70
     1
102
RTVSPropertyOp38
 70
     1
102
RTVSPropertyOp39
 70
     1
102
RTVSPropertyOp40
 70
     1
102
RTVSPropertyOp41
 70
     1
102
RTVSPropertyOp42
 70
     1
102
RTVSPropertyOp43
 70
     1
102
RTVSPropertyOp44
 70
     1
102
RTVSPropertyOp45
 70
     1
102
RTVSPropertyOp46
 70
     1
102
RTVSPropertyOp47
 70
     1
102
RTVSPropertyOp48
 70
     1
102
RTVSPropertyOp49
 70
     1
102
RTVSPropertyOp50
 70
     1
102
RTVSPropertyOp51
 70
     0
102
RTVSPropertyOp52
 70
     0
102
RTVSPropertyOp53
 70
     1
102
RTVSPropertyOp54
 70
     1
102
RTVSPropertyOp55
 70
     1
102
RTVSPropertyOp56
 70
     1
102
RTVSPropertyOp57
 70
     1
102
RTVSPropertyOp58
 70
     1
102
RTVSPropertyOp59
 70
     1
102
RTVSPropertyOp60
 70
     1
102
RTVSPropertyOp61
 70
     1
102
RTVSPropertyOp62
 70
     1
  0
DICTIONARY
  5
545
330
FD
100
AcDbDictionary
280
     1
281
     1
  3
ACAD_XREC_ROUNDTRIP
360
546
  0
XRECORD
  5
546
102
{ACAD_REACTORS
330
545
102
}
330
545
100
AcDbXrecord
280
     1
102
RTVSPost2010Prop28
280
     0
102
RTVSPost2010PropOp28
 70
     1
102
RTVSPost2010Prop29
280
     1
102
RTVSPost2010PropOp29
 70
     1
102
RTVSPost2010Prop30
280
     1
102
RTVSPost2010PropOp30
 70
     1
102
RTVSPost2010Prop31
280
     0
102
RTVSPost2010PropOp31
 70
     1
102
RTVSPost2010Prop32
280
     0
102
RTVSPost2010PropOp32
 70
     1
102
RTVSPost2010Prop33
280
     0
102
RTVSPost2010PropOp33
 70
     1
102
RTVSPost2010Prop34
280
     0
102
RTVSPost2010PropOp34
 70
     1
102
RTVSPost2010Prop35
280
     0
102
RTVSPost2010PropOp35
 70
     1
102
RTVSPost2010Prop36
280
     0
102
RTVSPost2010PropOp36
 70
     1
102
RTVSPost2010Prop37
 90
       50
102
RTVSPost2010PropOp37
 70
     1
102
RTVSPost2010Prop38
140
0
102
RTVSPost2010PropOp38
 70
     1
102
RTVSPost2010Prop39
140
1
102
RTVSPost2010PropOp39
 70
     1
102
RTVSPost2010Prop40
 90
        0
102
RTVSPost2010PropOp40
 70
     1
102
RTVSPost2010Prop41ColorIndex
 90
       18
102
RTVSPost2010Prop41ColorRGB
 90
        0
102
RTVSPost2010PropOp41
 70
     1
102
RTVSPost2010Prop42
 90
       50
102
RTVSPost2010PropOp42
 70
     1
102
RTVSPost2010Prop43
 90
        3
102
RTVSPost2010PropOp43
 70
     1
102
RTVSPost2010Prop44ColorIndex
 90
        5
102
RTVSPost2010Prop44ColorRGB
 90
      255
102
RTVSPost2010PropOp44
 70
     1
102
RTVSPost2010Prop45
280
     0
102
RTVSPost2010PropOp45
 70
     1
102
RTVSPost2010Prop46
 90
       50
102
RTVSPost2010PropOp46
 70
     1
102
RTVSPost2010Prop47
 90
       50
102
RTVSPost2010PropOp47
 70
     1
102
RTVSPost2010Prop48
 90
       50
102
RTVSPost2010PropOp48
 70
     1
102
RTVSPost2010Prop49
280
     0
102
RTVSPost2010PropOp49
 70
     1
102
RTVSPost2010Prop50
 90
       50
102
RTVSPost2010PropOp50
 70
     1
102
RTVSPost2010Prop51ColorIndex
 90
      256
102
RTVSPost2010Prop51ColorRGB
 90
-16777216
102
RTVSPost2010PropOp51
 70
     0
102
RTVSPost2010Prop52
140
1
102
RTVSPost2010PropOp52
 70
     0
102
RTVSPost2010Prop53
 90
        2
102
RTVSPost2010PropOp53
 70
     1
102
RTVSPost2010Prop54
  1
strokes_ogs.tif
102
RTVSPost2010PropOp54
 70
     1
102
RTVSPost2010Prop55
280
     0
102
RTVSPost2010PropOp55
 70
     1
102
RTVSPost2010Prop56
140
1
102
RTVSPost2010PropOp56
 70
     1
102
RTVSPost2010Prop57
140
1
102
RTVSPost2010PropOp57
 70
     1
102
RTVSPropertyOp0
 70
     1
102
RTVSPropertyOp1
 70
     1
102
RTVSPropertyOp2
 70
     1
102
RTVSPropertyOp3
 70
     1
102
RTVSPropertyOp4
 70
     1
102
RTVSPropertyOp5
 70
     1
102
RTVSPropertyOp6
 70
     1
102
RTVSPropertyOp7
 70
     1
102
RTVSPropertyOp8
 70
     1
102
RTVSPropertyOp9
 70
     1
102
RTVSPropertyOp10
 70
     1
102
RTVSPropertyOp11
 70
     1
102
RTVSPropertyOp12
 70
     1
102
RTVSPropertyOp13
 70
     1
102
RTVSPropertyOp14
 70
     1
102
RTVSPropertyOp15
 70
     1
102
RTVSPropertyOp16
 70
     1
102
RTVSPropertyOp17
 70
     1
102
RTVSPropertyOp18
 70
     1
102
RTVSPropertyOp19
 70
     1
102
RTVSPropertyOp20
 70
     1
102
RTVSPropertyOp21
 70
     1
102
RTVSPropertyOp22
 70
     1
102
RTVSPropertyOp23
 70
     1
102
RTVSPropertyOp24
 70
     1
102
RTVSPropertyOp25
 70
     1
102
RTVSPropertyOp26
 70
     1
102
RTVSPropertyOp27
 70
     1
102
RTVSPropertyOp28
 70
     1
102
RTVSPropertyOp29
 70
     1
102
RTVSPropertyOp30
 70
     1
102
RTVSPropertyOp31
 70
     1
102
RTVSPropertyOp32
 70
     1
102
RTVSPropertyOp33
 70
     1
102
RTVSPropertyOp34
 70
     1
102
RTVSPropertyOp35
 70
     1
102
RTVSPropertyOp36
 70
     1
102
RTVSPropertyOp37
 70
     1
102
RTVSPropertyOp38
 70
     1
102
RTVSPropertyOp39
 70
     1
102
RTVSPropertyOp40
 70
     1
102
RTVSPropertyOp41
 70
     1
102
RTVSPropertyOp42
 70
     1
102
RTVSPropertyOp43
 70
     1
102
RTVSPropertyOp44
 70
     1
102
RTVSPropertyOp45
 70
     1
102
RTVSPropertyOp46
 70
     1
102
RTVSPropertyOp47
 70
     1
102
RTVSPropertyOp48
 70
     1
102
RTVSPropertyOp49
 70
     1
102
RTVSPropertyOp50
 70
     1
102
RTVSPropertyOp51
 70
     0
102
RTVSPropertyOp52
 70
     0
102
RTVSPropertyOp53
 70
     1
102
RTVSPropertyOp54
 70
     1
102
RTVSPropertyOp55
 70
     1
102
RTVSPropertyOp56
 70
     1
102
RTVSPropertyOp57
 70
     1
102
RTVSPropertyOp58
 70
     1
102
RTVSPropertyOp59
 70
     1
102
RTVSPropertyOp60
 70
     1
102
RTVSPropertyOp61
 70
     1
102
RTVSPropertyOp62
 70
     1
  0
DICTIONARY
  5
547
330
FE
100
AcDbDictionary
280
     1
281
     1
  3
ACAD_XREC_ROUNDTRIP
360
548
  0
XRECORD
  5
548
102
{ACAD_REACTORS
330
547
102
}
330
547
100
AcDbXrecord
280
     1
102
RTVSPost2010Prop28
280
     0
102
RTVSPost2010PropOp28
 70
     1
102
RTVSPost2010Prop29
280
     1
102
RTVSPost2010PropOp29
 70
     1
102
RTVSPost2010Prop30
280
     1
102
RTVSPost2010PropOp30
 70
     1
102
RTVSPost2010Prop31
280
     0
102
RTVSPost2010PropOp31
 70
     1
102
RTVSPost2010Prop32
280
     0
102
RTVSPost2010PropOp32
 70
     1
102
RTVSPost2010Prop33
280
     0
102
RTVSPost2010PropOp33
 70
     1
102
RTVSPost2010Prop34
280
     0
102
RTVSPost2010PropOp34
 70
     1
102
RTVSPost2010Prop35
280
     0
102
RTVSPost2010PropOp35
 70
     1
102
RTVSPost2010Prop36
280
     0
102
RTVSPost2010PropOp36
 70
     1
102
RTVSPost2010Prop37
 90
       50
102
RTVSPost2010PropOp37
 70
     1
102
RTVSPost2010Prop38
140
0
102
RTVSPost2010PropOp38
 70
     1
102
RTVSPost2010Prop39
140
1
102
RTVSPost2010PropOp39
 70
     1
102
RTVSPost2010Prop40
 90
        0
102
RTVSPost2010PropOp40
 70
     1
102
RTVSPost2010Prop41ColorIndex
 90
       18
102
RTVSPost2010Prop41ColorRGB
 90
        0
102
RTVSPost2010PropOp41
 70
     1
102
RTVSPost2010Prop42
 90
       50
102
RTVSPost2010PropOp42
 70
     1
102
RTVSPost2010Prop43
 90
        3
102
RTVSPost2010PropOp43
 70
     1
102
RTVSPost2010Prop44ColorIndex
 90
        5
102
RTVSPost2010Prop44ColorRGB
 90
      255
102
RTVSPost2010PropOp44
 70
     1
102
RTVSPost2010Prop45
280
     0
102
RTVSPost2010PropOp45
 70
     1
102
RTVSPost2010Prop46
 90
       50
102
RTVSPost2010PropOp46
 70
     1
102
RTVSPost2010Prop47
 90
       50
102
RTVSPost2010PropOp47
 70
     1
102
RTVSPost2010Prop48
 90
       50
102
RTVSPost2010PropOp48
 70
     1
102
RTVSPost2010Prop49
280
     0
102
RTVSPost2010PropOp49
 70
     1
102
RTVSPost2010Prop50
 90
       50
102
RTVSPost2010PropOp50
 70
     1
102
RTVSPost2010Prop51ColorIndex
 90
      256
102
RTVSPost2010Prop51ColorRGB
 90
-16777216
102
RTVSPost2010PropOp51
 70
     0
102
RTVSPost2010Prop52
140
1
102
RTVSPost2010PropOp52
 70
     0
102
RTVSPost2010Prop53
 90
        2
102
RTVSPost2010PropOp53
 70
     1
102
RTVSPost2010Prop54
  1
strokes_ogs.tif
102
RTVSPost2010PropOp54
 70
     1
102
RTVSPost2010Prop55
280
     0
102
RTVSPost2010PropOp55
 70
     1
102
RTVSPost2010Prop56
140
1
102
RTVSPost2010PropOp56
 70
     1
102
RTVSPost2010Prop57
140
1
102
RTVSPost2010PropOp57
 70
     1
102
RTVSPropertyOp0
 70
     1
102
RTVSPropertyOp1
 70
     1
102
RTVSPropertyOp2
 70
     1
102
RTVSPropertyOp3
 70
     1
102
RTVSPropertyOp4
 70
     1
102
RTVSPropertyOp5
 70
     1
102
RTVSPropertyOp6
 70
     1
102
RTVSPropertyOp7
 70
     1
102
RTVSPropertyOp8
 70
     1
102
RTVSPropertyOp9
 70
     1
102
RTVSPropertyOp10
 70
     1
102
RTVSPropertyOp11
 70
     1
102
RTVSPropertyOp12
 70
     1
102
RTVSPropertyOp13
 70
     1
102
RTVSPropertyOp14
 70
     1
102
RTVSPropertyOp15
 70
     1
102
RTVSPropertyOp16
 70
     1
102
RTVSPropertyOp17
 70
     1
102
RTVSPropertyOp18
 70
     1
102
RTVSPropertyOp19
 70
     1
102
RTVSPropertyOp20
 70
     1
102
RTVSPropertyOp21
 70
     1
102
RTVSPropertyOp22
 70
     1
102
RTVSPropertyOp23
 70
     1
102
RTVSPropertyOp24
 70
     1
102
RTVSPropertyOp25
 70
     1
102
RTVSPropertyOp26
 70
     1
102
RTVSPropertyOp27
 70
     1
102
RTVSPropertyOp28
 70
     1
102
RTVSPropertyOp29
 70
     1
102
RTVSPropertyOp30
 70
     1
102
RTVSPropertyOp31
 70
     1
102
RTVSPropertyOp32
 70
     1
102
RTVSPropertyOp33
 70
     1
102
RTVSPropertyOp34
 70
     1
102
RTVSPropertyOp35
 70
     1
102
RTVSPropertyOp36
 70
     1
102
RTVSPropertyOp37
 70
     1
102
RTVSPropertyOp38
 70
     1
102
RTVSPropertyOp39
 70
     1
102
RTVSPropertyOp40
 70
     1
102
RTVSPropertyOp41
 70
     1
102
RTVSPropertyOp42
 70
     1
102
RTVSPropertyOp43
 70
     1
102
RTVSPropertyOp44
 70
     1
102
RTVSPropertyOp45
 70
     1
102
RTVSPropertyOp46
 70
     1
102
RTVSPropertyOp47
 70
     1
102
RTVSPropertyOp48
 70
     1
102
RTVSPropertyOp49
 70
     1
102
RTVSPropertyOp50
 70
     1
102
RTVSPropertyOp51
 70
     0
102
RTVSPropertyOp52
 70
     0
102
RTVSPropertyOp53
 70
     1
102
RTVSPropertyOp54
 70
     1
102
RTVSPropertyOp55
 70
     1
102
RTVSPropertyOp56
 70
     1
102
RTVSPropertyOp57
 70
     1
102
RTVSPropertyOp58
 70
     1
102
RTVSPropertyOp59
 70
     1
102
RTVSPropertyOp60
 70
     1
102
RTVSPropertyOp61
 70
     1
102
RTVSPropertyOp62
 70
     1
  0
DICTIONARY
  5
549
330
FF
100
AcDbDictionary
280
     1
281
     1
  3
ACAD_XREC_ROUNDTRIP
360
54A
  0
XRECORD
  5
54A
102
{ACAD_REACTORS
330
549
102
}
330
549
100
AcDbXrecord
280
     1
102
RTVSPost2010Prop28
280
     0
102
RTVSPost2010PropOp28
 70
     1
102
RTVSPost2010Prop29
280
     1
102
RTVSPost2010PropOp29
 70
     1
102
RTVSPost2010Prop30
280
     1
102
RTVSPost2010PropOp30
 70
     1
102
RTVSPost2010Prop31
280
     0
102
RTVSPost2010PropOp31
 70
     1
102
RTVSPost2010Prop32
280
     0
102
RTVSPost2010PropOp32
 70
     1
102
RTVSPost2010Prop33
280
     0
102
RTVSPost2010PropOp33
 70
     1
102
RTVSPost2010Prop34
280
     0
102
RTVSPost2010PropOp34
 70
     1
102
RTVSPost2010Prop35
280
     0
102
RTVSPost2010PropOp35
 70
     1
102
RTVSPost2010Prop36
280
     0
102
RTVSPost2010PropOp36
 70
     1
102
RTVSPost2010Prop37
 90
       50
102
RTVSPost2010PropOp37
 70
     1
102
RTVSPost2010Prop38
140
0
102
RTVSPost2010PropOp38
 70
     1
102
RTVSPost2010Prop39
140
1
102
RTVSPost2010PropOp39
 70
     1
102
RTVSPost2010Prop40
 90
        0
102
RTVSPost2010PropOp40
 70
     1
102
RTVSPost2010Prop41ColorIndex
 90
       18
102
RTVSPost2010Prop41ColorRGB
 90
        0
102
RTVSPost2010PropOp41
 70
     1
102
RTVSPost2010Prop42
 90
       50
102
RTVSPost2010PropOp42
 70
     1
102
RTVSPost2010Prop43
 90
        3
102
RTVSPost2010PropOp43
 70
     1
102
RTVSPost2010Prop44ColorIndex
 90
        5
102
RTVSPost2010Prop44ColorRGB
 90
      255
102
RTVSPost2010PropOp44
 70
     1
102
RTVSPost2010Prop45
280
     0
102
RTVSPost2010PropOp45
 70
     1
102
RTVSPost2010Prop46
 90
       50
102
RTVSPost2010PropOp46
 70
     1
102
RTVSPost2010Prop47
 90
       50
102
RTVSPost2010PropOp47
 70
     1
102
RTVSPost2010Prop48
 90
       50
102
RTVSPost2010PropOp48
 70
     1
102
RTVSPost2010Prop49
280
     0
102
RTVSPost2010PropOp49
 70
     1
102
RTVSPost2010Prop50
 90
       50
102
RTVSPost2010PropOp50
 70
     1
102
RTVSPost2010Prop51ColorIndex
 90
      256
102
RTVSPost2010Prop51ColorRGB
 90
-16777216
102
RTVSPost2010PropOp51
 70
     0
102
RTVSPost2010Prop52
140
1
102
RTVSPost2010PropOp52
 70
     0
102
RTVSPost2010Prop53
 90
        2
102
RTVSPost2010PropOp53
 70
     1
102
RTVSPost2010Prop54
  1
strokes_ogs.tif
102
RTVSPost2010PropOp54
 70
     1
102
RTVSPost2010Prop55
280
     0
102
RTVSPost2010PropOp55
 70
     1
102
RTVSPost2010Prop56
140
1
102
RTVSPost2010PropOp56
 70
     1
102
RTVSPost2010Prop57
140
1
102
RTVSPost2010PropOp57
 70
     1
102
RTVSPropertyOp0
 70
     1
102
RTVSPropertyOp1
 70
     1
102
RTVSPropertyOp2
 70
     1
102
RTVSPropertyOp3
 70
     1
102
RTVSPropertyOp4
 70
     1
102
RTVSPropertyOp5
 70
     1
102
RTVSPropertyOp6
 70
     1
102
RTVSPropertyOp7
 70
     1
102
RTVSPropertyOp8
 70
     1
102
RTVSPropertyOp9
 70
     1
102
RTVSPropertyOp10
 70
     1
102
RTVSPropertyOp11
 70
     1
102
RTVSPropertyOp12
 70
     1
102
RTVSPropertyOp13
 70
     1
102
RTVSPropertyOp14
 70
     1
102
RTVSPropertyOp15
 70
     1
102
RTVSPropertyOp16
 70
     1
102
RTVSPropertyOp17
 70
     1
102
RTVSPropertyOp18
 70
     1
102
RTVSPropertyOp19
 70
     1
102
RTVSPropertyOp20
 70
     1
102
RTVSPropertyOp21
 70
     1
102
RTVSPropertyOp22
 70
     1
102
RTVSPropertyOp23
 70
     1
102
RTVSPropertyOp24
 70
     1
102
RTVSPropertyOp25
 70
     1
102
RTVSPropertyOp26
 70
     1
102
RTVSPropertyOp27
 70
     1
102
RTVSPropertyOp28
 70
     1
102
RTVSPropertyOp29
 70
     1
102
RTVSPropertyOp30
 70
     1
102
RTVSPropertyOp31
 70
     1
102
RTVSPropertyOp32
 70
     1
102
RTVSPropertyOp33
 70
     1
102
RTVSPropertyOp34
 70
     1
102
RTVSPropertyOp35
 70
     1
102
RTVSPropertyOp36
 70
     1
102
RTVSPropertyOp37
 70
     1
102
RTVSPropertyOp38
 70
     1
102
RTVSPropertyOp39
 70
     1
102
RTVSPropertyOp40
 70
     1
102
RTVSPropertyOp41
 70
     1
102
RTVSPropertyOp42
 70
     1
102
RTVSPropertyOp43
 70
     1
102
RTVSPropertyOp44
 70
     1
102
RTVSPropertyOp45
 70
     1
102
RTVSPropertyOp46
 70
     1
102
RTVSPropertyOp47
 70
     1
102
RTVSPropertyOp48
 70
     1
102
RTVSPropertyOp49
 70
     1
102
RTVSPropertyOp50
 70
     1
102
RTVSPropertyOp51
 70
     0
102
RTVSPropertyOp52
 70
     0
102
RTVSPropertyOp53
 70
     1
102
RTVSPropertyOp54
 70
     1
102
RTVSPropertyOp55
 70
     1
102
RTVSPropertyOp56
 70
     1
102
RTVSPropertyOp57
 70
     1
102
RTVSPropertyOp58
 70
     1
102
RTVSPropertyOp59
 70
     1
102
RTVSPropertyOp60
 70
     1
102
RTVSPropertyOp61
 70
     1
102
RTVSPropertyOp62
 70
     1
  0
DICTIONARY
  5
54B
330
1E4
100
AcDbDictionary
280
     1
281
     1
  3
ACAD_XREC_ROUNDTRIP
360
54C
  0
XRECORD
  5
54C
102
{ACAD_REACTORS
330
54B
102
}
330
54B
100
AcDbXrecord
280
     1
102
RTVSPost2010Prop28
280
     0
102
RTVSPost2010PropOp28
 70
     1
102
RTVSPost2010Prop29
280
     1
102
RTVSPost2010PropOp29
 70
     1
102
RTVSPost2010Prop30
280
     1
102
RTVSPost2010PropOp30
 70
     1
102
RTVSPost2010Prop31
280
     0
102
RTVSPost2010PropOp31
 70
     1
102
RTVSPost2010Prop32
280
     0
102
RTVSPost2010PropOp32
 70
     1
102
RTVSPost2010Prop33
280
     0
102
RTVSPost2010PropOp33
 70
     1
102
RTVSPost2010Prop34
280
     0
102
RTVSPost2010PropOp34
 70
     1
102
RTVSPost2010Prop35
280
     0
102
RTVSPost2010PropOp35
 70
     1
102
RTVSPost2010Prop36
280
     0
102
RTVSPost2010PropOp36
 70
     1
102
RTVSPost2010Prop37
 90
       50
102
RTVSPost2010PropOp37
 70
     1
102
RTVSPost2010Prop38
140
0
102
RTVSPost2010PropOp38
 70
     1
102
RTVSPost2010Prop39
140
1
102
RTVSPost2010PropOp39
 70
     1
102
RTVSPost2010Prop40
 90
        0
102
RTVSPost2010PropOp40
 70
     1
102
RTVSPost2010Prop41ColorIndex
 90
       18
102
RTVSPost2010Prop41ColorRGB
 90
        0
102
RTVSPost2010PropOp41
 70
     1
102
RTVSPost2010Prop42
 90
       50
102
RTVSPost2010PropOp42
 70
     1
102
RTVSPost2010Prop43
 90
        3
102
RTVSPost2010PropOp43
 70
     1
102
RTVSPost2010Prop44ColorIndex
 90
        5
102
RTVSPost2010Prop44ColorRGB
 90
      255
102
RTVSPost2010PropOp44
 70
     1
102
RTVSPost2010Prop45
280
     0
102
RTVSPost2010PropOp45
 70
     1
102
RTVSPost2010Prop46
 90
       50
102
RTVSPost2010PropOp46
 70
     1
102
RTVSPost2010Prop47
 90
       50
102
RTVSPost2010PropOp47
 70
     1
102
RTVSPost2010Prop48
 90
       50
102
RTVSPost2010PropOp48
 70
     1
102
RTVSPost2010Prop49
280
     0
102
RTVSPost2010PropOp49
 70
     1
102
RTVSPost2010Prop50
 90
       50
102
RTVSPost2010PropOp50
 70
     1
102
RTVSPost2010Prop51ColorIndex
 90
      256
102
RTVSPost2010Prop51ColorRGB
 90
-16777216
102
RTVSPost2010PropOp51
 70
     0
102
RTVSPost2010Prop52
140
1
102
RTVSPost2010PropOp52
 70
     0
102
RTVSPost2010Prop53
 90
        2
102
RTVSPost2010PropOp53
 70
     1
102
RTVSPost2010Prop54
  1
strokes_ogs.tif
102
RTVSPost2010PropOp54
 70
     1
102
RTVSPost2010Prop55
280
     0
102
RTVSPost2010PropOp55
 70
     1
102
RTVSPost2010Prop56
140
1
102
RTVSPost2010PropOp56
 70
     1
102
RTVSPost2010Prop57
140
1
102
RTVSPost2010PropOp57
 70
     1
102
RTVSPropertyOp0
 70
     0
102
RTVSPropertyOp1
 70
     0
102
RTVSPropertyOp2
 70
     0
102
RTVSPropertyOp3
 70
     0
102
RTVSPropertyOp4
 70
     0
102
RTVSPropertyOp5
 70
     0
102
RTVSPropertyOp6
 70
     0
102
RTVSPropertyOp7
 70
     0
102
RTVSPropertyOp8
 70
     0
102
RTVSPropertyOp9
 70
     0
102
RTVSPropertyOp10
 70
     0
102
RTVSPropertyOp11
 70
     0
102
RTVSPropertyOp12
 70
     0
102
RTVSPropertyOp13
 70
     0
102
RTVSPropertyOp14
 70
     2
102
RTVSPropertyOp15
 70
     0
102
RTVSPropertyOp16
 70
     0
102
RTVSPropertyOp17
 70
     0
102
RTVSPropertyOp18
 70
     0
102
RTVSPropertyOp19
 70
     0
102
RTVSPropertyOp20
 70
     0
102
RTVSPropertyOp21
 70
     0
102
RTVSPropertyOp22
 70
     0
102
RTVSPropertyOp23
 70
     0
102
RTVSPropertyOp24
 70
     0
102
RTVSPropertyOp25
 70
     0
102
RTVSPropertyOp26
 70
     0
102
RTVSPropertyOp27
 70
     0
102
RTVSPropertyOp28
 70
     1
102
RTVSPropertyOp29
 70
     1
102
RTVSPropertyOp30
 70
     1
102
RTVSPropertyOp31
 70
     1
102
RTVSPropertyOp32
 70
     1
102
RTVSPropertyOp33
 70
     1
102
RTVSPropertyOp34
 70
     1
102
RTVSPropertyOp35
 70
     1
102
RTVSPropertyOp36
 70
     1
102
RTVSPropertyOp37
 70
     1
102
RTVSPropertyOp38
 70
     1
102
RTVSPropertyOp39
 70
     1
102
RTVSPropertyOp40
 70
     1
102
RTVSPropertyOp41
 70
     1
102
RTVSPropertyOp42
 70
     1
102
RTVSPropertyOp43
 70
     1
102
RTVSPropertyOp44
 70
     1
102
RTVSPropertyOp45
 70
     1
102
RTVSPropertyOp46
 70
     1
102
RTVSPropertyOp47
 70
     1
102
RTVSPropertyOp48
 70
     1
102
RTVSPropertyOp49
 70
     1
102
RTVSPropertyOp50
 70
     1
102
RTVSPropertyOp51
 70
     0
102
RTVSPropertyOp52
 70
     0
102
RTVSPropertyOp53
 70
     1
102
RTVSPropertyOp54
 70
     1
102
RTVSPropertyOp55
 70
     1
102
RTVSPropertyOp56
 70
     1
102
RTVSPropertyOp57
 70
     1
102
RTVSPropertyOp58
 70
     1
102
RTVSPropertyOp59
 70
     1
102
RTVSPropertyOp60
 70
     1
102
RTVSPropertyOp61
 70
     1
102
RTVSPropertyOp62
 70
     1
  0
DICTIONARY
  5
54D
330
1E5
100
AcDbDictionary
280
     1
281
     1
  3
ACAD_XREC_ROUNDTRIP
360
54E
  0
XRECORD
  5
54E
102
{ACAD_REACTORS
330
54D
102
}
330
54D
100
AcDbXrecord
280
     1
102
RTVSPost2010Prop28
280
     0
102
RTVSPost2010PropOp28
 70
     1
102
RTVSPost2010Prop29
280
     1
102
RTVSPost2010PropOp29
 70
     1
102
RTVSPost2010Prop30
280
     1
102
RTVSPost2010PropOp30
 70
     1
102
RTVSPost2010Prop31
280
     0
102
RTVSPost2010PropOp31
 70
     1
102
RTVSPost2010Prop32
280
     0
102
RTVSPost2010PropOp32
 70
     1
102
RTVSPost2010Prop33
280
     0
102
RTVSPost2010PropOp33
 70
     1
102
RTVSPost2010Prop34
280
     0
102
RTVSPost2010PropOp34
 70
     1
102
RTVSPost2010Prop35
280
     0
102
RTVSPost2010PropOp35
 70
     1
102
RTVSPost2010Prop36
280
     0
102
RTVSPost2010PropOp36
 70
     1
102
RTVSPost2010Prop37
 90
       50
102
RTVSPost2010PropOp37
 70
     1
102
RTVSPost2010Prop38
140
0
102
RTVSPost2010PropOp38
 70
     1
102
RTVSPost2010Prop39
140
1
102
RTVSPost2010PropOp39
 70
     1
102
RTVSPost2010Prop40
 90
        0
102
RTVSPost2010PropOp40
 70
     1
102
RTVSPost2010Prop41ColorIndex
 90
       18
102
RTVSPost2010Prop41ColorRGB
 90
        0
102
RTVSPost2010PropOp41
 70
     1
102
RTVSPost2010Prop42
 90
       50
102
RTVSPost2010PropOp42
 70
     1
102
RTVSPost2010Prop43
 90
        3
102
RTVSPost2010PropOp43
 70
     1
102
RTVSPost2010Prop44ColorIndex
 90
        5
102
RTVSPost2010Prop44ColorRGB
 90
      255
102
RTVSPost2010PropOp44
 70
     1
102
RTVSPost2010Prop45
280
     0
102
RTVSPost2010PropOp45
 70
     1
102
RTVSPost2010Prop46
 90
       50
102
RTVSPost2010PropOp46
 70
     1
102
RTVSPost2010Prop47
 90
       50
102
RTVSPost2010PropOp47
 70
     1
102
RTVSPost2010Prop48
 90
       50
102
RTVSPost2010PropOp48
 70
     1
102
RTVSPost2010Prop49
280
     0
102
RTVSPost2010PropOp49
 70
     1
102
RTVSPost2010Prop50
 90
       50
102
RTVSPost2010PropOp50
 70
     1
102
RTVSPost2010Prop51ColorIndex
 90
      256
102
RTVSPost2010Prop51ColorRGB
 90
-16777216
102
RTVSPost2010PropOp51
 70
     0
102
RTVSPost2010Prop52
140
1
102
RTVSPost2010PropOp52
 70
     0
102
RTVSPost2010Prop53
 90
        2
102
RTVSPost2010PropOp53
 70
     1
102
RTVSPost2010Prop54
  1
strokes_ogs.tif
102
RTVSPost2010PropOp54
 70
     1
102
RTVSPost2010Prop55
280
     0
102
RTVSPost2010PropOp55
 70
     1
102
RTVSPost2010Prop56
140
1
102
RTVSPost2010PropOp56
 70
     1
102
RTVSPost2010Prop57
140
1
102
RTVSPost2010PropOp57
 70
     1
102
RTVSPropertyOp0
 70
     0
102
RTVSPropertyOp1
 70
     0
102
RTVSPropertyOp2
 70
     0
102
RTVSPropertyOp3
 70
     0
102
RTVSPropertyOp4
 70
     0
102
RTVSPropertyOp5
 70
     0
102
RTVSPropertyOp6
 70
     0
102
RTVSPropertyOp7
 70
     0
102
RTVSPropertyOp8
 70
     0
102
RTVSPropertyOp9
 70
     0
102
RTVSPropertyOp10
 70
     0
102
RTVSPropertyOp11
 70
     0
102
RTVSPropertyOp12
 70
     0
102
RTVSPropertyOp13
 70
     0
102
RTVSPropertyOp14
 70
     2
102
RTVSPropertyOp15
 70
     0
102
RTVSPropertyOp16
 70
     0
102
RTVSPropertyOp17
 70
     0
102
RTVSPropertyOp18
 70
     0
102
RTVSPropertyOp19
 70
     0
102
RTVSPropertyOp20
 70
     0
102
RTVSPropertyOp21
 70
     0
102
RTVSPropertyOp22
 70
     0
102
RTVSPropertyOp23
 70
     0
102
RTVSPropertyOp24
 70
     0
102
RTVSPropertyOp25
 70
     0
102
RTVSPropertyOp26
 70
     0
102
RTVSPropertyOp27
 70
     0
102
RTVSPropertyOp28
 70
     1
102
RTVSPropertyOp29
 70
     1
102
RTVSPropertyOp30
 70
     1
102
RTVSPropertyOp31
 70
     1
102
RTVSPropertyOp32
 70
     1
102
RTVSPropertyOp33
 70
     1
102
RTVSPropertyOp34
 70
     1
102
RTVSPropertyOp35
 70
     1
102
RTVSPropertyOp36
 70
     1
102
RTVSPropertyOp37
 70
     1
102
RTVSPropertyOp38
 70
     1
102
RTVSPropertyOp39
 70
     1
102
RTVSPropertyOp40
 70
     1
102
RTVSPropertyOp41
 70
     1
102
RTVSPropertyOp42
 70
     1
102
RTVSPropertyOp43
 70
     1
102
RTVSPropertyOp44
 70
     1
102
RTVSPropertyOp45
 70
     1
102
RTVSPropertyOp46
 70
     1
102
RTVSPropertyOp47
 70
     1
102
RTVSPropertyOp48
 70
     1
102
RTVSPropertyOp49
 70
     1
102
RTVSPropertyOp50
 70
     1
102
RTVSPropertyOp51
 70
     0
102
RTVSPropertyOp52
 70
     0
102
RTVSPropertyOp53
 70
     1
102
RTVSPropertyOp54
 70
     1
102
RTVSPropertyOp55
 70
     1
102
RTVSPropertyOp56
 70
     1
102
RTVSPropertyOp57
 70
     1
102
RTVSPropertyOp58
 70
     1
102
RTVSPropertyOp59
 70
     1
102
RTVSPropertyOp60
 70
     1
102
RTVSPropertyOp61
 70
     1
102
RTVSPropertyOp62
 70
     1
  0
DICTIONARY
  5
54F
330
1E6
100
AcDbDictionary
280
     1
281
     1
  3
ACAD_XREC_ROUNDTRIP
360
550
  0
XRECORD
  5
550
102
{ACAD_REACTORS
330
54F
102
}
330
54F
100
AcDbXrecord
280
     1
102
RTVSPost2010Prop28
280
     0
102
RTVSPost2010PropOp28
 70
     1
102
RTVSPost2010Prop29
280
     1
102
RTVSPost2010PropOp29
 70
     1
102
RTVSPost2010Prop30
280
     1
102
RTVSPost2010PropOp30
 70
     1
102
RTVSPost2010Prop31
280
     0
102
RTVSPost2010PropOp31
 70
     1
102
RTVSPost2010Prop32
280
     0
102
RTVSPost2010PropOp32
 70
     1
102
RTVSPost2010Prop33
280
     0
102
RTVSPost2010PropOp33
 70
     1
102
RTVSPost2010Prop34
280
     0
102
RTVSPost2010PropOp34
 70
     1
102
RTVSPost2010Prop35
280
     0
102
RTVSPost2010PropOp35
 70
     1
102
RTVSPost2010Prop36
280
     0
102
RTVSPost2010PropOp36
 70
     1
102
RTVSPost2010Prop37
 90
       50
102
RTVSPost2010PropOp37
 70
     1
102
RTVSPost2010Prop38
140
0
102
RTVSPost2010PropOp38
 70
     1
102
RTVSPost2010Prop39
140
1
102
RTVSPost2010PropOp39
 70
     1
102
RTVSPost2010Prop40
 90
        0
102
RTVSPost2010PropOp40
 70
     1
102
RTVSPost2010Prop41ColorIndex
 90
       18
102
RTVSPost2010Prop41ColorRGB
 90
        0
102
RTVSPost2010PropOp41
 70
     1
102
RTVSPost2010Prop42
 90
       50
102
RTVSPost2010PropOp42
 70
     1
102
RTVSPost2010Prop43
 90
        3
102
RTVSPost2010PropOp43
 70
     1
102
RTVSPost2010Prop44ColorIndex
 90
        5
102
RTVSPost2010Prop44ColorRGB
 90
      255
102
RTVSPost2010PropOp44
 70
     1
102
RTVSPost2010Prop45
280
     0
102
RTVSPost2010PropOp45
 70
     1
102
RTVSPost2010Prop46
 90
       50
102
RTVSPost2010PropOp46
 70
     1
102
RTVSPost2010Prop47
 90
       50
102
RTVSPost2010PropOp47
 70
     1
102
RTVSPost2010Prop48
 90
       50
102
RTVSPost2010PropOp48
 70
     1
102
RTVSPost2010Prop49
280
     0
102
RTVSPost2010PropOp49
 70
     1
102
RTVSPost2010Prop50
 90
       50
102
RTVSPost2010PropOp50
 70
     1
102
RTVSPost2010Prop51ColorIndex
 90
      256
102
RTVSPost2010Prop51ColorRGB
 90
-16777216
102
RTVSPost2010PropOp51
 70
     0
102
RTVSPost2010Prop52
140
1
102
RTVSPost2010PropOp52
 70
     0
102
RTVSPost2010Prop53
 90
        2
102
RTVSPost2010PropOp53
 70
     1
102
RTVSPost2010Prop54
  1
strokes_ogs.tif
102
RTVSPost2010PropOp54
 70
     1
102
RTVSPost2010Prop55
280
     0
102
RTVSPost2010PropOp55
 70
     1
102
RTVSPost2010Prop56
140
1
102
RTVSPost2010PropOp56
 70
     1
102
RTVSPost2010Prop57
140
1
102
RTVSPost2010PropOp57
 70
     1
102
RTVSPropertyOp0
 70
     0
102
RTVSPropertyOp1
 70
     0
102
RTVSPropertyOp2
 70
     0
102
RTVSPropertyOp3
 70
     0
102
RTVSPropertyOp4
 70
     0
102
RTVSPropertyOp5
 70
     0
102
RTVSPropertyOp6
 70
     0
102
RTVSPropertyOp7
 70
     0
102
RTVSPropertyOp8
 70
     0
102
RTVSPropertyOp9
 70
     0
102
RTVSPropertyOp10
 70
     0
102
RTVSPropertyOp11
 70
     0
102
RTVSPropertyOp12
 70
     0
102
RTVSPropertyOp13
 70
     0
102
RTVSPropertyOp14
 70
     2
102
RTVSPropertyOp15
 70
     0
102
RTVSPropertyOp16
 70
     0
102
RTVSPropertyOp17
 70
     0
102
RTVSPropertyOp18
 70
     0
102
RTVSPropertyOp19
 70
     0
102
RTVSPropertyOp20
 70
     0
102
RTVSPropertyOp21
 70
     0
102
RTVSPropertyOp22
 70
     0
102
RTVSPropertyOp23
 70
     0
102
RTVSPropertyOp24
 70
     0
102
RTVSPropertyOp25
 70
     0
102
RTVSPropertyOp26
 70
     0
102
RTVSPropertyOp27
 70
     0
102
RTVSPropertyOp28
 70
     1
102
RTVSPropertyOp29
 70
     1
102
RTVSPropertyOp30
 70
     1
102
RTVSPropertyOp31
 70
     1
102
RTVSPropertyOp32
 70
     1
102
RTVSPropertyOp33
 70
     1
102
RTVSPropertyOp34
 70
     1
102
RTVSPropertyOp35
 70
     1
102
RTVSPropertyOp36
 70
     1
102
RTVSPropertyOp37
 70
     1
102
RTVSPropertyOp38
 70
     1
102
RTVSPropertyOp39
 70
     1
102
RTVSPropertyOp40
 70
     1
102
RTVSPropertyOp41
 70
     1
102
RTVSPropertyOp42
 70
     1
102
RTVSPropertyOp43
 70
     1
102
RTVSPropertyOp44
 70
     1
102
RTVSPropertyOp45
 70
     1
102
RTVSPropertyOp46
 70
     1
102
RTVSPropertyOp47
 70
     1
102
RTVSPropertyOp48
 70
     1
102
RTVSPropertyOp49
 70
     1
102
RTVSPropertyOp50
 70
     1
102
RTVSPropertyOp51
 70
     0
102
RTVSPropertyOp52
 70
     0
102
RTVSPropertyOp53
 70
     1
102
RTVSPropertyOp54
 70
     1
102
RTVSPropertyOp55
 70
     1
102
RTVSPropertyOp56
 70
     1
102
RTVSPropertyOp57
 70
     1
102
RTVSPropertyOp58
 70
     1
102
RTVSPropertyOp59
 70
     1
102
RTVSPropertyOp60
 70
     1
102
RTVSPropertyOp61
 70
     1
102
RTVSPropertyOp62
 70
     1
  0
DICTIONARY
  5
551
330
1EF
100
AcDbDictionary
280
     1
281
     1
  3
ACAD_XREC_ROUNDTRIP
360
552
  0
XRECORD
  5
552
102
{ACAD_REACTORS
330
551
102
}
330
551
100
AcDbXrecord
280
     1
102
RTVSPost2010Prop28
280
     0
102
RTVSPost2010PropOp28
 70
     1
102
RTVSPost2010Prop29
280
     1
102
RTVSPost2010PropOp29
 70
     1
102
RTVSPost2010Prop30
280
     1
102
RTVSPost2010PropOp30
 70
     1
102
RTVSPost2010Prop31
280
     0
102
RTVSPost2010PropOp31
 70
     1
102
RTVSPost2010Prop32
280
     0
102
RTVSPost2010PropOp32
 70
     1
102
RTVSPost2010Prop33
280
     0
102
RTVSPost2010PropOp33
 70
     1
102
RTVSPost2010Prop34
280
     0
102
RTVSPost2010PropOp34
 70
     1
102
RTVSPost2010Prop35
280
     0
102
RTVSPost2010PropOp35
 70
     1
102
RTVSPost2010Prop36
280
     0
102
RTVSPost2010PropOp36
 70
     1
102
RTVSPost2010Prop37
 90
       50
102
RTVSPost2010PropOp37
 70
     1
102
RTVSPost2010Prop38
140
0
102
RTVSPost2010PropOp38
 70
     1
102
RTVSPost2010Prop39
140
1
102
RTVSPost2010PropOp39
 70
     1
102
RTVSPost2010Prop40
 90
        0
102
RTVSPost2010PropOp40
 70
     1
102
RTVSPost2010Prop41ColorIndex
 90
       18
102
RTVSPost2010Prop41ColorRGB
 90
        0
102
RTVSPost2010PropOp41
 70
     1
102
RTVSPost2010Prop42
 90
       50
102
RTVSPost2010PropOp42
 70
     1
102
RTVSPost2010Prop43
 90
        3
102
RTVSPost2010PropOp43
 70
     1
102
RTVSPost2010Prop44ColorIndex
 90
        5
102
RTVSPost2010Prop44ColorRGB
 90
      255
102
RTVSPost2010PropOp44
 70
     1
102
RTVSPost2010Prop45
280
     0
102
RTVSPost2010PropOp45
 70
     1
102
RTVSPost2010Prop46
 90
       50
102
RTVSPost2010PropOp46
 70
     1
102
RTVSPost2010Prop47
 90
       50
102
RTVSPost2010PropOp47
 70
     1
102
RTVSPost2010Prop48
 90
       50
102
RTVSPost2010PropOp48
 70
     1
102
RTVSPost2010Prop49
280
     0
102
RTVSPost2010PropOp49
 70
     1
102
RTVSPost2010Prop50
 90
       50
102
RTVSPost2010PropOp50
 70
     1
102
RTVSPost2010Prop51ColorIndex
 90
      256
102
RTVSPost2010Prop51ColorRGB
 90
-16777216
102
RTVSPost2010PropOp51
 70
     0
102
RTVSPost2010Prop52
140
1
102
RTVSPost2010PropOp52
 70
     0
102
RTVSPost2010Prop53
 90
        2
102
RTVSPost2010PropOp53
 70
     1
102
RTVSPost2010Prop54
  1
strokes_ogs.tif
102
RTVSPost2010PropOp54
 70
     1
102
RTVSPost2010Prop55
280
     0
102
RTVSPost2010PropOp55
 70
     1
102
RTVSPost2010Prop56
140
1
102
RTVSPost2010PropOp56
 70
     1
102
RTVSPost2010Prop57
140
1
102
RTVSPost2010PropOp57
 70
     1
102
RTVSPropertyOp0
 70
     1
102
RTVSPropertyOp1
 70
     1
102
RTVSPropertyOp2
 70
     1
102
RTVSPropertyOp3
 70
     1
102
RTVSPropertyOp4
 70
     1
102
RTVSPropertyOp5
 70
     1
102
RTVSPropertyOp6
 70
     1
102
RTVSPropertyOp7
 70
     1
102
RTVSPropertyOp8
 70
     1
102
RTVSPropertyOp9
 70
     1
102
RTVSPropertyOp10
 70
     1
102
RTVSPropertyOp11
 70
     1
102
RTVSPropertyOp12
 70
     1
102
RTVSPropertyOp13
 70
     1
102
RTVSPropertyOp14
 70
     1
102
RTVSPropertyOp15
 70
     1
102
RTVSPropertyOp16
 70
     1
102
RTVSPropertyOp17
 70
     1
102
RTVSPropertyOp18
 70
     1
102
RTVSPropertyOp19
 70
     1
102
RTVSPropertyOp20
 70
     1
102
RTVSPropertyOp21
 70
     1
102
RTVSPropertyOp22
 70
     1
102
RTVSPropertyOp23
 70
     1
102
RTVSPropertyOp24
 70
     1
102
RTVSPropertyOp25
 70
     1
102
RTVSPropertyOp26
 70
     1
102
RTVSPropertyOp27
 70
     1
102
RTVSPropertyOp28
 70
     1
102
RTVSPropertyOp29
 70
     1
102
RTVSPropertyOp30
 70
     1
102
RTVSPropertyOp31
 70
     1
102
RTVSPropertyOp32
 70
     1
102
RTVSPropertyOp33
 70
     1
102
RTVSPropertyOp34
 70
     1
102
RTVSPropertyOp35
 70
     1
102
RTVSPropertyOp36
 70
     1
102
RTVSPropertyOp37
 70
     1
102
RTVSPropertyOp38
 70
     1
102
RTVSPropertyOp39
 70
     1
102
RTVSPropertyOp40
 70
     1
102
RTVSPropertyOp41
 70
     1
102
RTVSPropertyOp42
 70
     1
102
RTVSPropertyOp43
 70
     1
102
RTVSPropertyOp44
 70
     1
102
RTVSPropertyOp45
 70
     1
102
RTVSPropertyOp46
 70
     1
102
RTVSPropertyOp47
 70
     1
102
RTVSPropertyOp48
 70
     1
102
RTVSPropertyOp49
 70
     1
102
RTVSPropertyOp50
 70
     1
102
RTVSPropertyOp51
 70
     0
102
RTVSPropertyOp52
 70
     0
102
RTVSPropertyOp53
 70
     1
102
RTVSPropertyOp54
 70
     1
102
RTVSPropertyOp55
 70
     1
102
RTVSPropertyOp56
 70
     1
102
RTVSPropertyOp57
 70
     1
102
RTVSPropertyOp58
 70
     1
102
RTVSPropertyOp59
 70
     1
102
RTVSPropertyOp60
 70
     1
102
RTVSPropertyOp61
 70
     1
102
RTVSPropertyOp62
 70
     1
  0
DICTIONARY
  5
553
330
1F0
100
AcDbDictionary
280
     1
281
     1
  3
ACAD_XREC_ROUNDTRIP
360
554
  0
XRECORD
  5
554
102
{ACAD_REACTORS
330
553
102
}
330
553
100
AcDbXrecord
280
     1
102
RTVSPost2010Prop28
280
     0
102
RTVSPost2010PropOp28
 70
     1
102
RTVSPost2010Prop29
280
     1
102
RTVSPost2010PropOp29
 70
     1
102
RTVSPost2010Prop30
280
     1
102
RTVSPost2010PropOp30
 70
     1
102
RTVSPost2010Prop31
280
     0
102
RTVSPost2010PropOp31
 70
     1
102
RTVSPost2010Prop32
280
     0
102
RTVSPost2010PropOp32
 70
     1
102
RTVSPost2010Prop33
280
     0
102
RTVSPost2010PropOp33
 70
     1
102
RTVSPost2010Prop34
280
     0
102
RTVSPost2010PropOp34
 70
     1
102
RTVSPost2010Prop35
280
     0
102
RTVSPost2010PropOp35
 70
     1
102
RTVSPost2010Prop36
280
     0
102
RTVSPost2010PropOp36
 70
     1
102
RTVSPost2010Prop37
 90
       50
102
RTVSPost2010PropOp37
 70
     1
102
RTVSPost2010Prop38
140
0
102
RTVSPost2010PropOp38
 70
     1
102
RTVSPost2010Prop39
140
1
102
RTVSPost2010PropOp39
 70
     1
102
RTVSPost2010Prop40
 90
        0
102
RTVSPost2010PropOp40
 70
     1
102
RTVSPost2010Prop41ColorIndex
 90
       18
102
RTVSPost2010Prop41ColorRGB
 90
        0
102
RTVSPost2010PropOp41
 70
     1
102
RTVSPost2010Prop42
 90
       50
102
RTVSPost2010PropOp42
 70
     1
102
RTVSPost2010Prop43
 90
        3
102
RTVSPost2010PropOp43
 70
     1
102
RTVSPost2010Prop44ColorIndex
 90
        5
102
RTVSPost2010Prop44ColorRGB
 90
      255
102
RTVSPost2010PropOp44
 70
     1
102
RTVSPost2010Prop45
280
     0
102
RTVSPost2010PropOp45
 70
     1
102
RTVSPost2010Prop46
 90
       50
102
RTVSPost2010PropOp46
 70
     1
102
RTVSPost2010Prop47
 90
       50
102
RTVSPost2010PropOp47
 70
     1
102
RTVSPost2010Prop48
 90
       50
102
RTVSPost2010PropOp48
 70
     1
102
RTVSPost2010Prop49
280
     0
102
RTVSPost2010PropOp49
 70
     1
102
RTVSPost2010Prop50
 90
       50
102
RTVSPost2010PropOp50
 70
     1
102
RTVSPost2010Prop51ColorIndex
 90
      256
102
RTVSPost2010Prop51ColorRGB
 90
-16777216
102
RTVSPost2010PropOp51
 70
     0
102
RTVSPost2010Prop52
140
1
102
RTVSPost2010PropOp52
 70
     0
102
RTVSPost2010Prop53
 90
        2
102
RTVSPost2010PropOp53
 70
     1
102
RTVSPost2010Prop54
  1
strokes_ogs.tif
102
RTVSPost2010PropOp54
 70
     1
102
RTVSPost2010Prop55
280
     0
102
RTVSPost2010PropOp55
 70
     1
102
RTVSPost2010Prop56
140
1
102
RTVSPost2010PropOp56
 70
     1
102
RTVSPost2010Prop57
140
1
102
RTVSPost2010PropOp57
 70
     1
102
RTVSPropertyOp0
 70
     1
102
RTVSPropertyOp1
 70
     1
102
RTVSPropertyOp2
 70
     1
102
RTVSPropertyOp3
 70
     1
102
RTVSPropertyOp4
 70
     1
102
RTVSPropertyOp5
 70
     1
102
RTVSPropertyOp6
 70
     1
102
RTVSPropertyOp7
 70
     1
102
RTVSPropertyOp8
 70
     1
102
RTVSPropertyOp9
 70
     1
102
RTVSPropertyOp10
 70
     1
102
RTVSPropertyOp11
 70
     1
102
RTVSPropertyOp12
 70
     1
102
RTVSPropertyOp13
 70
     1
102
RTVSPropertyOp14
 70
     1
102
RTVSPropertyOp15
 70
     1
102
RTVSPropertyOp16
 70
     1
102
RTVSPropertyOp17
 70
     1
102
RTVSPropertyOp18
 70
     1
102
RTVSPropertyOp19
 70
     1
102
RTVSPropertyOp20
 70
     1
102
RTVSPropertyOp21
 70
     1
102
RTVSPropertyOp22
 70
     1
102
RTVSPropertyOp23
 70
     1
102
RTVSPropertyOp24
 70
     1
102
RTVSPropertyOp25
 70
     1
102
RTVSPropertyOp26
 70
     1
102
RTVSPropertyOp27
 70
     1
102
RTVSPropertyOp28
 70
     1
102
RTVSPropertyOp29
 70
     1
102
RTVSPropertyOp30
 70
     1
102
RTVSPropertyOp31
 70
     1
102
RTVSPropertyOp32
 70
     1
102
RTVSPropertyOp33
 70
     1
102
RTVSPropertyOp34
 70
     1
102
RTVSPropertyOp35
 70
     1
102
RTVSPropertyOp36
 70
     1
102
RTVSPropertyOp37
 70
     1
102
RTVSPropertyOp38
 70
     1
102
RTVSPropertyOp39
 70
     1
102
RTVSPropertyOp40
 70
     1
102
RTVSPropertyOp41
 70
     1
102
RTVSPropertyOp42
 70
     1
102
RTVSPropertyOp43
 70
     1
102
RTVSPropertyOp44
 70
     1
102
RTVSPropertyOp45
 70
     1
102
RTVSPropertyOp46
 70
     1
102
RTVSPropertyOp47
 70
     1
102
RTVSPropertyOp48
 70
     1
102
RTVSPropertyOp49
 70
     1
102
RTVSPropertyOp50
 70
     1
102
RTVSPropertyOp51
 70
     0
102
RTVSPropertyOp52
 70
     0
102
RTVSPropertyOp53
 70
     1
102
RTVSPropertyOp54
 70
     1
102
RTVSPropertyOp55
 70
     1
102
RTVSPropertyOp56
 70
     1
102
RTVSPropertyOp57
 70
     1
102
RTVSPropertyOp58
 70
     1
102
RTVSPropertyOp59
 70
     1
102
RTVSPropertyOp60
 70
     1
102
RTVSPropertyOp61
 70
     1
102
RTVSPropertyOp62
 70
     1
  0
DICTIONARY
  5
555
330
1F1
100
AcDbDictionary
280
     1
281
     1
  3
ACAD_XREC_ROUNDTRIP
360
556
  0
XRECORD
  5
556
102
{ACAD_REACTORS
330
555
102
}
330
555
100
AcDbXrecord
280
     1
102
RTVSPost2010Prop28
280
     0
102
RTVSPost2010PropOp28
 70
     1
102
RTVSPost2010Prop29
280
     1
102
RTVSPost2010PropOp29
 70
     1
102
RTVSPost2010Prop30
280
     1
102
RTVSPost2010PropOp30
 70
     1
102
RTVSPost2010Prop31
280
     0
102
RTVSPost2010PropOp31
 70
     1
102
RTVSPost2010Prop32
280
     0
102
RTVSPost2010PropOp32
 70
     1
102
RTVSPost2010Prop33
280
     0
102
RTVSPost2010PropOp33
 70
     1
102
RTVSPost2010Prop34
280
     0
102
RTVSPost2010PropOp34
 70
     1
102
RTVSPost2010Prop35
280
     0
102
RTVSPost2010PropOp35
 70
     1
102
RTVSPost2010Prop36
280
     0
102
RTVSPost2010PropOp36
 70
     1
102
RTVSPost2010Prop37
 90
       50
102
RTVSPost2010PropOp37
 70
     1
102
RTVSPost2010Prop38
140
0
102
RTVSPost2010PropOp38
 70
     1
102
RTVSPost2010Prop39
140
1
102
RTVSPost2010PropOp39
 70
     1
102
RTVSPost2010Prop40
 90
        0
102
RTVSPost2010PropOp40
 70
     1
102
RTVSPost2010Prop41ColorIndex
 90
       18
102
RTVSPost2010Prop41ColorRGB
 90
        0
102
RTVSPost2010PropOp41
 70
     1
102
RTVSPost2010Prop42
 90
       50
102
RTVSPost2010PropOp42
 70
     1
102
RTVSPost2010Prop43
 90
        3
102
RTVSPost2010PropOp43
 70
     1
102
RTVSPost2010Prop44ColorIndex
 90
        5
102
RTVSPost2010Prop44ColorRGB
 90
      255
102
RTVSPost2010PropOp44
 70
     1
102
RTVSPost2010Prop45
280
     0
102
RTVSPost2010PropOp45
 70
     1
102
RTVSPost2010Prop46
 90
       50
102
RTVSPost2010PropOp46
 70
     1
102
RTVSPost2010Prop47
 90
       50
102
RTVSPost2010PropOp47
 70
     1
102
RTVSPost2010Prop48
 90
       50
102
RTVSPost2010PropOp48
 70
     1
102
RTVSPost2010Prop49
280
     0
102
RTVSPost2010PropOp49
 70
     1
102
RTVSPost2010Prop50
 90
       50
102
RTVSPost2010PropOp50
 70
     1
102
RTVSPost2010Prop51ColorIndex
 90
      256
102
RTVSPost2010Prop51ColorRGB
 90
-16777216
102
RTVSPost2010PropOp51
 70
     0
102
RTVSPost2010Prop52
140
1
102
RTVSPost2010PropOp52
 70
     0
102
RTVSPost2010Prop53
 90
        2
102
RTVSPost2010PropOp53
 70
     1
102
RTVSPost2010Prop54
  1
strokes_ogs.tif
102
RTVSPost2010PropOp54
 70
     1
102
RTVSPost2010Prop55
280
     0
102
RTVSPost2010PropOp55
 70
     1
102
RTVSPost2010Prop56
140
1
102
RTVSPost2010PropOp56
 70
     1
102
RTVSPost2010Prop57
140
1
102
RTVSPost2010PropOp57
 70
     1
102
RTVSPropertyOp0
 70
     1
102
RTVSPropertyOp1
 70
     1
102
RTVSPropertyOp2
 70
     1
102
RTVSPropertyOp3
 70
     1
102
RTVSPropertyOp4
 70
     1
102
RTVSPropertyOp5
 70
     1
102
RTVSPropertyOp6
 70
     1
102
RTVSPropertyOp7
 70
     1
102
RTVSPropertyOp8
 70
     1
102
RTVSPropertyOp9
 70
     1
102
RTVSPropertyOp10
 70
     1
102
RTVSPropertyOp11
 70
     1
102
RTVSPropertyOp12
 70
     1
102
RTVSPropertyOp13
 70
     1
102
RTVSPropertyOp14
 70
     1
102
RTVSPropertyOp15
 70
     1
102
RTVSPropertyOp16
 70
     1
102
RTVSPropertyOp17
 70
     1
102
RTVSPropertyOp18
 70
     1
102
RTVSPropertyOp19
 70
     1
102
RTVSPropertyOp20
 70
     1
102
RTVSPropertyOp21
 70
     1
102
RTVSPropertyOp22
 70
     1
102
RTVSPropertyOp23
 70
     1
102
RTVSPropertyOp24
 70
     1
102
RTVSPropertyOp25
 70
     1
102
RTVSPropertyOp26
 70
     1
102
RTVSPropertyOp27
 70
     1
102
RTVSPropertyOp28
 70
     1
102
RTVSPropertyOp29
 70
     1
102
RTVSPropertyOp30
 70
     1
102
RTVSPropertyOp31
 70
     1
102
RTVSPropertyOp32
 70
     1
102
RTVSPropertyOp33
 70
     1
102
RTVSPropertyOp34
 70
     1
102
RTVSPropertyOp35
 70
     1
102
RTVSPropertyOp36
 70
     1
102
RTVSPropertyOp37
 70
     1
102
RTVSPropertyOp38
 70
     1
102
RTVSPropertyOp39
 70
     1
102
RTVSPropertyOp40
 70
     1
102
RTVSPropertyOp41
 70
     1
102
RTVSPropertyOp42
 70
     1
102
RTVSPropertyOp43
 70
     1
102
RTVSPropertyOp44
 70
     1
102
RTVSPropertyOp45
 70
     1
102
RTVSPropertyOp46
 70
     1
102
RTVSPropertyOp47
 70
     1
102
RTVSPropertyOp48
 70
     1
102
RTVSPropertyOp49
 70
     1
102
RTVSPropertyOp50
 70
     1
102
RTVSPropertyOp51
 70
     0
102
RTVSPropertyOp52
 70
     0
102
RTVSPropertyOp53
 70
     1
102
RTVSPropertyOp54
 70
     1
102
RTVSPropertyOp55
 70
     1
102
RTVSPropertyOp56
 70
     1
102
RTVSPropertyOp57
 70
     1
102
RTVSPropertyOp58
 70
     1
102
RTVSPropertyOp59
 70
     1
102
RTVSPropertyOp60
 70
     1
102
RTVSPropertyOp61
 70
     1
102
RTVSPropertyOp62
 70
     1
  0
DICTIONARY
  5
557
330
1F2
100
AcDbDictionary
280
     1
281
     1
  3
ACAD_XREC_ROUNDTRIP
360
558
  0
XRECORD
  5
558
102
{ACAD_REACTORS
330
557
102
}
330
557
100
AcDbXrecord
280
     1
102
RTVSPost2010Prop28
280
     0
102
RTVSPost2010PropOp28
 70
     1
102
RTVSPost2010Prop29
280
     1
102
RTVSPost2010PropOp29
 70
     1
102
RTVSPost2010Prop30
280
     1
102
RTVSPost2010PropOp30
 70
     1
102
RTVSPost2010Prop31
280
     0
102
RTVSPost2010PropOp31
 70
     1
102
RTVSPost2010Prop32
280
     0
102
RTVSPost2010PropOp32
 70
     1
102
RTVSPost2010Prop33
280
     0
102
RTVSPost2010PropOp33
 70
     1
102
RTVSPost2010Prop34
280
     0
102
RTVSPost2010PropOp34
 70
     1
102
RTVSPost2010Prop35
280
     0
102
RTVSPost2010PropOp35
 70
     1
102
RTVSPost2010Prop36
280
     0
102
RTVSPost2010PropOp36
 70
     1
102
RTVSPost2010Prop37
 90
       50
102
RTVSPost2010PropOp37
 70
     1
102
RTVSPost2010Prop38
140
0
102
RTVSPost2010PropOp38
 70
     1
102
RTVSPost2010Prop39
140
1
102
RTVSPost2010PropOp39
 70
     1
102
RTVSPost2010Prop40
 90
        0
102
RTVSPost2010PropOp40
 70
     1
102
RTVSPost2010Prop41ColorIndex
 90
       18
102
RTVSPost2010Prop41ColorRGB
 90
        0
102
RTVSPost2010PropOp41
 70
     1
102
RTVSPost2010Prop42
 90
       50
102
RTVSPost2010PropOp42
 70
     1
102
RTVSPost2010Prop43
 90
        3
102
RTVSPost2010PropOp43
 70
     1
102
RTVSPost2010Prop44ColorIndex
 90
        5
102
RTVSPost2010Prop44ColorRGB
 90
      255
102
RTVSPost2010PropOp44
 70
     1
102
RTVSPost2010Prop45
280
     0
102
RTVSPost2010PropOp45
 70
     1
102
RTVSPost2010Prop46
 90
       50
102
RTVSPost2010PropOp46
 70
     1
102
RTVSPost2010Prop47
 90
       50
102
RTVSPost2010PropOp47
 70
     1
102
RTVSPost2010Prop48
 90
       50
102
RTVSPost2010PropOp48
 70
     1
102
RTVSPost2010Prop49
280
     0
102
RTVSPost2010PropOp49
 70
     1
102
RTVSPost2010Prop50
 90
       50
102
RTVSPost2010PropOp50
 70
     1
102
RTVSPost2010Prop51ColorIndex
 90
      256
102
RTVSPost2010Prop51ColorRGB
 90
-16777216
102
RTVSPost2010PropOp51
 70
     0
102
RTVSPost2010Prop52
140
1
102
RTVSPost2010PropOp52
 70
     0
102
RTVSPost2010Prop53
 90
        2
102
RTVSPost2010PropOp53
 70
     1
102
RTVSPost2010Prop54
  1
strokes_ogs.tif
102
RTVSPost2010PropOp54
 70
     1
102
RTVSPost2010Prop55
280
     0
102
RTVSPost2010PropOp55
 70
     1
102
RTVSPost2010Prop56
140
1
102
RTVSPost2010PropOp56
 70
     1
102
RTVSPost2010Prop57
140
1
102
RTVSPost2010PropOp57
 70
     1
102
RTVSPropertyOp0
 70
     1
102
RTVSPropertyOp1
 70
     1
102
RTVSPropertyOp2
 70
     1
102
RTVSPropertyOp3
 70
     1
102
RTVSPropertyOp4
 70
     1
102
RTVSPropertyOp5
 70
     1
102
RTVSPropertyOp6
 70
     1
102
RTVSPropertyOp7
 70
     1
102
RTVSPropertyOp8
 70
     1
102
RTVSPropertyOp9
 70
     1
102
RTVSPropertyOp10
 70
     1
102
RTVSPropertyOp11
 70
     1
102
RTVSPropertyOp12
 70
     1
102
RTVSPropertyOp13
 70
     1
102
RTVSPropertyOp14
 70
     1
102
RTVSPropertyOp15
 70
     1
102
RTVSPropertyOp16
 70
     1
102
RTVSPropertyOp17
 70
     1
102
RTVSPropertyOp18
 70
     1
102
RTVSPropertyOp19
 70
     1
102
RTVSPropertyOp20
 70
     1
102
RTVSPropertyOp21
 70
     1
102
RTVSPropertyOp22
 70
     1
102
RTVSPropertyOp23
 70
     1
102
RTVSPropertyOp24
 70
     1
102
RTVSPropertyOp25
 70
     1
102
RTVSPropertyOp26
 70
     1
102
RTVSPropertyOp27
 70
     1
102
RTVSPropertyOp28
 70
     1
102
RTVSPropertyOp29
 70
     1
102
RTVSPropertyOp30
 70
     1
102
RTVSPropertyOp31
 70
     1
102
RTVSPropertyOp32
 70
     1
102
RTVSPropertyOp33
 70
     1
102
RTVSPropertyOp34
 70
     1
102
RTVSPropertyOp35
 70
     1
102
RTVSPropertyOp36
 70
     1
102
RTVSPropertyOp37
 70
     1
102
RTVSPropertyOp38
 70
     1
102
RTVSPropertyOp39
 70
     1
102
RTVSPropertyOp40
 70
     1
102
RTVSPropertyOp41
 70
     1
102
RTVSPropertyOp42
 70
     1
102
RTVSPropertyOp43
 70
     1
102
RTVSPropertyOp44
 70
     1
102
RTVSPropertyOp45
 70
     1
102
RTVSPropertyOp46
 70
     1
102
RTVSPropertyOp47
 70
     1
102
RTVSPropertyOp48
 70
     1
102
RTVSPropertyOp49
 70
     1
102
RTVSPropertyOp50
 70
     1
102
RTVSPropertyOp51
 70
     0
102
RTVSPropertyOp52
 70
     0
102
RTVSPropertyOp53
 70
     1
102
RTVSPropertyOp54
 70
     1
102
RTVSPropertyOp55
 70
     1
102
RTVSPropertyOp56
 70
     1
102
RTVSPropertyOp57
 70
     1
102
RTVSPropertyOp58
 70
     1
102
RTVSPropertyOp59
 70
     1
102
RTVSPropertyOp60
 70
     1
102
RTVSPropertyOp61
 70
     1
102
RTVSPropertyOp62
 70
     1
  0
DICTIONARY
  5
559
330
1F3
100
AcDbDictionary
280
     1
281
     1
  3
ACAD_XREC_ROUNDTRIP
360
55A
  0
XRECORD
  5
55A
102
{ACAD_REACTORS
330
559
102
}
330
559
100
AcDbXrecord
280
     1
102
RTVSPost2010Prop28
280
     0
102
RTVSPost2010PropOp28
 70
     1
102
RTVSPost2010Prop29
280
     1
102
RTVSPost2010PropOp29
 70
     1
102
RTVSPost2010Prop30
280
     1
102
RTVSPost2010PropOp30
 70
     1
102
RTVSPost2010Prop31
280
     0
102
RTVSPost2010PropOp31
 70
     1
102
RTVSPost2010Prop32
280
     0
102
RTVSPost2010PropOp32
 70
     1
102
RTVSPost2010Prop33
280
     0
102
RTVSPost2010PropOp33
 70
     1
102
RTVSPost2010Prop34
280
     0
102
RTVSPost2010PropOp34
 70
     1
102
RTVSPost2010Prop35
280
     0
102
RTVSPost2010PropOp35
 70
     1
102
RTVSPost2010Prop36
280
     0
102
RTVSPost2010PropOp36
 70
     1
102
RTVSPost2010Prop37
 90
       50
102
RTVSPost2010PropOp37
 70
     1
102
RTVSPost2010Prop38
140
0
102
RTVSPost2010PropOp38
 70
     1
102
RTVSPost2010Prop39
140
1
102
RTVSPost2010PropOp39
 70
     1
102
RTVSPost2010Prop40
 90
        0
102
RTVSPost2010PropOp40
 70
     1
102
RTVSPost2010Prop41ColorIndex
 90
       18
102
RTVSPost2010Prop41ColorRGB
 90
        0
102
RTVSPost2010PropOp41
 70
     1
102
RTVSPost2010Prop42
 90
       50
102
RTVSPost2010PropOp42
 70
     1
102
RTVSPost2010Prop43
 90
        3
102
RTVSPost2010PropOp43
 70
     1
102
RTVSPost2010Prop44ColorIndex
 90
        5
102
RTVSPost2010Prop44ColorRGB
 90
      255
102
RTVSPost2010PropOp44
 70
     1
102
RTVSPost2010Prop45
280
     0
102
RTVSPost2010PropOp45
 70
     1
102
RTVSPost2010Prop46
 90
       50
102
RTVSPost2010PropOp46
 70
     1
102
RTVSPost2010Prop47
 90
       50
102
RTVSPost2010PropOp47
 70
     1
102
RTVSPost2010Prop48
 90
       50
102
RTVSPost2010PropOp48
 70
     1
102
RTVSPost2010Prop49
280
     0
102
RTVSPost2010PropOp49
 70
     1
102
RTVSPost2010Prop50
 90
       50
102
RTVSPost2010PropOp50
 70
     1
102
RTVSPost2010Prop51ColorIndex
 90
      256
102
RTVSPost2010Prop51ColorRGB
 90
-16777216
102
RTVSPost2010PropOp51
 70
     0
102
RTVSPost2010Prop52
140
1
102
RTVSPost2010PropOp52
 70
     0
102
RTVSPost2010Prop53
 90
        2
102
RTVSPost2010PropOp53
 70
     1
102
RTVSPost2010Prop54
  1
strokes_ogs.tif
102
RTVSPost2010PropOp54
 70
     1
102
RTVSPost2010Prop55
280
     0
102
RTVSPost2010PropOp55
 70
     1
102
RTVSPost2010Prop56
140
1
102
RTVSPost2010PropOp56
 70
     1
102
RTVSPost2010Prop57
140
1
102
RTVSPost2010PropOp57
 70
     1
102
RTVSPropertyOp0
 70
     1
102
RTVSPropertyOp1
 70
     1
102
RTVSPropertyOp2
 70
     1
102
RTVSPropertyOp3
 70
     1
102
RTVSPropertyOp4
 70
     1
102
RTVSPropertyOp5
 70
     1
102
RTVSPropertyOp6
 70
     1
102
RTVSPropertyOp7
 70
     1
102
RTVSPropertyOp8
 70
     1
102
RTVSPropertyOp9
 70
     1
102
RTVSPropertyOp10
 70
     1
102
RTVSPropertyOp11
 70
     1
102
RTVSPropertyOp12
 70
     1
102
RTVSPropertyOp13
 70
     1
102
RTVSPropertyOp14
 70
     1
102
RTVSPropertyOp15
 70
     1
102
RTVSPropertyOp16
 70
     1
102
RTVSPropertyOp17
 70
     1
102
RTVSPropertyOp18
 70
     1
102
RTVSPropertyOp19
 70
     1
102
RTVSPropertyOp20
 70
     1
102
RTVSPropertyOp21
 70
     1
102
RTVSPropertyOp22
 70
     1
102
RTVSPropertyOp23
 70
     1
102
RTVSPropertyOp24
 70
     1
102
RTVSPropertyOp25
 70
     1
102
RTVSPropertyOp26
 70
     1
102
RTVSPropertyOp27
 70
     1
102
RTVSPropertyOp28
 70
     1
102
RTVSPropertyOp29
 70
     1
102
RTVSPropertyOp30
 70
     1
102
RTVSPropertyOp31
 70
     1
102
RTVSPropertyOp32
 70
     1
102
RTVSPropertyOp33
 70
     1
102
RTVSPropertyOp34
 70
     1
102
RTVSPropertyOp35
 70
     1
102
RTVSPropertyOp36
 70
     1
102
RTVSPropertyOp37
 70
     1
102
RTVSPropertyOp38
 70
     1
102
RTVSPropertyOp39
 70
     1
102
RTVSPropertyOp40
 70
     1
102
RTVSPropertyOp41
 70
     1
102
RTVSPropertyOp42
 70
     1
102
RTVSPropertyOp43
 70
     1
102
RTVSPropertyOp44
 70
     1
102
RTVSPropertyOp45
 70
     1
102
RTVSPropertyOp46
 70
     1
102
RTVSPropertyOp47
 70
     1
102
RTVSPropertyOp48
 70
     1
102
RTVSPropertyOp49
 70
     1
102
RTVSPropertyOp50
 70
     1
102
RTVSPropertyOp51
 70
     0
102
RTVSPropertyOp52
 70
     0
102
RTVSPropertyOp53
 70
     1
102
RTVSPropertyOp54
 70
     1
102
RTVSPropertyOp55
 70
     1
102
RTVSPropertyOp56
 70
     1
102
RTVSPropertyOp57
 70
     1
102
RTVSPropertyOp58
 70
     1
102
RTVSPropertyOp59
 70
     1
102
RTVSPropertyOp60
 70
     1
102
RTVSPropertyOp61
 70
     1
102
RTVSPropertyOp62
 70
     1
  0
DICTIONARY
  5
55B
330
21A
100
AcDbDictionary
280
     1
281
     1
  3
ACAD_XREC_ROUNDTRIP
360
55C
  0
XRECORD
  5
55C
102
{ACAD_REACTORS
330
55B
102
}
330
55B
100
AcDbXrecord
280
     1
102
DISPLAYNAME
  1
Metric50
102
FLAGS
 90
        0
  0
DICTIONARY
  5
55D
330
21C
100
AcDbDictionary
280
     1
281
     1
  3
ACAD_XREC_ROUNDTRIP
360
55E
  0
XRECORD
  5
55E
102
{ACAD_REACTORS
330
55D
102
}
330
55D
100
AcDbXrecord
280
     1
102
DISPLAYNAME
  1
Metric50
102
FLAGS
 90
        0
  0
DICTIONARYVAR
  5
55F
102
{ACAD_REACTORS
330
3D1
102
}
330
3D1
100
DictionaryVariables
280
     0
  1
2
  0
ENDSEC
  0
SECTION
  2
THUMBNAILIMAGE
 90
    72847
310
1F256D07D43628289D57CA3F9D44102B8B1C01000201470D00005000000002970D0000281C010000000000000000000000000000000000000000000000000000000000000000000000000000000000000000000000000000000000000000000000000000000000000000000000000000000000000000002800000018010000
310
000100000100080000000000001801000100000001000000000100000000000030282166FFFFFF523028215600000050000000730000003200000031000000500000006F0000004F00000032330000466600006699000052CC000056FF00005000330073333300326633003199330050CC33006FFF33003200660018336600
310
006666000099660000CC660000FF66000000990000339900006699000099990000CC990000FF99000000CC000033CC000066CC000099CC0000CCCC0000FFCC000000FF000033FF000066FF000099FF0000CCFF0000FFFF00010000331433003354660033539900336FCC003374FF0033300033333033333372663333709933
310
3370CC333330FF3333010066331233663354666633539966336FCC663374FF66333000993330339933726699337099993331CC993300FF99330000CC330033CC330066CC330099CC3300CCCC3300FFCC330000FF330033FF330066FF330099FF3300CCFF3300FFFF330000006600330066006600660099006600CC006600FF
310
00660000336600333366006633660099336666CC336652FF33665600666650336666736666663299666631CC666650FF66666F0099664F339966336699664699996666CC996652FF99665600CC665033CC667366CC663299CC6631CCCC6650FFCC666F00FF663333FF661866FF660099FF6600CCFF6600FFFF660000009900
310
330099006600990099009900CC009900FF00990000339900333399006633990099339900CC339900FF33990000669900336699006666990099669900CC669900FF66990000999901339999146699995499999953CC99996FFF99997400CC993033CC993066CC997299CC9970CCCC9970FFCC993400FF990133FF991266FF99
310
5499FF9953CCFF996FFFFF99740000CC303300CC306600CC729900CC70CC00CC35FF00CC000033CC003333CC006633CC009933CC00CC33CC00FF33CC000066CC003366CC006666CC009966CC00CC66CC00FF66CC000099CC003399CC006699CC009999CC00CC99CC00FF99CC0000CCCC0033CCCC0066CCCC0099CCCC00CCCC
310
CC66FFCCCC5200FFCC5633FFCC5066FFCC7399FFCC32CCFFCC31FFFFCC500000FF6F3300FF4F6600FF339900FF46CC00FF66FF00FF520033FF563333FF506633FF739933FF32CC33FF31FF33FF500066FF6F3366FF336666FF5A9966FF00CC66FF14FF66FF540099FF533399FF6F6699FF749999FF30CC99FF30FF99FF7200
310
CCFF7033CCFF7066CCFF3799CCFF01CCCCFF12FFCCFF5400FFFF5333FFFF6F66FFFF7499FFFF30CCFFFF30FFFFFF72000000700D0D0D381A1A1A00282828003535356643434352505050565D5D5D506B6B6B73787878328686863193939350A1A1A16FAEAEAE4FBBBBBB33C9C9C946D6D6D666E4E4E452F1F1F156FFFFFF50
310
000000730000003200000031000000500000006F000000330000008C00000000000000F0000000FF00000000F50000F5000000000000000000000000000000000000000000000000000000000000000000000000000000000000000000000000000000000000000000000000000000000000000000000000000000F5F50000
310
0000F5F5F50000F5F500000000000000F5F50000F5F5000000000000000000F5F50000F5F5F500000000F500000000F5F500000000000000F5F500000000000000F500000000F5F50000F5F5000000000000000000F5F50000F5F500000000000000F5F5F50000000000000000000000000000000000000000000000000000
310
000000000000000000000000000000000000000000000000000000000000000000000000000000000000000000000000000000000000F50000F500F5F5F5F500000000000000F50000F50000000000000000000000000000000000000000000000000000000000000000000000000000000000000000000000000000000000
310
00000000000000000000000000000000000000000000F5F500000000F5F5000000F5F500000000000000F5F5000000F5F500000000000000F5F50000F5F50000000000000000000000F5F500000000000000F5F500000000000000000000000000F5F50000F5F500000000000000F5F5000000F5F5000000000000F5F5F5F5
310
0000000000000000000000000000000000000000000000000000000000000000000000000000000000000000000000000000000000000000000000000000000000000000000000000000000000000000F50000F500F5F5F5F500000000000000F50000F5000000000000000000000000000000000000000000000000000000
310
000000000000000000000000000000000000000000000000000000000000000000000000000000000000000000000000F5F5000000F5F500000000F5F500000000000000F5F5000000F5F500000000000000F5F50000F5F50000000000000000000000F5F500000000000000F5F500000000000000000000000000F5F50000
310
F5F500000000000000F5F5000000F5F50000000000F5F500F5F50000000000000000000000000000000000000000000000000000000000000000000000000000000000000000000000000000000000000000000000000000000000000000000000000000000000000000F50000F500F5F5F5F500000000000000F50000F500
310
0000000000000000000000000000000000000000000000000000000000000000000000000000000000000000000000000000000000000000000000000000000000000000000000000000F5F50000F5F50000000000F5F500000000000000F5F500000000F5F5F5F5F5F5F5F5F50000F5F5000000000000000000000000F5F5
310
00000000000000F5F500000000000000000000000000F5F5000000F5F5F5F5F5F5F5F5F500000000F5F50000000000F5F500F5F5000000000000000000000000000000000000000000000000000000000000000000000000000000000000000000000000000000000000000000000000000000000000000000000000000000
310
0000000000F50000F500F5F5F5F500000000000000F50000F5000000000000000000000000000000000000000000000000000000000000000000000000000000000000000000000000000000000000000000000000000000000000000000000000000000F5F500F5F5000000000000F5F500000000000000F5F500000000F5
310
F50000000000F5F50000F5F5000000000000000000000000F5F500000000000000F5F5000000000000000000000000F5F500000000F5F50000000000F5F500000000F5F500000000F5F50000F5F500000000000000000000000000000000000000000000000000000000000000000000000000000000000000000000000000
310
00000000000000000000000000000000000000000000000000000000000000F50000F500F5F5F5F500000000000000F50000F5000000000000000000000000000000000000000000000000000000000000000000000000000000000000000000000000000000000000000000000000000000000000000000000000000000F5
310
F5F5F500000000000000F5F500000000000000F5F500000000F5F50000000000F5F50000F5F5000000000000000000000000F5F500000000000000F5F500000000000000000000F5F5F50000000000F5F50000000000F5F500000000F5F5000000F5F5000000F5F50000000000000000000000000000000000000000000000
310
000000000000000000000000000000000000000000000000000000000000000000000000000000000000000000000000000000000000000000F50000F500F5F5F5F500000000000000F50000F50000000000000000000000000000000000000000000000000000000000000000000000000000000000000000000000000000
310
00000000000000000000000000000000000000000000000000F5F5F5F500000000000000F5F5F5F5F5F5F5F5F5F5F50000000000F5F5000000F5F5000000F5F5000000000000000000000000F5F5F5F5F5F5F5F5F5F5F5000000000000000000F5F5F500000000000000F5F5000000F5F50000000000F5F5000000F5F50000
310
00F5F50000000000000000000000000000000000000000000000000000000000000000000000000000000000000000000000000000000000000000000000000000000000000000000000000000000000000000F50000F500F5F5F5F500000000000000F50000F5000000000000000000000000000000000000000000000000
310
000000000000000000000000000000000000000000000000000000000000000000000000000000000000000000000000000000F5F500F5F5000000000000F5F500000000000000F5F50000000000F5F5000000F5F5000000F5F5000000000000000000000000F5F500000000000000F5F50000000000000000F5F500000000
310
0000000000F5F5000000F5F50000000000F5F50000F5F500000000F5F50000000000000000000000000000000000000000000000000000000000000000000000000000000000000000000000000000000000000000000000000000000000000000000000000000000000000000F50000F500F5F5F5F500000000000000F500
310
00F5000000000000000000000000000000000000000000000000000000000000000000000000000000000000000000000000000000000000000000000000000000000000000000000000000000F5F50000F5F50000000000F5F500000000000000F5F5000000000000F5F500F5F500000000F5F50000000000000000000000
310
00F5F500000000000000F5F500000000000000F5F50000000000000000000000F5F500F5F5000000000000F5F500F5F50000000000F5F5000000000000000000000000000000000000000000000000000000000000000000000000000000000000000000000000000000000000000000000000000000000000000000000000
310
0000000000000000F50000F500F5F5F5F500000000000000F50000F5000000000000000000000000000000000000000000000000000000000000000000000000000000000000000000000000000000000000000000000000000000000000000000000000000000F5F5000000F5F500000000F5F500000000000000F5F50000
310
00000000F5F500F5F50000000000F5F50000000000000000000000F5F500000000000000F5F500000000000000F5F50000000000000000000000F5F500F5F5000000000000F5F500F5F50000000000F5F500000000000000000000000000000000000000000000000000000000000000000000000000000000000000000000
310
00000000000000000000000000000000000000000000000000000000000000000000F50000F500F5F5F5F500000000000000F50000F500000000000000000000000000000000000000000000000000000000000000000000000000000000000000000000000000000000000000000000000000000000000000000000000000
310
0000F5F500000000F5F5000000F5F500000000000000F5F500000000000000F500F5000000000000F5F5F500000000000000000000F5F500000000000000F5F500000000000000F5F5000000000000000000000000F500F500000000000000F5F5F5F5000000000000F5F50000000000000000000000000000000000000000
310
000000000000000000000000000000000000000000000000000000000000000000000000000000000000000000000000000000000000000000000000F50000F500F5F5F5F500000000000000F50000F50000000000000000000000000000000000000000000000000000000000000000000000000000000000000000000000
310
00000000000000000000000000000000000000000000000000000000F5F50000000000F5F50000F5F500000000000000F5F500000000000000F5F5F500000000000000F5F5F500000000F500000000F5F500000000000000F5F50000000000000000F5F5000000F500000000000000F5F5F500000000000000F5F5F5000000
310
00000000F5F50000000000000000000000000000000000000000000000000000000000000000000000000000000000000000000000000000000000000000000000000000000000000000000000000000000000000000F50000F500F5F5F5F500000000000000F50000F5000000000000000000000000000000000000000000
310
000000000000000000000000000000000000000000000000000000000000000000000000000000000000000000000000000000000000F5F50000000000F5F5F500F5F500000000000000F5F500000000000000F5F5F5000000000000000000F5F5F5F5F5F500000000F5F500000000000000F5F5000000000000000000F5F5
310
F5F5F500000000000000F5F5F500000000000000F5F5F500000000000000F5F50000000000000000000000000000000000000000000000000000000000000000000000000000000000000000000000000000000000000000000000000000000000000000000000000000000000000000F50000F500F5F5F5F5000000000000
310
00F50000F50000000000000000000000000000000000000000000000000000000000000000000000000000000000000000000000000000000000000000000000000000000000000000000000000000000000000000000000000000000000000000000000000000000000000000000000000000000000000000000000000000
310
00000000000000000000000000000000000000000000000000000000000000000000000000000000000000000000000000000000000000000000000000000000000000000000000000000000000000000000000000000000000000000000000000000000000000000000000000000000000000000000000000000000000000
310
0000000000000000000000F50000F500F5F5F5F500000000000000F50000F5000000000000000000000000000000000000000000000000000000000000000000000000000000000000000000000000000000000000000000000000000000000000000000000000000000000000000000000000000000000000000000000000
310
0000000000000000F5F5000000000000000000000000000000000000000000000000000000000000000000000000000000000000000000000000000000000000000000000000000000000000000000000000000000000000000000000000000000000000000000000000000000000000000000000000000000000000000000
310
00000000000000000000000000000000000000000000000000000000000000000000000000F50000F500F5F5F5F500000000000000F50000F500000000000000000000000000000000000000000000000000000000000000000000000000000000000000000000000000000000000000000000000000000000000000000000
310
0000000000000000000000000000000000000000000000000000000000000000000000F5F5000000000000000000000000000000000000000000000000000000000000000000000000000000000000000000000000000000000000000000000000000000000000000000000000000000000000000000000000000000000000
310
000000000000000000000000000000000000000000000000000000000000000000000000000000000000000000000000000000000000000000000000000000F50000F500F5F5F5F500000000000000F50000F50000000000000000000000000000000000000000000000000000000000000000000000000000000000000000
310
0000000000000000000000000000000000000000000000000000000000000000000000000000000000000000000000000000000000000000000000000000F5F5000000000000000000000000000000000000000000000000000000000000000000000000000000000000000000000000000000000000000000000000000000
310
0000000000000000000000000000000000000000000000000000000000000000000000000000000000000000000000000000000000000000000000000000000000000000000000000000000000000000000000000000000000F50000F500F5F5F5F500000000000000F50000F5000000000000000000000000000000000000
310
00000000000000000000000000000000000000000000000000000000000000000000000000000000000000000000000000000000000000000000000000000000000000000000000000000000000000000000000000000000000000000000000000000000000000000000000000000000000000000000000000000000000000
310
00000000000000000000000000000000000000000000000000000000000000000000000000000000000000000000000000000000000000000000000000000000000000000000000000000000000000000000000000000000000000000000000000000000000000000000000000000000000000F50000F500F5F5F5F5000000
310
00000000F50000F50000000000000000000000000000000000000000000000000000000000000000000000000000000000000000000000000000000000000000000000000000000000000000000000000000000000000000000000000000000000000000000000000000000000000000000000000000000000000000000000
310
00000000000000000000000000000000000000000000000000000000000000000000000000000000000000000000000000000000000000000000000000000000000000000000000000000000000000000000000000000000000000000000000000000000000000000000000000000000000000000000000000000000000000
310
0000000000000000000000000000F50000F500F5F5F5F500000000000000F50000F5000000000000000000000000000000000000000000000000000000000000000000000000000000000000000000000000000000000000000000000000000000000000000000000000000000000000000000000000000000000000000000
310
00000000000000000000000000000000000000000000000000000000000000000000000000000000000000000000000000000000000000000000000000000000000000000000000000000000000000000000000000000000000000000000000000000000000000000000000000000000000000000000000000000000000000
310
00000000000000000000000000000000000000000000000000000000000000000000000000000000F50000F500F5F5F5F500000000000000F50000F500000000000000000000000000000000000000000000000000000000000000000000000000000000000000000000000000000000000000000000000000000000000000
310
00000000000000000000000000000000000000000000000000000000000000000000000000000000000000000000000000000000000000000000000000000000000000000000000000000000000000000000000000000000000000000000000000000000000000000000000000000000000000000000000000000000000000
310
000000000000000000000000000000000000000000000000000000000000000000000000000000000000000000000000000000000000000000000000000000000000F50000F500F5F5F5F500000000000000F50000F50000000000000000000000000000000000000000000000000000000000000000000000000000000000
310
00000000000000000000000000000000000000000000000000000000000000000000000000000000000000000000000000000000000000000000000000000000000000000000000000000000000000000000000000000000000000000000000000000000000000000000000000000000000000000000000000000000000000
310
0000000000000000000000000000000000000000000000000000000000000000000000000000000000000000000000000000000000000000000000000000000000000000000000000000000000000000000000000000000000000000F50000F500F5F5F5F500000000000000F50000F5000000000000000000000000000000
310
00000000000000000000000000000000000000000000000000000000000000000000000000000000000000000000000000000000000000000000000000000000000000000000000000000000000000000000000000000000000000000000000000000000000000000000000000000000000000000000000000000000000000
310
00000000000000000000000000000000000000000000000000000000000000000000000000000000000000000000000000000000000000000000000000000000000000000000000000000000000000000000000000000000000000000000000000000000000000000000000000000000000000000000F50000F500F5F5F5F5
310
00000000000000F50000F50000000000000000000000000000000000000000000000000000000000000000000000000000000000000000000000000000000000000000000000000000000000000000000000000000000000000000000000000000000000000000000000000000000000000000000000000000000000000000
310
00000000000000000000000000000000000000000000000000000000000000000000000000000000000000000000000000000000000000000000000000000000000000000000000000000000000000000000000000000000000000000000000000000000000000000000000000000000000000000000000000000000000000
310
0000000000000000000000000000000000F50000F500F5F5F5F500000000000000F50000F5000000000000000000000000000000000000000000000000000000000000000000000000000000000000000000000000000000000000000000000000000000000000000000000000000000000000000000000000000000000000
310
00000000000000000000000000000000000000000000000000000000000000000000000000000000000000000000000000000000000000000000000000000000000000000000000000000000000000000000000000000000000000000000000000000000000000000000000000000000000000000000000000000000000000
310
00000000000000000000000000000000000000000000000000000000000000000000000000000000000000F50000F500F5F5F5F500000000000000F50000F500000000000000000000000000000000000000000000000000000000000000000000000000000000000000000000000000000000000000000000000000000000
310
00000000000000000000000000000000000000000000000000000000000000000000000000000000000000000000000000000000000000000000000000000000000000000000000000000000000000000000000000000000000000000000000000000000000000000000000000000000000000000000000000000000000000
310
000000000000000000000000000000000000000000000000000000000000000000000000000000000000000000000000000000000000000000000000000000000000000000F50000F500F5F5F5F500000000000000F50000F50000000000000000000000000000000000000000000000000000000000000000000000000000
310
00000000000000000000000000000000000000000000000000000000000000000000000000000000000000000000000000000000000000000000000000000000000000000000000000000000000000000000000000000000000000000000000000000000000000000000000000000000000000000000000000000000000000
310
0000000000000000000000000000000000000000000000000000000000000000000000000000000000000000000000000000000000000000000000000000000000000000000000000000000000000000000000000000000000000000000000F50000F500F5F5F5F500000000000000F50000F5000000000000000000000000
310
00000000000000000000000000000000000000000000000000000000000000000000000000000000000000000000000000000000000000000000000000000000000000000000000000000000000000000000000000000000000000000000000000000000000000000000000000000000000000000000000000000000000000
310
00000000000000000000000000000000000000000000000000000000000000000000000000000000000000000000000000000000000000000000000000000000000000000000000000000000000000000000000000000000000000000000000000000000000000000000000000000000000000000000000000F50000F500F5
310
F5F5F500000000000000F50000F50000000000000000000000000000000000000000000000000000000000000000000000000000000000000000000000000000000000000000000000000000000000000000000000000000000000000000000000000000000000000000000000000000000000000000000000000000000000
310
00000000000000000000000000000000000000000000000000000000000000000000000000000000000000000000000000000000000000000000000000000000000000000000000000000000000000000000000000000000000000000000000000000000000000000000000000000000000000000000000000000000000000
310
0000000000000000000000000000000000000000F50000F500F5F5F5F500000000000000F50000F5000000000000000000000000000000000000000000000000000000000000000000000000000000000000000000000000000000000000000000000000000000000000000000000000000000000000000000000000000000
310
00000000000000000000000000000000000000000000000000000000000000000000000000000000000000000000000000000000000000000000000000000000000000000000000000000000000000000000000000000000000000000000000000000000000000000000000000000000000000000000000000000000000000
310
00000000000000000000000000000000000000000000000000000000000000000000000000000000000000000000F50000F500F5F5F5F500000000000000F50000F500000000000000000000000000000000000000000000000000000000000000000000000000000000000000000000000000000000000000000000000000
310
00000000000000000000000000000000000000000000000000000000000000000000000000000000000000000000000000000000000000000000000000000000000000000000000000000000000000000000000000000000000000000000000000000000000000000000000000000000000000000000000000000000000000
310
000000000000000000000000000000000000000000000000000000000000000000000000000000000000000000000000000000000000000000000000000000000000000000000000F50000F500F5F5F5F500000000000000F50000F50000000000000000000000000000000000000000000000000000000000000000000000
310
00000000000000000000000000000000000000000000000000000000000000000000000000000000000000000000000000000000000000000000000000000000000000000000000000000000000000000000000000000000000000000000000000000000000000000000000000000000000000000000000000000000000000
310
0000000000000000000000000000000000000000000000000000000000000000000000000000000000000000000000000000000000000000000000000000000000000000000000000000000000000000000000000000000000000000000000000000F50000F500F5F5F5F500000000000000F50000F5000000000000000000
310
00000000000000000000000000000000000000000000000000000000000000000000000000000000000000000000000000000000000000000000000000000000000000000000000000000000000000000000000000000000000000000000000000000000000000000000000000000000000000000000000000000000000000
310
00000000000000000000000000000000000000000000000000000000000000000000000000000000000000000000000000000000000000000000000000000000000000000000000000000000000000000000000000000000000000000000000000000000000000000000000000000000000000000000000000000000F50000
310
F500F5F5F5F500000000000000F50000F50000000000000000000000000000000000000000000000000000000000000000000000000000000000000000000000000000000000000000000000000000000000000000000000000000000000000000000000000000000000000000000000000000000000000000000000000000
310
00000000000000000000000000000000000000000000000000000000000000000000000000000000000000000000000000000000000000000000000000000000000000000000000000000000000000000000000000000000000000000000000000000000000000000000000000000000000000000000000000000000000000
310
0000000000000000000000000000000000000000000000F50000F500F5F5F5F500000000000000F50000F5000000000000000000000000000000000000000000000000000000000000000000000000000000000000000000000000000000000000000000000000000000000000000000000000000000000000000000000000
310
00000000000000000000000000000000000000000000000000000000000000000000000000000000000000000000000000000000000000000000000000000000000000000000000000000000000000000000000000000000000000000000000000000000000000000000000000000000000000000000000000000000000000
310
00000000000000000000000000000000000000000000000000000000000000000000000000000000000000000000000000F50000F500F5F5F5F500000000000000F50000F500000000000000000000000000000000000000000000000000000000000000000000000000000000000000000000000000000000000000000000
310
00000000000000000000000000000000000000000000000000000000000000000000000000000000000000000000000000000000000000000000000000000000000000000000000000000000000000000000000000000000000000000000000000000000000000000000000000000000000000000000000000000000000000
310
000000000000000000000000000000000000000000000000000000000000000000000000000000000000000000000000000000000000000000000000000000000000000000000000000000F50000F500F5F5F5F500000000000000F50000F50000000000000000000000000000000000000000000000000000000000000000
310
00000000000000000000000000000000000000000000000000000000000000000000000000000000000000000000000000000000000000000000000000000000000000000000000000000000000000000000000000000000000000000000000000000000000000000000000000000000000000000000000000000000000000
310
0000000000000000000000000000000000000000000000000000000000000000000000000000000000000000000000000000000000000000000000000000000000000000000000000000000000000000000000000000000000000000000000000000000000F50000F500F5F5F5F500000000000000F50000F5000000000000
310
000000000000F500000000000000000000000000000000F500000000000000000000000000000000000000000000000000000000000000000000000000000000000000000000000000000000000000000000000000000000000000000000000000000000000000000000000000000000000000000000000000000000000000
310
00000000000000000000000000000000000000000000000000000000000000000000000000000000000000000000000000000000000000000000000000000000000000000000000000000000000000000000000000000000000000000000000000000000000000000000000000000000000000000000000000000000000000
310
F50000F500F5F5F5F500000000000000F50000F50000000000F5F5F5000000F5F5F500000000F5000000F500000000F500F500000000000000000000F500F5F5F5F500F5F50000F5F5F500F5F5F5F5000000000000000000000000000000000000000000000000000000000000000000000000000000000000000000000000
310
00000000000000000000000000000000000000000000000000000000000000000000000000000000000000000000000000000000000000000000000000000000000000000000000000000000000000000000000000000000000000000000000000000000000000000000000000000000000000000000000000000000000000
310
0000000000000000000000000000000000000000000000000000F50000F500F5F5F5F500000000000000F50000F50000000000F50000F50000F50000F5000000F500F500F500F500F5F500F5000000F500000000F500F5F5000000F50000F50000F50000F50000000000F50000000000000000000000000000000000000000
310
00000000000000000000000000000000000000000000000000000000000000000000000000000000000000000000000000000000000000000000000000000000000000000000000000000000000000000000000000000000000000000000000000000000000000000000000000000000000000000000000000000000000000
310
00000000000000000000000000000000000000000000000000000000000000000000000000000000000000000000000000000000F50000F500F5F5F5F500000000000000F50000F50000000000F50000F50000F50000F500000000F500F50000F500F5F50000F50000F5F5000000F5F500F500000000F500F50000F50000F5
310
0000000000F500000000000000000000000000000000000000000000000000000000000000000000000000000000000000000000000000000000000000000000000000000000000000000000000000000000000000000000000000000000000000000000000000000000000000000000000000000000000000000000000000
310
000000000000000000000000000000000000000000000000000000000000000000000000000000000000000000000000000000000000000000000000000000000000000000000000000000000000F50000F500F5F5F5F500000000000000F50000F50000000000F50000F50000F50000F500000000F500F50000F5F500F500
310
00F50000F500F50000F500F5F500000000F500F50000F50000F50000000000F50000000000000000000000000000000000000000000000000000000000000000000000000000000000000000000000000000000000000000000000000000000000000000000000000000000000000000000000000000000000000000000000
310
0000000000000000000000000000000000000000000000000000000000000000000000000000000000000000000000000000000000000000000000000000000000000000000000000000000000000000000000000000000000000000000000000000000000000000F50000F500F5F5F5F500000000000000F50000F5000000
310
0000F500F5F50000F50000F500000000F5F5000000F50000F5000000F500F500F50000F500F500F50000F50000F50000F5000000F500000000F5000000000000000000000000000000000000000000000000000000000000000000000000000000000000000000000000000000000000000000000000000000000000000000
310
00000000000000000000000000000000000000000000000000000000000000000000000000000000000000000000000000000000000000000000000000000000000000000000000000000000000000000000000000000000000000000000000000000000000000000000000000000000000000000000000000000000000000
310
000000F50000F500F5F5F5F500000000000000F50000F50000000000F5F500000000000000F5F500000000F5000000F50000000000000000F5F5000000F5F5000000F5F5000000000000F5F5F50000F5F500F5F5F5F50000000000000000000000000000000000000000000000000000000000000000000000000000000000
310
00000000000000000000000000000000000000000000000000000000000000000000000000000000000000000000000000000000000000000000000000000000000000000000000000000000000000000000000000000000000000000000000000000000000000000000000000000000000000000000000000000000000000
310
0000000000000000000000000000000000000000000000000000000000F50000F500F5F5F5F500000000000000F50000F5000000000000000000000000000000F500000000F5000000000000000000000000000000000000000000000000000000000000000000000000000000000000000000000000000000000000000000
310
00000000000000000000000000000000000000000000000000000000000000000000000000000000000000000000000000000000000000000000000000000000000000000000000000000000000000000000000000000000000000000000000000000000000000000000000000000000000000000000000000000000000000
310
00000000000000000000000000000000000000000000000000000000000000000000000000000000000000000000000000000000000000F50000F500F5F5F5F500000000000000F50000F500000000000000000000000000000000000000000000000000000000000000000000000000000000000000000000000000000000
310
00000000000000000000000000000000000000000000000000000000000000000000000000000000000000000000000000000000000000000000000000000000000000000000000000000000000000000000000000000000000000000000000000000000000000000000000000000000000000000000000000000000000000
310
000000000000000000000000000000000000000000000000000000000000000000000000000000000000000000000000000000000000000000000000000000000000000000000000000000000000000000F50000F500F5F5F5F500000000000000F50000F50000000000000000000000000000000000000000000000000000
310
00000000000000000000000000000000000000000000000000000000000000000000000000000000000000000000000000000000000000000000000000000000000000000000000000000000000000000000000000000000000000000000000000000000000000000000000000000000000000000000000000000000000000
310
0000000000000000000000000000000000000000000000000000000000000000000000000000000000000000000000000000000000000000000000000000000000000000000000000000000000000000000000000000000000000000000000000000000000000000000000F50000F500F5F5F5F500000000000000F50000F5
310
00000000000000000000000000000000000000000000000000000000000000000000000000000000000000000000000000000000000000000000000000000000000000000000000000000000000000000000000000000000000000000000000000000000000000000000000000000000000000000000000000000000000000
310
00000000000000000000000000000000000000000000000000000000000000000000000000000000000000000000000000000000000000000000000000000000000000000000000000000000000000000000000000000000000000000000000000000000000000000000000000000000000000000000000000000000000000
310
000000000000F50000F500F5F5F5F500000000000000F50000F50000000000000000000000000000000000000000000000000000000000000000000000000000000000000000000000000000000000000000000000000000000000000000000000000000000000000000000000000000000000000000000000000000000000
310
00000000000000000000000000000000000000000000000000000000000000000000000000000000000000000000000000000000000000000000000000000000000000000000000000000000000000000000000000000000000000000000000000000000000000000000000000000000000000000000000000000000000000
310
0000000000000000000000000000000000000000000000000000000000000000F50000F500F5F5F5F500000000000000F50000F5F5F5F5F5F5F5F5F5F5F5F5F5F5F5F5F5F5F5F5F5F5F5F5F5F5F5F5F5F5F5F5F5F5F5F5F5F5F5F5F5F5F5F5F5F5F5F5F5F5F5F5F5F5F5F5F5F5F5F5F5F5F5F5F5F5F5F5F5F5F5F5F5F5F5F5
310
F5F5F5F5F5F5F5F5F5F5F5F5F5F5F5F5F5F5F5F5F5F5F5F5F5F5F5F5F5F5F5F5F5F5F5F5F5F5F5F5F5F5F5F5F5F5F5F5F5F5F5F5F5F5F5F5F5F5F5F5F5F5F5F5F5F5F5F5F5F5F5F5F5F5F5F5F5F5F5F5F5F5F5F5F5F5F5F5F5F5F5F5F5F5F5F5F5F5F5F5F5F5F5F5F5F5F5F5F5F5F5F5F5F5F5F5F5F5F5F5F5F5F5F5F5F5F5
310
F5F5F5F5F5F5F5F5F5F5F5F5F5F5F5F5F5F5F5F5F5F5F5F5F5F5F5F5F5F5F5F5F5F5F5F5F5F5F5F5F5F5F5F5F5F5F5F5F5F5F5F5F5F5F5F5F5F5F50000F500F5F5F5F500000000000000F500000000000000000000000000000000000000000000000000000000000000000000000000000000000000000000000000000000
310
00000000000000000000000000000000000000000000000000000000000000000000000000000000000000000000000000000000000000000000000000000000000000000000000000000000000000000000000000000000000000000000000000000000000000000000000000000000000000000000000000000000000000
310
000000000000000000000000000000000000000000000000000000000000000000000000000000000000000000000000000000000000000000000000000000000000000000000000000000000000000000000000000000F500F5F5F5F500000000000000F50000000000000000000000000000000000000000000000000000
310
00000000000000000000000000000000000000000000000000000000000000000000000000000000000000000000000000000000000000000000000000000000000000000000000000000000000000000000000000000000000000000000000000000000000000000000000000000000000000000000000000000000000000
310
0000000000000000000000000000000000000000000000000000000000000000000000000000000000000000000000000000000000000000000000000000000000000000000000000000000000000000000000000000000000000000000000000000000000000000000000000000000000F500F5F5F5F500000000000000F5
310
F5F5F5F5F5F5F5F5F5F5F5F5F5F5F5F5F5F5F5F5F5F5F5F5F5F5F5F5F5F5F5F5F5F5F5F5F5F5F5F5F5F5F5F5F5F5F5F5F5F5F5F5F5F5F5F5F5F5F5F5F5F5F5F5F5F5F5F5F5F5F5F5F5F5F5F5F5F5F5F5F5F5F5F5F5F5F5F5F5F5F5F5F5F5F5F5F5F5F5F5F5F5F5F5F5F5F5F5F5F5F5F5F5F5F5F5F5F5F5F5F5F5F5F5F5F5F5
310
F5F5F5F5F5F5F5F5F5F5F5F5F5F5F5F5F5F5F5F5F5F5F5F5F5F5F5F5F5F5F5F5F5F5F5F5F5F5F5F5F5F5F5F5F5F5F5F5F5F5F5F5F5F5F5F5F5F5F5F5F5F5F5F5F5F5F5F5F5F5F5F5F5F5F5F5F5F5F5F5F5F5F5F5F5F5F5F5F5F5F5F5F5F5F5F5F5F5F5F5F5F5F5F5F5F5F5F5F5F5F5F5F5F5F5F5F5F5F5F5F5F5F5F5F5F5F5
310
F5F5F5F5F5F5F5F5F5F5F5F5F500F5F5F5F500000000000000000000000000000000000000000000000000000000000000000000000000000000000000000000000000000000000000000000000000000000000000000000000000000000000000000000000000000000000000000000000000000000000000000000000000
310
00000000000000000000000000000000000000000000000000000000000000000000000000000000000000000000000000000000000000000000000000000000000000000000000000000000000000000000000000000000000000000000000000000000000000000000000000000000000000000000000000000000000000
310
00000000000000000000000000000000000000000000000000000000000000000000000000000000F5F5F5F50000000000000000000000000000000000000000000000000000000000000000000000000000000000000000000000000000000000000000000000000000000000000000000000000000000000000000000000
310
00000000000000000000000000000000000000000000000000000000000000000000000000000000000000000000000000000000000000000000000000000000000000000000000000000000000000000000000000000000000000000000000000000000000000000000000000000000000000000000000000000000000000
310
000000000000000000000000000000000000000000000000000000000000000000000000000000000000000000000000000000000000000000000000000000000000F5F5F5F5000000000000000000000000000000000000000000000000000000000000000000000000000000000000000000000000000000000000000000
310
00000000000000000000000000000000000000000000000000000000000000000000000000000000000000000000000000000000000000000000000000000000000000000000000000000000000000000000000000000000000000000000000000000000000000000000000000000000000000000000000000000000000000
310
0000000000000000000000000000000000000000000000000000000000000000000000000000000000000000000000000000000000000000000000000000000000000000000000000000000000000000000000000000000000000000F5F5F5F500000000000000000000000000000000000000000000000000000000000000
310
00000000000000000000000000000000000000000000000000000000000000000000000000000000000000000000000000000000000000000000000000000000000000000000000000000000000000000000000000000000000000000000000000000000000000000000000000000000000000000000000000000000000000
310
00000000000000000000000000000000000000000000000000000000000000000000000000000000000000000000000000000000000000000000000000000000000000000000000000000000000000000000000000000000000000000000000000000000000000000000000000000000000000000000F5F5F5F50000000000
310
0000F5F5F5F5F5F5F5F5F5F5F5F5F5F5F5F5F5F5F5F5F5F5F5F5F5F5F5F5F5F5F5F5F5F5F5F5F5F5F5F5F5F5F5F5F5F5F5F5F5F5F5F5F5F5F5F5F5F5F5F5F5F5F5F5F5F5F5F5F5F5F5F5F5F5F5F5F5F5F5F5F5F5F5F5F5F5F5F5F5F5F5F5F5F5F5F5F5F5F5F5F5F5F5F5F5F5F5F5F5F5F5F5F5F5F5F5F5F5F5F5F5F5F5F5F5
310
F5F5F5F5F5F5F5F5F5F5F5F5F5F5F5F5F5F5F5F5F5F5F5F5F5F5F5F5F5F5F5F5F5F5F5F5F5F5F5F5F5F5F5F5F5F5F5F5F5F5F5F5F5F5F5F5F5F5F5F5F5F5F5F5F5F5F5F5F5F5F5F5F5F5F5F5F5F5F5F5F5F5F5F5F5F5F5F5F5F5F5F5F5F5F5F5F5F5F5F5F5F5F5F5F5F5F5F5F5F5F5F5F5F5F5F5F5F5F5F5F5F5F5F5F5F5F5
310
F5F5F5F5F5F5F5F5F5F5F5F5F5F5F5F500F5F5F5F500000000000000F50000000000000000000000000000000000000000000000000000000000000000000000000000000000000000000000000000000000000000000000000000000000000000000000000000000000000000000000000000000000000000000000000000
310
00000000000000000000000000000000000000000000000000000000000000000000000000000000000000000000000000000000000000000000000000000000000000000000000000000000000000000000000000000000000000000000000000000000000000000000000000000000000000000000000000000000000000
310
0000000000000000000000000000000000000000000000000000000000000000000000000000000000F500F5F5F5F500000000000000F5000000000000000000000000000000000000000000000000000000000000000000000000000000000000000000000000000000000000000000000000000000000000000000000000
310
00000000000000000000000000000000000000000000000000000000000000000000000000000000000000000000000000000000000000000000000000000000000000000000000000000000000000000000000000000000000000000000000000000000000000000000000000000000000000000000000000000000000000
310
00000000000000000000000000000000000000000000000000000000000000000000000000000000000000000000000000000000000000000000000000000000000000F500F5F5F5F500000000000000F50000F5F5F5F5F5F5F5F5F5F5F5F5F5F5F5F5F5F5F5F5F5F5F5F5F5F5F5F5F5F5F5F5F5F5F5F5F5F5F5F5F5F5F5F5
310
F5F5F5F5F5F5F5F5F5F5F5F5F5F5F5F5F5F5F5F5F5F5F5F5F5F5F5F5F5F5F5F5F5F5F5F5F5F5F5F5F5F5F5F5F5F5F5F5F5F5F5F5F5F5F5F5F5F5F5F5F5F5F5F5F5F5F5F5F5F5F5F5F5F5F5F5F5F5F5F5F5F5F5F5F5F5F5F5F5F5F5F5F5F5F5F5F5F5F5F5F5F5F5F5F5F5F5F5F5F5F5F5F5F5F5F5F5F5F5F5F5F5F5F5F5F5F5
310
F5F5F5F5F5F5F5F5F5F5F5F5F5F5F5F5F5F5F5F5F5F5F5F5F5F5F5F5F5F5F5F5F5F5F5F5F5F5F5F5F5F5F5F5F5F5F5F5F5F5F5F5F5F5F5F5F5F5F5F5F5F5F5F5F5F5F5F5F5F5F5F5F5F5F5F5F5F5F5F5F5F5F5F5F5F5F5F5F5F5F50000F500F5F5F5F500000000000000F50000F50000000000000000000000000000000000
310
00000000000000000000000000000000000000000000000000000000000000000000000000000000000000000000000000000000000000000000000000000000000000000000000000000000000000000000000000000000000000000000000000000000000000000000000000000000000000000000000000000000000000
310
0000000000000000000000000000000000000000000000000000000000000000000000000000000000000000000000000000000000000000000000000000000000000000000000000000000000000000000000000000000000000000000000000000000000000000000000000000000000000000F50000F500F5F5F5F50000
310
0000000000F50000F500000000000000000000000000000000000000000000000000000000000000000000000000000000000000000000000000000000000000000000000000000000000000000000000000000000000000000000000000000000000000000000000000000000000000000000000000000000000000000000
310
00000000000000000000000000000000000000000000000000000000000000000000000000000000000000000000000000000000000000000000000000000000000000000000000000000000000000000000000000000000000000000000000000000000000000000000000000000000000000000000000000000000000000
310
000000000000000000000000000000F50000F500F5F5F5F500000000000000F50000F50000000000000000000000000000000000000000000000000000000000000000000000000000000000000000000000000000000000000000000000000000000000000000000000000000000000000000000000000000000000000000
310
00000000000000000000000000000000000000000000000000000000000000000000000000000000000000000000000000000000000000000000000000000000000000000000000000000000000000000000000000000000000000000000000000000000000000000000000000000000000000000000000000000000000000
310
0000000000000000000000000000000000000000000000000000000000000000000000000000000000F50000F500F5F5F5F500000000000000F50000F5000000000000000000000000000000000000000000000000000000000000000000000000000000000000000000000000000000000000000000000000000000000000
310
00000000000000000000000000000000000000000000000000000000000000000000000000000000000000000000000000000000000000000000000000000000000000000000000000000000000000000000000000000000000000000000000000000000000000000000000000000000000000000000000000000000000000
310
00000000000000000000000000000000000000000000000000000000000000000000000000000000000000000000000000000000000000000000000000000000000000F50000F500F5F5F5F500000000000000F50000F500000000000000000000000000000000000000000000000000000000000000000000000000000000
310
000000F5000000F5F500000000000000000000000000000000000000000000000000000000000000000000000000000000000000000000000000000000000000000000000000000000000000000000000000000000000000000000000000000000000000000000000000000000000000000000000000000000000000000000
310
000000000000000000000000000000000000000000000000000000000000000000000000000000000000000000000000000000000000000000000000000000000000000000000000000000000000000000000000000000000000000000F50000F500F5F5F5F500000000000000F50000F500000000F5F5F50000F5F5F5F500
310
0000000000000000000000F50000F5F5F5F50000000000F50000F5F5F5F5000000F500F500000000F500F5F5F500000000F500F5F5F5000000F5000000F5F500F500F500F5F500F500F5F500F50000000000000000000000000000000000000000000000000000000000000000000000000000000000000000000000000000
310
0000000000000000000000000000000000000000000000000000000000000000000000000000000000000000000000000000000000000000000000000000000000000000000000000000000000000000000000000000000000000000000000000000000000000000000000000000000000000000000000F50000F500F5F5F5
310
F500000000000000F50000F500000000000000F5F5000000F50000000000F5000000F50000F500F5000000F50000F500F5F50000F50000F5000000F500F50000F500F5F50000F50000F500F5F5F5F5000000000000000000000000000000000000000000000000000000000000000000000000000000000000000000000000
310
00000000000000000000000000000000000000000000000000000000000000000000000000000000000000000000000000000000000000000000000000000000000000000000000000000000000000000000000000000000000000000000000000000000000000000000000000000000000000000000000000000000000000
310
000000000000000000000000000000000000F50000F500F5F5F5F500000000000000F50000F5000000000000F500F500000000F500000000F5F50000F5F5F5F500F500000000F500F500F5F50000F5000000F50000F500F50000F500F5F50000F50000F500F5F50000F5000000000000000000000000000000000000000000
310
00000000000000000000000000000000000000000000000000000000000000000000000000000000000000000000000000000000000000000000000000000000000000000000000000000000000000000000000000000000000000000000000000000000000000000000000000000000000000000000000000000000000000
310
0000000000000000000000000000000000000000000000000000000000000000000000000000000000000000F50000F500F5F5F5F500000000000000F50000F50000000000F50000F500000000F500000000F500F500F50000F500F500000000F500F5F500F50000F5000000F50000F5F5F50000F5F5F500F5F5F50000F5F5
310
F500F5F5F5000000F500000000000000000000000000000000000000000000000000000000000000000000000000000000000000000000000000000000000000000000000000000000000000000000000000000000000000000000000000000000000000000000000000000000000000000000000000000000000000000000
310
00000000000000000000000000000000000000000000000000000000000000000000000000000000000000000000000000000000000000000000000000000000000000000000F50000F500F5F5F5F500000000000000F50000F500000000F500000000F50000F50000000000F500F500F50000F50000F50000F50000F50000
310
F50000F500000000F5000000000000F5000000000000000000000000000000000000000000000000000000000000000000000000000000000000000000000000000000000000000000000000000000000000000000000000000000000000000000000000000000000000000000000000000000000000000000000000000000
310
000000000000000000000000000000000000000000000000000000000000000000000000000000000000000000000000000000000000000000000000000000000000000000000000000000000000000000000000000000000000000000000000F50000F500F5F5F5F500000000000000F50000F50000000000F5F5000000F5
310
F5000000000000F5F50000000000F5000000F5F5000000F50000000000F5F5F50000000000000000000000000000000000000000000000000000000000000000000000000000000000000000000000000000000000000000000000000000000000000000000000000000000000000000000000000000000000000000000000
310
0000000000000000000000000000000000000000000000000000000000000000000000000000000000000000000000000000000000000000000000000000000000000000000000000000000000000000000000000000000000000000000000000000000000000000000000000000000000000000000000000000F50000F500
310
F5F5F5F500000000000000F50000F50000000000000000000000F5F5000000000000000000000000000000000000000000000000000000000000000000000000000000000000000000000000000000000000000000000000000000000000000000000000000000000000000000000000000000000000000000000000000000
310
00000000000000000000000000000000000000000000000000000000000000000000000000000000000000000000000000000000000000000000000000000000000000000000000000000000000000000000000000000000000000000000000000000000000000000000000000000000000000000000000000000000000000
310
000000000000000000000000000000000000000000F50000F500F5F5F5F500000000000000F50000F50000000000000000000000000000000000000000000000000000000000000000000000000000000000000000000000000000000000000000000000000000000000000000000000000000000000000000000000000000
310
00000000000000000000000000000000000000000000000000000000000000000000000000000000000000000000000000000000000000000000000000000000000000000000000000000000000000000000000000000000000000000000000000000000000000000000000000000000000000000000000000000000000000
310
0000000000000000000000000000000000000000000000000000000000000000000000000000000000000000000000F50000F500F5F5F5F500000000000000F50000F5000000000000000000000000000000000000000000000000000000000000000000000000000000000000000000000000000000000000000000000000
310
00000000000000000000000000000000000000000000000000000000000000000000000000000000000000000000000000000000000000000000000000000000000000000000000000000000000000000000000000000000000000000000000000000000000000000000000000000000000000000000000000000000000000
310
00000000000000000000000000000000000000000000000000000000000000000000000000000000000000000000000000000000000000000000000000000000000000000000000000F50000F500F5F5F5F500000000000000F50000F500000000000000000000000000000000000000000000000000000000000000000000
310
00000000000000000000000000000000000000000000000000000000000000000000000000000000000000000000000000000000000000000000000000000000000000000000000000000000000000000000000000000000000000000000000000000000000000000000000000000000000000000000000000000000000000
310
000000000000000000000000000000000000000000000000000000000000000000000000000000000000000000000000000000000000000000000000000000000000000000000000000000000000000000000000000000000000000000000000000000F50000F500F5F5F5F500000000000000F50000F50000000000000000
310
000000F50000000000000000000000000000000000000000F5000000000000000000000000000000000000000000000000000000000000000000000000000000000000000000000000000000000000000000000000000000000000000000000000000000000000000000000000000000000000000000000000000000000000
310
0000000000000000000000000000000000000000000000000000000000000000000000000000000000000000000000000000000000000000000000000000000000000000000000000000000000000000000000000000000000000000000000000000000000000000000000000000000000000000000000000000000000F500
310
00F500F5F5F5F500000000000000F50000F50000000000F5F5F5000000F5F5000000F5000000F5F5F5F500000000F5000000F50000F5F5F5F500F5F5F50000F5F5F5000000F5000000F500F5F500F500F500F5F500F500F5F50000000000000000000000000000000000000000000000000000000000000000000000000000
310
00000000000000000000000000000000000000000000000000000000000000000000000000000000000000000000000000000000000000000000000000000000000000000000000000000000000000000000000000000000000000000000000000000000000000000000000000000000000000000000000000000000000000
310
000000000000000000000000000000000000000000000000F50000F500F5F5F5F500000000000000F50000F500000000F5000000F50000F5F500F500F50000F50000000000F50000F50000F5F50000F5F5F5F5F50000F500F50000F50000000000000000000000000000000000000000000000000000000000000000000000
310
00000000000000000000000000000000000000000000000000000000000000000000000000000000000000000000000000000000000000000000000000000000000000000000000000000000000000000000000000000000000000000000000000000000000000000000000000000000000000000000000000000000000000
310
0000000000000000000000000000000000000000000000000000000000000000000000000000000000000000000000000000F50000F500F5F5F5F500000000000000F50000F500000000F5F5F500F50000F500F500F5000000F50000000000F5F5F5F50000F500F500000000F5F50000F500F50000F5000000000000000000
310
00000000000000000000000000000000000000000000000000000000000000000000000000000000000000000000000000000000000000000000000000000000000000000000000000000000000000000000000000000000000000000000000000000000000000000000000000000000000000000000000000000000000000
310
00000000000000000000000000000000000000000000000000000000000000000000000000000000000000000000000000000000000000000000000000000000000000000000000000000000F50000F500F5F5F5F500000000000000F50000F500000000F5000000F50000F500F500F5000000F50000000000F50000F50000
310
F500F50000F5F50000F5F5F50000F5F5F5000000F500000000000000000000000000000000000000000000000000000000000000000000000000000000000000000000000000000000000000000000000000000000000000000000000000000000000000000000000000000000000000000000000000000000000000000000
310
000000000000000000000000000000000000000000000000000000000000000000000000000000000000000000000000000000000000000000000000000000000000000000000000000000000000000000000000000000000000000000000000000000000000F50000F500F5F5F5F500000000000000F50000F500000000F5
310
0000F5F50000F500F5F50000000000F500000000F50000F50000F50000F500000000000000F500000000F5000000000000000000000000000000000000000000000000000000000000000000000000000000000000000000000000000000000000000000000000000000000000000000000000000000000000000000000000
310
00000000000000000000000000000000000000000000000000000000000000000000000000000000000000000000000000000000000000000000000000000000000000000000000000000000000000000000000000000000000000000000000000000000000000000000000000000000000000000000000000000000000000
310
00F50000F500F5F5F5F500000000000000F50000F50000000000F5F500000000000000F5000000000000F5F50000000000F50000F500000000000000000000F500000000F500000000000000000000000000000000000000000000000000000000000000000000000000000000000000000000000000000000000000000000
310
00000000000000000000000000000000000000000000000000000000000000000000000000000000000000000000000000000000000000000000000000000000000000000000000000000000000000000000000000000000000000000000000000000000000000000000000000000000000000000000000000000000000000
310
000000000000000000000000000000000000000000000000000000F50000F500F5F5F5F500000000000000F50000F500000000000000000000000000000000000000000000000000000000000000F5000000000000000000000000000000000000000000000000000000000000000000000000000000000000000000000000
310
00000000000000000000000000000000000000000000000000000000000000000000000000000000000000000000000000000000000000000000000000000000000000000000000000000000000000000000000000000000000000000000000000000000000000000000000000000000000000000000000000000000000000
310
0000000000000000000000000000000000000000000000000000000000000000000000000000000000000000000000000000000000F50000F500F5F5F5F500000000000000F50000F5000000000000000000000000000000000000000000000000000000000000000000000000000000000000000000000000000000000000
310
00000000000000000000000000000000000000000000000000000000000000000000000000000000000000000000000000000000000000000000000000000000000000000000000000000000000000000000000000000000000000000000000000000000000000000000000000000000000000000000000000000000000000
310
00000000000000000000000000000000000000000000000000000000000000000000000000000000000000000000000000000000000000000000000000000000000000000000000000000000000000F50000F500F5F5F5F500000000000000F50000F500000000000000000000000000000000000000000000000000000000
310
00000000000000000000000000000000000000000000000000000000000000000000000000000000000000000000000000000000000000000000000000000000000000000000000000000000000000000000000000000000000000000000000000000000000000000000000000000000000000000000000000000000000000
310
000000000000000000000000000000000000000000000000000000000000000000000000000000000000000000000000000000000000000000000000000000000000000000000000000000000000000000000000000000000000000000000000000000000000000000F50000F500F5F5F5F500000000000000F50000F50000
310
00000000000000000000000000000000000000000000000000000000000000000000000000000000000000000000000000000000000000000000000000000000000000000000000000000000000000000000000000000000000000000000000000000000000000000000000000000000000000000000000000000000000000
310
00000000000000000000000000000000000000000000000000000000000000000000000000000000000000000000000000000000000000000000000000000000000000000000000000000000000000000000000000000000000000000000000000000000000000000000000000000000000000000000000000000000000000
310
00000000F50000F500F5F5F5F500000000000000F50000F500000000000000000000000000000000000000000000000000000000000000000000000000000000000000000000000000000000000000000000000000000000000000000000000000000000000000000000000000000000000000000000000000000000000000
310
00000000000000000000000000000000000000000000000000000000000000000000000000000000000000000000000000000000000000000000000000000000000000000000000000000000000000000000000000000000000000000000000000000000000000000000000000000000000000000000000000000000000000
310
000000000000000000000000000000000000000000000000000000000000F50000F500F5F5F5F500000000000000F50000F50000000000000000000000000000000000000000000000000000000000000000000000000000000000000000000000000000000000000000000000000000000000000000000000000000000000
310
00000000000000000000000000000000000000000000000000000000000000000000000000000000000000000000000000000000000000000000000000000000000000000000000000000000000000000000000000000000000000000000000000000000000000000000000000000000000000000000000000000000000000
310
0000000000000000000000000000000000000000000000000000000000000000000000000000000000000000000000000000000000000000F50000F500F5F5F5F500000000000000F50000F5000000000000000000000000000000000000000000000000000000000000000000000000000000000000000000000000000000
310
00000000000000000000000000000000000000000000000000000000000000000000000000000000000000000000000000000000000000000000000000000000000000000000000000000000000000000000000000000000000000000000000000000000000000000000000000000000000000000000000000000000000000
310
00000000000000000000000000000000000000000000000000000000000000000000000000000000000000000000000000000000000000000000000000000000000000000000000000000000000000000000F50000F500F5F5F5F500000000000000F50000F500000000000000000000000000000000000000000000000000
310
00000000000000000000000000000000000000000000000000000000000000000000000000000000000000000000000000000000000000000000000000000000000000000000000000000000000000000000000000000000000000000000000000000000000000000000000000000000000000000000000000000000000000
310
000000000000000000000000000000000000000000000000000000000000000000000000000000000000000000000000000000000000000000000000000000000000000000000000000000000000000000000000000000000000000000000000000000000000000000000000F50000F500F5F5F5F500000000000000F50000
310
F5000000000000000000000000000000000000000000000000000000000000000000000000000000000000000000000000000000000000000000000000000000000000000000000000000000000000000000000000000000000000000000000000000000000000000000000000000000000000000000000000000000000000
310
00000000000000000000000000000000000000000000000000000000000000000000000000000000000000000000000000000000000000000000000000000000000000000000000000000000000000000000000000000000000000000000000000000000000000000000000000000000000000000000000000000000000000
310
00000000000000F50000F500F5F5F5F500000000000000F50000F500000000000000000000000000000000000000000000000000000000000000000000000000000000000000000000000000000000000000000000000000000000000000000000000000000000000000000000000000000000000000000000000000000000
310
00000000000000000000000000000000000000000000000000000000000000000000000000000000000000000000000000000000000000000000000000000000000000000000000000000000000000000000000000000000000000000000000000000000000000000000000000000000000000000000000000000000000000
310
000000000000000000000000000000000000000000000000000000000000000000F50000F500F5F5F5F500000000000000F50000F50000000000000000000000000000000000000000000000000000000000000000000000000000000000000000000000000000000000000000000000000000000000000000000000000000
310
00000000000000000000000000000000000000000000000000000000000000000000000000000000000000000000000000000000000000000000000000000000000000000000000000000000000000000000000000000000000000000000000000000000000000000000000000000000000000000000000000000000000000
310
0000000000000000000000000000000000000000000000000000000000000000000000000000000000000000000000000000000000000000000000F50000F500F5F5F5F500000000000000F50000F5000000000000000000000000000000000000000000000000000000000000000000000000000000000000000000000000
310
00000000000000000000000000000000000000000000000000000000000000000000000000000000000000000000000000000000000000000000000000000000000000000000000000000000000000000000000000000000000000000000000000000000000000000000000000000000000000000000000000000000000000
310
00000000000000000000000000000000000000000000000000000000000000000000000000000000000000000000000000000000000000000000000000000000000000000000000000000000000000000000000000F50000F500F5F5F5F500000000000000F50000F500000000000000000000000000000000000000000000
310
00000000000000000000000000000000000000000000000000000000000000000000000000000000000000000000000000000000000000000000000000000000000000000000000000000000000000000000000000000000000000000000000000000000000000000000000000000000000000000000000000000000000000
310
000000000000000000000000000000000000000000000000000000000000000000000000000000000000000000000000000000000000000000000000000000000000000000000000000000000000000000000000000000000000000000000000000000000000000000000000000000F50000F500F5F5F5F500000000000000
310
F50000F5000000000000000000000000000000000000000000000000000000000000000000000000000000000000000000000000000000000000000000000000000000000000000000000000000000000000000000000000000000000000000000000000000000000000000000000000000000000000000000000000000000
310
00000000000000000000000000000000000000000000000000000000000000000000000000000000000000000000000000000000000000000000000000000000000000000000000000000000000000000000000000000000000000000000000000000000000000000000000000000000000000000000000000000000000000
310
00000000000000000000F50000F500F5F5F5F500000000000000F50000F500000000000000000000000000000000000000000000000000000000000000000000000000000000000000000000000000000000000000000000000000000000000000000000000000000000000000000000000000000000000000000000000000
310
00000000000000000000000000000000000000000000000000000000000000000000000000000000000000000000000000000000000000000000000000000000000000000000000000000000000000000000000000000000000000000000000000000000000000000000000000000000000000000000000000000000000000
310
000000000000000000000000000000000000000000000000000000000000000000000000F50000F500F5F5F5F500000000000000F50000F50000000000000000000000000000000000000000000000000000000000000000000000000000000000000000000000000000000000000000000000000000000000000000000000
310
00000000000000000000000000000000000000000000000000000000000000000000000000000000000000000000000000000000000000000000000000000000000000000000000000000000000000000000000000000000000000000000000000000000000000000000000000000000000000000000000000000000000000
310
0000000000000000000000000000000000000000000000000000000000000000000000000000000000000000000000000000000000000000000000000000F50000F500F5F5F5F500000000000000F50000F5000000000000000000000000000000000000000000000000000000000000000000000000000000000000000000
310
00000000000000000000000000000000000000000000000000000000000000000000000000000000000000000000000000000000000000000000000000000000000000000000000000000000000000000000000000000000000000000000000000000000000000000000000000000000000000000000000000000000000000
310
00000000000000000000000000000000000000000000000000000000000000000000000000000000000000000000000000000000000000000000000000000000000000000000000000000000000000000000000000000000F50000F500F5F5F5F500000000000000F50000F500000000000000000000000000000000000000
310
00000000000000000000000000000000000000000000000000000000000000000000000000000000000000000000000000000000000000000000000000000000000000000000000000000000000000000000000000000000000000000000000000000000000000000000000000000000000000000000000000000000000000
310
F50000000000000000000000000000000000000000000000000000000000000000000000000000000000000000000000000000000000000000000000000000000000000000000000000000000000000000000000000000000000000000000000000000000000000000000000000000000000F50000F500F5F5F5F500000000
310
000000F50000F5000000000000000000000000000000000000000000000000000000000000000000000000000000000000000000000000000000000000000000000000000000000000000000000000000000000000000000000000000000000000000000000000000000000000000000000000000000000000000000000000
310
0000000000000000000000000000000000000000000000000000F500000000000000000000000000000000000000000000000000000000000000000000000000000000000000000000000000000000000000000000000000000000000000000000000000000000000000000000000000000000000000000000000000000000
310
00000000000000000000000000F50000F500F5F5F5F500000000000000F50000F500000000000000000000000000000000000000000000000000000000000000000000000000000000000000000000000000000000000000000000000000000000000000000000000000000000000000000000000000000000000000000000
310
00000000000000000000000000000000000000000000000000000000000000000000000000000000000000000000000000000000000000000000000000000000000000000000000000000000000000000000000000000000000000000000000000000000000000000000000000000000000000000000000000000000000000
310
000000000000000000000000000000000000000000000000000000000000000000000000000000F50000F500F5F5F5F500000000000000F50000F50000000000000000000000000000000000000000000000000000000000000000000000000000000000000000000000000000000000000000000000000000000000000000
310
0000000000000000000000000000000000000000000000000000000000000000000000F5000000000000F50000F50000000000000000F5000000000000F5000000000000F5F5000000000000F5F5F5F50000000000F50000000000000000000000000000000000000000000000000000000000000000000000000000000000
310
0000000000000000000000000000000000000000000000000000000000000000000000000000000000000000000000000000000000000000000000000000000000F50000F500F5F5F5F500000000000000F50000F5000000000000000000000000000000000000000000000000000000000000000000000000000000000000
310
00000000000000000000000000000000000000000000000000000000000000000000000000000000000000000000000000000000000000000000000000F5000000000000F50000F5F5000000000000F5F5000000000000F5000000000000F5F500000000F5F500000000F5F5000000F5000000000000000000000000000000
310
00000000000000000000000000000000000000000000000000000000000000000000000000000000000000000000000000000000000000000000000000000000000000000000000000000000000000000000000000000000000000F50000F500F5F5F5F500000000000000F50000F500000000000000000000000000000000
310
000000000000000000000000000000000000000000000000000000000000000000000000000000000000000000000000000000000000000000000000000000000000000000000000000000000000000000000000000000F5000000000000F5000000F5000000000000F500000000000000F50000000000F500F500000000F5
310
000000000000F5000000F500000000000000000000000000000000000000000000000000000000000000000000000000000000000000000000000000000000000000000000000000000000000000000000000000000000000000000000000000000000000000000000000000000000000000000000F50000F500F5F5F5F500
310
000000000000F50000F500000000000000000000000000000000000000000000000000000000000000000000000000000000000000000000000000000000000000000000000000000000000000000000000000000000000000000000000000000000000000000000000000000000000000F5000000000000F5000000F5F5F5
310
F5F5F5F5F500000000000000F500000000F5F500F5000000F50000000000000000F50000F5000000000000000000000000000000000000000000000000000000000000000000000000000000000000000000000000000000000000000000000000000000000000000000000000000000000000000000000000000000000000
310
00000000000000000000000000000000F50000F500F5F5F5F500000000000000F50000F500000000000000000000000000000000000000000000000000000000000000000000000000000000000000000000000000000000000000000000000000000000000000000000000000000000000000000000000000000000000000
310
000000000000000000000000F5000000000000F500000000F500000000F50000000000000000F5000000F5F50000F5000000F50000000000000000F50000F500000000000000000000000000000000000000000000000000000000000000000000000000000000000000000000000000000000000000000000000000000000
310
000000000000000000000000000000000000000000000000000000000000000000000000000000000000F50000F500F5F5F5F500000000000000F50000F50000000000000000000000000000000000000000000000000000000000000000000000000000000000000000000000000000000000000000000000000000000000
310
0000000000000000000000000000000000000000000000000000000000000000000000000000F5F5F5F5F5F5F5F500000000F5000000F5F50000000000000000F5000000F5000000F5000000F50000000000000000F50000F50000000000000000000000000000000000000000000000000000000000000000000000000000
310
0000000000000000000000000000000000000000000000000000000000000000000000000000000000000000000000000000000000000000000000000000000000000000F50000F500F5F5F5F500000000000000F50000F5000000000000000000000000000000000000000000000000000000000000000000000000000000
310
00000000000000000000000000000000000000000000000000000000000000000000000000000000000000000000000000000000000000000000000000000000F5000000000000F500000000F5F50000F5F50000000000000000F50000F5F5000000F5000000F50000000000000000F50000F5000000000000000000000000
310
00000000000000000000000000000000000000000000000000000000000000000000000000000000000000000000000000000000000000000000000000000000000000000000000000000000000000000000000000000000000000000000F50000F500F5F5F5F500000000000000F50000F500000000000000000000000000
310
000000000000000000000000000000000000000000000000000000000000000000000000000000000000000000000000000000000000000000000000000000000000000000000000000000000000000000000000000000000000F5000000000000F50000000000F50000F5000000000000000000F500F5F500000000F50000
310
00F50000000000000000F50000F500000000000000000000000000000000000000000000000000000000000000000000000000000000000000000000000000000000000000000000000000000000000000000000000000000000000000000000000000000000000000000000000000000000000000000000F50000F500F5F5
310
F5F500000000000000F50000F500000000000000000000000000000000000000000000000000000000000000000000000000000000000000000000000000000000000000000000000000000000000000000000000000000000000000000000000000000000000000000000000000000000000000F5000000000000F5000000
310
0000F5F5F5F5000000000000000000F500F50000000000F500000000F5000000000000F5000000F5000000000000000000000000000000000000000000000000000000000000000000000000000000000000000000000000000000000000000000000000000000000000000000000000000000000000000000000000000000
310
00000000000000000000000000000000000000F50000F500F5F5F5F500000000000000F50000F500000000000000000000000000000000000000000000000000000000000000000000000000000000000000000000000000000000000000000000000000000000000000000000000000000000000000000000000000000000
310
000000000000000000000000000000F5000000000000F5000000000000F5F500000000000000000000F5F5000000000000F500000000F5F500000000F5F5000000F500000000000000000000000000000000000000000000000000000000000000000000000000000000000000000000000000000000000000000000000000
310
000000000000000000000000000000000000000000000000000000000000000000000000000000000000000000F50000F500F5F5F5F500000000000000F50000F50000000000000000000000000000000000000000000000000000000000000000000000000000000000000000000000000000000000000000000000000000
310
0000000000000000000000000000000000000000000000000000000000000000000000000000000000F5000000000000F5000000000000F5F500000000000000000000F5F5000000000000F5000000000000F5F5F5F50000000000F50000000000000000000000000000000000000000000000000000000000000000000000
310
0000000000000000000000000000000000000000000000000000000000000000000000000000000000000000000000000000000000000000000000000000000000000000000000F50000F500F5F5F5F500000000000000F50000F5000000000000000000000000000000000000000000000000000000000000000000000000
310
00000000000000000000000000000000000000000000000000000000000000000000000000000000000000000000000000000000000000000000000000000000000000000000000000000000000000000000000000000000000000000000000000000000000000000000000000000000000000000000000000000000000000
310
00000000000000000000000000000000000000000000000000000000000000000000000000000000000000000000000000000000000000000000000000000000000000000000000000000000000000000000000000000000000000000000000000F50000F500F5F5F5F500000000000000F50000F500000000000000000000
310
000000000000000000000000000000000000000000000000000000000000000000000000000000000000000000000000000000000000000000000000000000000000000000000000000000000000000000000000000000000000000000000000000000000000000000000000F5000000000000000000000000000000000000
310
00000000000000F50000F500000000000000000000000000000000000000000000000000000000000000000000000000000000000000000000000000000000000000000000000000000000000000000000000000000000000000000000000000000000000000000000000000000000000000000000000000000000F50000F5
310
00F5F5F5F500000000000000F50000F5000000000000000000000000000000000000000000000000000000000000000000000000000000000000000000000000000000000000000000000000000000000000000000000000000000000000000000000000000000000000000000000000000000000000000000000000000000
310
000000000000F5000000000000000000000000000000000000000000000000000000F5F500000000000000000000000000000000000000000000000000000000000000000000000000000000000000000000000000000000000000000000000000000000000000000000000000000000000000000000000000000000000000
310
00000000000000000000000000000000000000000000F50000F500F5F5F5F500000000000000F50000F500000000000000000000000000000000000000000000000000000000000000000000000000000000000000000000000000000000000000000000000000000000000000000000000000000000000000000000000000
310
00000000000000000000000000000000000000000000000000000000000000F5F5000000000000000000000000000000000000000000000000000000F5F50000000000000000000000000000000000000000000000000000000000000000000000000000000000000000000000000000000000000000000000000000000000
310
000000000000000000000000000000000000000000000000000000000000000000000000000000000000000000000000F50000F500F5F5F5F500000000000000F50000F50000000000000000000000000000000000000000000000000000000000000000000000000000000000000000000000000000000000000000000000
310
00000000000000000000000000000000000000000000000000000000000000000000000000000000000000000000000000000000000000000000000000000000000000000000000000000000000000000000000000000000000000000000000000000000000000000000000000000000000000000000000000000000000000
310
0000000000000000000000000000000000000000000000000000000000000000000000000000000000000000000000000000000000000000000000000000000000000000000000000000F50000F500F5F5F5F500000000000000F50000F5000000000000000000000000000000000000000000000000000000000000000000
310
00000000000000000000000000000000000000000000000000000000000000000000000000000000000000000000000000000000000000000000000000000000000000000000000000000000000000000000000000000000000000000000000000000000000000000000000000000000000000000000000000000000000000
310
00000000000000000000000000000000000000000000000000000000000000000000000000000000000000000000000000000000000000000000000000000000000000000000000000000000000000000000000000000000000000000000000000000000F50000F500F5F5F5F500000000000000F50000F500000000000000
310
00000000000000000000000000000000000000000000000000000000000000000000000000000000000000000000000000000000000000000000000000000000000000000000000000000000000000000000000000000000000000000000000000000000000000000000000000000000000000000000000000000000000000
310
000000000000000000000000000000000000000000000000000000000000000000000000000000000000000000000000000000000000000000000000000000000000000000000000000000000000000000000000000000000000000000000000000000000000000000000000000000000000000000000000000000000000F5
310
0000F500F5F5F5F500000000000000F50000F5000000000000000000000000000000000000000000000000000000000000000000000000000000000000000000000000000000000000000000000000000000000000000000000000000000000000000000000000000000000000000000000000000000000000000000000000
310
00000000000000000000000000000000000000000000000000000000000000000000000000000000000000000000000000000000000000000000000000000000000000000000000000000000000000000000000000000000000000000000000000000000000000000000000000000000000000000000000000000000000000
310
00000000000000000000000000000000000000000000000000F50000F500F5F5F5F500000000000000F50000F50000000000000000000000000000000000000000000000000000000000000000000000000000000000000000000000000000000000000000000000000000000000000000000000F500000000000000000000
310
00000000000000000000000000000000000000000000000000000000000000000000000000000000000000000000000000000000000000000000000000000000000000000000000000000000000000000000000000000000000000000000000000000000000000000000000000000000000000000000000000000000000000
310
000000000000000000000000000000000000000000000000000000000000000000000000000000000000000000000000000000F50000F500F5F5F5F500000000000000F50000F50000000000000000000000000000000000000000000000000000000000000000000000000000000000000000000000000000000000000000
310
000000000000000000000000000000F5000000000000000000000000000000000000000000000000000000000000000000000000000000000000000000000000000000000000000000000000000000000000000000000000000000000000000000000000000000000000000000000000000000000000000000000000000000
310
0000000000000000000000000000000000000000000000000000000000000000000000000000000000000000000000000000000000000000000000000000000000000000000000000000000000F50000F500F5F5F5F500000000000000F50000F5000000000000000000000000000000000000000000000000000000000000
310
00000000000000000000000000000000000000000000000000000000000000000000000000000000000000000000000000000000000000000000000000000000000000000000000000000000000000000000000000000000000000000000000000000000000000000000000000000000000000000000000000000000000000
310
00000000000000000000000000000000000000000000000000000000000000000000000000000000000000000000000000000000000000000000000000000000000000000000000000000000000000000000000000000000000000000000000000000000000000F50000F500F5F5F5F500000000000000F50000F500000000
310
00000000F5F5F5F5F5F5F50000000000000000F50000F500000000F500000000F500000000000000F5000000000000F5F5000000000000F5F5F5F5F5000000000000F5F5F5F50000000000000000F5F5F5F5F500000000000000F5F5F5F5F5F500000000000000F5F5F5F50000000000000000F5F5F5F50000000000F50000
310
00000000F5F5000000000000F5F5F5F5F5000000000000000000000000000000000000000000F5F5F5F5F50000F5000000000000F5000000F50000000000000000F5000000000000F5F5000000F5000000000000F50000F50000000000000000F500F5000000000000F5F5000000F5000000000000F5000000000000000000
310
0000F50000F500F5F5F5F500000000000000F50000F50000000000000000F50000000000F5F5000000000000F5F50000F5000000F5F5F5000000F500000000000000F5000000000000F5F500000000F5F50000000000F5000000F5F500000000F5F500000000F5F500000000F500000000000000F50000000000F500000000
310
00F500000000F50000000000F5F500000000F5F5000000F5000000000000F5F500000000F5F50000000000F5000000000000000000000000000000000000F5F500000000F50000F5000000000000F5000000F50000000000000000F5000000000000F5F5000000F5000000000000F50000F5F5000000000000F5F500F50000
310
00000000F5F5000000F5000000000000F50000000000000000000000F50000F500F5F5F5F500000000000000F50000F50000000000000000F5000000000000F5000000000000F5000000F5000000F500F5000000F500000000000000F50000000000F500F500000000F5000000000000F5000000F5000000000000F5000000
310
00F500000000000000000000000000F5000000000000F5000000F5000000000000F500000000F5000000000000F5000000F50000000000F500F500000000F5000000000000F5000000000000000000000000000000000000F50000000000000000F5000000000000F5000000F50000000000000000F50000000000F500F500
310
0000F5000000000000F5000000F5000000000000F50000F50000000000F500F5000000F5000000000000F50000000000000000000000F50000F500F5F5F5F500000000000000F50000F50000000000000000F5000000000000F5F5F5F5F5F5F5F5000000F5000000F500F5000000F500000000000000F500000000F5F500F5
310
000000F500000000000000F50000F50000000000000000F50000F50000000000000000000000000000F500000000000000F50000F5000000000000F5000000F50000000000000000F50000F500000000F5F500F5000000F500000000000000F50000000000000000000000000000000000F5000000000000000000F5000000
310
000000F5000000F50000000000000000F500000000F5F500F5000000F5000000000000F5000000F5F5F5F5F5F5F5F50000F500000000F5F500F5000000F5000000000000F50000000000000000000000F50000F500F5F5F5F500000000000000F50000F50000000000000000F500000000000000F500000000F500000000F5
310
0000F50000F5F50000F500000000000000F5000000F5F50000F5000000F500000000000000F50000F50000000000000000F50000F50000000000000000000000000000F500000000000000F50000F5000000000000F5000000F50000000000000000F50000F5000000F5F50000F5000000F500000000000000F50000000000
310
00F5F5F5F500000000000000F5000000000000000000F5000000000000F5000000F50000000000000000F5000000F5F50000F5000000F5000000000000F500000000F500000000F5000000F5000000F5F50000F5000000F5000000000000F50000000000000000000000F50000F500F5F5F5F500000000000000F50000F500
310
00000000000000F500000000000000F5000000F5F500000000F50000F5000000F50000F500000000000000F5000000F5000000F5000000F500000000F5F5F5F50000F50000000000000000F50000F50000000000000000000000000000F500000000000000F50000F5000000000000F5000000F50000000000000000F50000
310
F5000000F5000000F5000000F500000000F5F5F5F50000000000000000000000000000000000F5000000000000000000F5F5F5F5F5F5F5F5000000F50000000000000000F5000000F5000000F5000000F5F5F5F5F5F5F5F500000000F5000000F5F5000000F5000000F5000000F5000000F5F5F5F5F5F5F5F5000000000000
310
0000000000F50000F500F5F5F5F500000000000000F50000F50000000000000000F500000000000000F5F50000F5F500000000F500F500000000F5F500F500000000000000F50000F5F5000000F5000000F500000000000000000000F50000000000000000F50000F50000000000000000000000000000F500000000000000
310
F50000F5000000000000F5000000F50000000000000000F50000F50000F5F5000000F5000000F500000000000000000000000000000000000000000000000000F5000000000000000000F5000000000000F5000000F50000000000000000F50000F5F5000000F5000000F5000000000000F500000000F5F50000F5F5000000
310
F50000F5F5000000F5000000F5000000000000F50000000000000000000000F50000F500F5F5F5F500000000000000F50000F50000000000000000F50000000000000000F50000F50000000000F500F50000000000F500F500000000000000F500F5F500000000F5000000F500000000000000000000F50000000000000000
310
F50000F50000000000000000000000000000F500000000000000F50000F5000000000000F5000000F50000000000000000F50000F500F5F500000000F5000000F500000000000000000000000000000000000000000000000000F5000000000000000000F5000000000000F5000000F50000000000000000F500F5F5000000
310
00F5000000F5000000000000F50000000000F50000F500000000F500F5F500000000F5000000F5000000000000F50000000000000000000000F50000F500F5F5F5F500000000000000F50000F50000000000000000F50000000000000000F5F5F5F50000000000F5F5F50000000000F5F5F500000000000000F500F5000000
310
0000F500000000F500000000000000000000F5000000000000F500000000F500000000000000000000000000F5000000000000F5000000F5000000000000F500000000F5000000000000F5000000F500F50000000000F500000000F500000000000000000000000000000000000000000000000000F50000000000000000F5
310
000000000000F5000000F50000000000000000F500F50000000000F5000000F5000000000000F50000000000F5F5F5F500000000F500F50000000000F5000000F5000000000000F50000000000000000000000F50000F500F5F5F5F500000000000000F50000F50000000000000000F5000000000000000000F5F500000000
310
0000F5F500000000000000F5F500000000000000F5F5000000000000F50000000000F50000000000F5000000F5F500000000F5F50000000000F500000000F500000000000000F50000000000F5F5000000F5000000000000F500000000F5F500000000F5F5F50000F5F5000000000000F50000000000F50000000000F50000
310
0000000000000000000000000000000000F500000000F50000F5000000000000F5000000F50000000000000000F5F5000000000000F5000000F5000000000000F5000000000000F5F50000000000F5F5000000000000F5000000F5000000000000F50000000000000000000000F50000F500F5F5F5F500000000000000F500
310
00F50000000000000000F5000000000000000000F5F5000000000000F5F500000000000000F5F500000000000000F5F5000000000000F5000000000000F5F5F5F5F5F50000000000F5F5F5F50000000000000000F5F5F5F5F500000000000000F5F5F5F5F5F50000000000F5000000000000F5F50000000000F5F5F5F50000
310
00F500F5F5000000000000F5000000000000F5F5F5F5F5F50000000000000000000000000000000000000000F5F5F5F5F50000F5000000000000F5000000F50000000000000000F5F5000000000000F5000000F5000000000000F5000000000000F5F50000000000F5F5000000000000F5000000F5000000000000F5000000
310
0000000000000000F50000F500F5F5F5F500000000000000F50000F5000000000000000000000000000000000000000000000000000000000000000000000000000000000000000000000000000000000000000000000000000000000000000000000000000000000000000000000000000000000000000000000000000000
310
000000000000000000000000000000F50000000000000000000000F5000000000000000000000000000000000000000000000000000000000000000000000000000000000000000000000000000000000000000000000000000000000000000000000000000000000000000000000000000000000000000000000000000000
310
00000000000000000000000000000000000000000000000000000000000000000000F50000F500F5F5F5F500000000000000F50000F50000000000000000000000000000000000F50000F500000000000000000000000000000000000000000000000000000000000000000000000000000000000000000000000000000000
310
0000000000000000000000000000000000000000000000000000000000000000000000000000000000F500000000000000000000000000000000000000000000000000000000000000000000000000000000000000000000000000000000000000000000000000000000000000000000000000000000000000000000000000
310
00000000000000000000000000000000000000000000F500000000000000000000000000000000000000000000000000000000000000000000000000F50000F500F5F5F5F500000000000000F50000F5000000000000000000000000000000000000F5F5000000000000000000000000000000000000000000000000000000
310
00000000000000000000000000000000000000000000000000000000000000000000000000000000000000000000000000000000000000000000000000000000000000000000000000000000000000000000000000000000000000000000000000000000000000000000000000000000000000000000000000000000000000
310
00000000000000000000000000000000000000000000000000000000000000000000000000000000000000000000000000F5000000000000000000000000000000000000000000000000000000000000000000000000F50000F500F5F5F5F500000000000000F50000F5000000000000000000000000000000000000F5F500
310
00000000000000000000000000000000000000000000000000000000000000000000000000000000000000000000000000000000000000000000000000000000000000000000000000000000000000000000000000000000000000000000000000000000000000000000000000000000000000000000000000000000000000
310
000000000000000000000000000000000000000000000000000000000000000000000000000000000000000000000000000000000000000000000000000000000000000000000000000000F5F50000000000000000000000000000000000000000000000000000000000000000000000F50000F500F5F5F5F5000000000000
310
00F50000F50000000000000000000000000000000000000000000000000000000000000000000000000000000000000000000000000000000000000000000000000000000000000000000000000000000000000000000000000000000000000000000000000000000000000000000000000000000000000000000000000000
310
00000000000000000000000000000000000000000000000000000000000000000000000000000000000000000000000000000000000000000000000000000000000000000000000000000000000000000000000000000000000000000000000000000000000000000000000000000000000000000000000000000000000000
310
0000000000000000000000F50000F500F5F5F5F500000000000000F50000F5000000000000000000000000000000000000000000000000000000000000000000000000000000000000000000000000000000000000000000000000000000000000000000000000000000000000000000000000000000000000000000000000
310
00000000000000000000000000000000000000000000000000000000000000000000000000000000000000000000000000000000000000000000000000000000000000000000000000000000000000000000000000000000000000000000000000000000000000000000000000000000000000000000000000000000000000
310
00000000000000000000000000000000000000000000000000000000000000000000000000F50000F500F5F5F5F500000000000000F50000F500000000000000000000000000000000000000000000000000000000000000000000000000000000000000000000000000000000000000000000000000000000000000000000
310
00000000000000000000000000000000000000000000000000000000000000000000000000000000000000000000000000000000000000000000000000000000000000000000000000000000000000000000000000000000000000000000000000000000000000000000000000000000000000000000000000000000000000
310
000000000000000000000000000000000000000000000000000000000000000000000000000000000000000000000000000000000000000000000000000000F50000F500F5F5F5F500000000000000F50000F50000000000000000000000000000000000000000000000000000000000000000000000000000000000000000
310
00000000000000000000000000000000000000000000000000000000000000000000000000000000000000000000000000000000000000000000000000000000000000000000000000000000000000000000000000000000000000000000000000000000000000000000000000000000000000000000000000000000000000
310
0000000000000000000000000000000000000000000000000000000000000000000000000000000000000000000000000000000000000000000000000000000000000000000000000000000000000000000000000000000000F50000F500F5F5F5F500000000000000F50000F5000000000000000000000000000000000000
310
00000000000000000000000000000000000000000000000000000000000000000000000000000000000000000000000000000000000000000000000000000000000000000000000000000000000000000000000000000000000000000000000000000000000000000000000000000000000000000000000000000000000000
310
00000000000000000000000000000000000000000000000000000000000000F50000000000000000000000000000000000000000000000000000000000000000000000000000000000000000000000000000000000000000000000000000000000000000000000000000000000000000000000F50000F500F5F5F5F5000000
310
00000000F50000F50000000000000000000000000000000000000000000000000000000000000000000000000000000000000000000000000000000000000000000000000000000000000000000000000000000000000000000000000000000000000000000000000000000000000000000000000000000000000000000000
310
000000000000000000000000000000000000000000000000000000000000000000000000000000000000000000000000000000000000000000F5000000000000000000000000000000000000000000000000000000000000000000000000000000000000000000000000000000000000000000000000000000000000000000
310
0000000000000000000000000000F50000F500F5F5F5F500000000000000F50000F5000000000000000000000000000000000000000000000000000000000000000000000000000000000000000000000000000000000000000000000000000000000000000000000000000000000000000000000000000000000000000000
310
00000000000000000000000000000000000000000000000000000000000000000000000000000000000000000000000000000000000000000000000000000000000000000000000000000000000000000000000000000000000000000000000000000000000000000000000000000000000000000000000000000000000000
310
00000000000000000000000000000000000000000000000000000000000000000000000000000000F50000F500F5F5F5F500000000000000F50000F50000000000000000000000000000000000000000000000F5F5F5F5F50000000000F5F5F5F50000000000F5000000000000F5F5000000000000F5F5F5F5F50000000000
310
00000000F5000000000000000000F5000000000000000000000000F5F5F5F5F50000000000F5F5F5F5000000000000000000F50000000000000000F5000000000000F50000F50000000000000000F50000F5000000000000F5F5000000000000000000F500000000F50000000000000000F500F50000000000000000000000
310
00F5F5F5F5F5F5000000000000000000F5F5F5F500000000F50000000000000000F500F5000000000000F5F500000000000000000000000000000000000000000000F50000F500F5F5F5F500000000000000F50000F5000000000000000000000000000000000000000000F5F500000000F5000000F5F500000000F5F50000
310
00F5000000000000F5F500000000F5F50000000000F50000000000000000F5000000000000000000F500000000000000000000F5F500000000F5000000F5F500000000F5F500000000000000F50000000000000000F5000000000000F50000F5F5000000000000F5F50000F5000000000000F5F5000000000000000000F500
310
000000F5F5000000000000F5F500F5000000000000000000000000F50000000000F5000000000000F5F500000000F5F50000F5F5000000000000F5F500F5000000000000F5F500000000000000000000000000000000000000000000F50000F500F5F5F5F500000000000000F50000F5000000000000000000000000000000
310
000000000000F5000000000000000000F5000000000000F5000000F50000000000F500F500000000F5000000000000F50000000000000000F5000000000000000000F500000000000000000000F5000000000000000000F5000000000000F500000000000000F50000000000000000F5000000000000F5000000F500000000
310
0000F5000000F50000000000F500F5000000000000000000F50000000000F5000000000000F50000F5000000000000000000000000F5000000000000F50000000000F5000000000000F5000000F5000000000000F50000F50000000000F500F500000000000000000000000000000000000000000000F50000F500F5F5F5F5
310
00000000000000F50000F50000000000000000000000000000000000000000F5000000000000000000F50000000000000000F50000F500000000F5F500F5000000F500000000000000F50000000000000000F5000000000000000000F5000000000000000000F5000000000000000000F50000000000000000F50000000000
310
00F50000000000000000F5000000000000F5000000F5F5F5F5F5F5F5F5000000F500000000F5F500F5000000000000000000F50000000000F5F5F5F5F5F5F5F50000F5000000000000000000000000F500000000000000F5000000F50000000000000000F50000F5F5F5F5F5F5F5F50000F500000000F5F500F50000000000
310
0000000000000000000000000000000000F50000F500F5F5F5F500000000000000F50000F50000000000000000000000000000000000000000F5000000000000000000F50000000000000000F50000F5000000F5F50000F5000000F500000000000000F50000000000000000F5000000000000000000F50000000000000000
310
00F5000000000000000000F50000000000000000F5000000000000F5F5F5F5F500000000F5000000000000F500000000F500000000F500000000F5000000F5F50000F5000000000000000000F5000000000000F500000000F5000000F5F5F5F5F50000000000000000F500000000000000F5000000F50000000000000000F5
310
000000F500000000F5000000F5000000F5F50000F500000000000000000000000000000000000000000000F50000F500F5F5F5F500000000000000F50000F50000000000000000000000000000000000000000F5000000000000000000F50000000000000000F50000F5000000F5000000F5000000F500000000F5F5F5F500
310
00000000000000F50000000000000000F500F50000000000000000F5000000000000000000F50000000000000000F5000000000000F500000000F5000000F5F5F5F5F5F5F5F500000000F5000000F5F500000000F5000000F5000000F5000000000000000000F5000000000000F5000000F5F5000000F500000000F5000000
310
000000F5F5F5F5F500000000F5000000F50000000000000000F5000000F5000000F5F5000000F5000000F5000000F500000000000000000000000000000000000000000000F50000F500F5F5F5F500000000000000F50000F50000000000000000000000000000000000000000F5000000000000000000F500000000000000
310
00F50000F50000F5F5000000F5000000F500000000000000000000000000000000F500000000000000F5F50000F500000000000000F5000000000000000000F50000000000000000F5000000000000F50000000000F50000F5000000000000F500000000F5F50000F5F500000000F50000F5F5000000F50000000000000000
310
00F5000000000000F5F50000F5F5000000F50000000000F5000000000000F500000000000000F5000000F50000000000000000F5000000F5F50000F5F5000000F50000F5F5000000F500000000000000000000000000000000000000000000F50000F500F5F5F5F500000000000000F50000F5000000000000000000000000
310
0000000000000000F5000000000000000000F50000000000000000F50000F500F5F500000000F5000000F500000000000000000000000000000000F500000000000000F5000000F500000000000000F5000000000000000000F50000000000000000F5000000000000F50000000000F50000F5000000000000F50000000000
310
F50000F50000000000F500F5F500000000F5000000000000000000F500000000000000F50000F500000000F50000000000F5000000000000F500000000000000F5000000F50000000000000000F500000000F50000F500000000F500F5F500000000F500000000000000000000000000000000000000000000F50000F500F5
310
F5F5F500000000000000F50000F5000000000000000000000000000000000000000000F5000000000000000000F5000000000000F5000000F500F50000000000F500000000F5000000000000000000000000000000F5000000000000F5F500000000F500000000000000F5000000000000000000F5000000000000F5000000
310
00000000F50000000000F50000F5000000000000F50000000000F5F5F5F50000000000F500F50000000000F5000000000000000000F500000000000000F5F5F5F500000000F50000000000F5000000000000F5000000000000F50000000000F5000000000000F50000000000F5F5F5F500000000F500F50000000000F50000
310
0000000000000000000000000000000000000000F50000F500F5F5F5F500000000000000F50000F500000000000000000000000000000000000000000000F500000000F5000000F5F500000000F5F5000000F5F5000000000000F50000000000F50000000000F50000000000000000F5000000000000F50000000000F50000
310
000000000000F500000000F5000000F5F500000000F5F500000000000000F500000000F5F50000F5000000000000F5000000000000F5F5000000000000F5F5000000000000F5000000000000000000F50000000000000000F5F50000000000F500000000F5F5000000000000F50000000000F5F50000000000F5F500000000
310
F5F5000000000000F5F50000000000F5F5000000000000F500000000000000000000000000000000000000000000F50000F500F5F5F5F500000000000000F50000F50000000000000000000000000000000000000000000000F5F5F5F5F50000000000F5F5F5F50000000000F5F5000000000000F5000000000000F5F5F5F5
310
F5F50000000000F5F5F5F5F5F5F50000F5F5000000000000F50000000000000000F5F5F5F5F50000000000F5F5F5F5000000000000000000F5F5F5F5F500000000F5000000000000F5000000000000F5F5000000000000F5F5000000000000F5000000000000F5F5F5F5F5F5F50000000000F5F50000000000F5F5F5F5F500
310
00000000000000F5F5F5F5F5F5000000000000000000F5F5F5F50000000000000000F5F50000000000F5F5000000000000F500000000000000000000000000000000000000000000F50000F500F5F5F5F500000000000000F50000F50000000000000000000000000000000000000000000000000000000000000000000000
310
00000000000000000000000000000000000000000000000000000000000000000000000000000000000000000000000000000000000000000000000000000000000000000000000000000000000000000000000000000000000000000000000000000000000000000000000000000000000000000000000000000000000000
310
0000000000000000000000000000000000000000000000000000000000000000000000000000000000000000000000000000000000000000000000000000000000000000000000000000000000000000000000000000000000000000000000000000F50000F500F5F5F5F500000000000000F50000F5000000000000000000
310
000000000000000000000000000000000000000000000000F50000F500000000000000000000000000000000000000000000000000000000000000000000000000000000000000000000000000000000000000000000000000000000000000F50000F500000000000000000000000000000000000000000000000000000000
310
000000F50000F500000000000000000000000000000000000000000000000000000000000000F50000F5000000000000000000000000000000000000000000000000000000000000000000000000000000000000000000F5000000000000000000000000000000000000000000000000000000000000000000000000F50000
310
F500F5F5F5F500000000000000F50000F500000000000000000000000000000000000000000000000000000000000000000000F5F5000000000000000000000000000000000000000000000000000000000000000000000000000000000000000000000000000000000000000000000000000000000000000000F5F500F5F5
310
000000000000000000000000000000000000000000000000000000F5F500F5F5000000000000000000000000000000000000000000000000000000000000000000F5F5000000000000000000000000000000000000000000000000000000000000000000000000000000000000000000F50000000000000000000000000000
310
0000000000000000000000000000000000000000000000F50000F500F5F5F5F500000000000000F50000F500000000000000000000000000000000000000000000000000000000000000000000F5F5000000000000000000000000000000000000000000000000000000000000000000000000000000000000000000000000
310
00000000000000000000000000000000000000000000000000F50000000000000000000000000000000000000000000000000000F5F500000000000000000000000000000000000000000000000000000000000000000000000000F5F500000000000000000000000000000000000000000000000000000000000000000000
310
00000000000000000000F5F500000000000000000000000000000000000000000000000000000000000000000000000000F50000F500F5F5F5F500000000000000F50000F500000000000000000000000000000000000000000000000000000000000000000000000000000000000000000000000000000000000000000000
310
0000000000000000000000000000000000000000000000000000000000000000000000000000000000000000000000000000F5F5000000000000000000000000000000000000000000000000000000000000000000000000000000000000000000000000000000000000000000000000000000000000000000000000000000
310
000000000000000000000000000000000000000000000000000000000000000000000000000000000000000000000000000000000000000000000000000000000000000000000000000000F50000F500F5F5F5F500000000000000F50000F50000000000000000000000000000000000000000000000000000000000000000
310
00000000000000000000000000000000000000000000000000000000000000000000000000000000000000000000000000000000000000000000000000000000000000000000000000000000000000000000000000000000000000000000000000000000000000000000000000000000000000000000000000000000000000
310
0000000000000000000000000000000000000000000000000000000000000000000000000000000000000000000000000000000000000000000000000000000000000000000000000000000000000000000000000000000000000000000000000000000000F50000F500F5F5F5F500000000000000F50000F5000000000000
310
00000000000000000000000000000000000000000000000000000000000000000000000000000000000000000000000000000000000000000000000000000000000000000000000000000000000000000000000000000000000000000000000000000000000000000000000000000000000000000000000000000000000000
310
00000000000000000000000000000000000000000000000000000000000000000000000000000000000000000000000000000000000000000000000000000000000000000000000000000000000000000000000000000000000000000000000000000000000000000000000000000000000000000000000000000000000000
310
F50000F500F5F5F5F500000000000000F50000F50000000000000000000000000000000000000000000000000000000000000000000000000000000000000000000000000000000000000000000000000000000000000000000000000000000000000000000000000000000000000000000000000000000000000000000000
310
00000000000000000000000000000000000000000000000000000000000000000000000000000000000000000000000000000000000000000000000000000000000000000000000000000000000000000000000000000000000000000000000000000000000000000000000000000000000000000000000000000000000000
310
0000000000000000000000000000000000000000000000000000F50000F500F5F5F5F500000000000000F50000F5000000000000000000000000000000000000000000000000000000000000000000000000000000000000000000000000000000000000000000000000000000000000000000000000000000000000000000
310
00000000000000000000000000000000000000000000000000000000000000000000000000000000000000000000000000000000000000000000000000000000000000000000000000000000000000000000000000000000000000000000000000000000000000000000000000000000000000000000000000000000000000
310
00000000000000000000000000000000000000000000000000000000000000000000000000000000000000000000000000000000F50000F500F5F5F5F500000000000000F50000F500000000000000000000000000000000000000000000000000000000000000000000000000000000000000000000000000000000000000
310
00000000000000000000000000000000000000000000000000000000000000000000000000000000000000000000000000000000000000000000000000000000000000000000000000000000000000000000000000000000000000000000000000000000000000000000000000000000000000000000000000000000000000
310
000000000000000000000000000000000000000000000000000000000000000000000000000000000000000000000000000000000000000000000000000000000000000000000000000000000000F50000F500F5F5F5F500000000000000F50000F50000000000000000000000000000000000000000000000000000000000
310
00000000000000000000000000000000000000000000000000000000000000000000000000000000000000000000000000000000000000000000000000000000000000000000000000000000000000000000000000000000000000000000000000000000000000000000000000000000000000000000000000000000000000
310
0000000000000000000000000000000000000000000000000000000000000000000000000000000000000000000000000000000000000000000000000000000000000000000000000000000000000000000000000000000000000000000000000000000000000000F50000F500F5F5F5F500000000000000F50000F5000000
310
00000000000000000000000000000000000000000000000000000000000000000000000000000000000000000000000000000000000000000000000000000000000000000000000000000000000000000000000000000000000000000000000000000000000000000000000000000000000000000000000000000000000000
310
00000000000000000000000000000000000000000000000000000000000000000000000000000000000000000000000000000000000000000000000000000000000000000000000000000000000000000000000000000000000000000000000000000000000000000000000000000000000000000000000000000000000000
310
000000F50000F500F5F5F5F500000000000000F50000F50000000000000000000000000000000000000000000000000000000000000000000000000000000000000000000000000000000000000000000000000000000000000000000000000000000000000000000000000000000000000000000000000000000000000000
310
00000000000000000000000000000000000000000000000000000000000000000000000000000000000000000000000000000000000000000000000000000000000000000000000000000000000000000000000000000000000000000000000000000000000000000000000000000000000000000000000000000000000000
310
0000000000000000000000000000000000000000000000000000000000F50000F500F5F5F5F500000000000000F50000F5000000000000000000000000000000000000000000000000000000000000000000000000000000000000000000000000000000000000000000000000000000000000000000000000000000000000
310
00000000000000000000000000000000000000000000000000000000000000000000000000000000000000000000000000000000000000000000000000000000000000000000000000000000000000000000000000000000000000000000000000000000000000000000000000000000000000000000000000000000000000
310
00000000000000000000000000000000000000000000000000000000000000000000000000000000000000000000000000000000000000F50000F500F5F5F5F500000000000000F50000F500000000000000000000000000000000000000000000000000000000000000000000000000000000000000000000000000000000
310
00000000000000000000000000000000000000000000000000000000000000000000000000000000000000000000000000000000000000000000000000000000000000000000000000000000000000000000000000000000000000000000000000000000000000000000000000000000000000000000000000000000000000
310
000000000000000000000000000000000000000000000000000000000000000000000000000000000000000000000000000000000000000000000000000000000000000000000000000000000000000000F50000F500F5F5F5F500000000000000F50000F50000000000000000000000000000000000000000000000000000
310
00000000000000000000000000000000000000000000000000000000000000000000000000000000000000000000000000000000000000000000000000000000000000000000000000000000000000000000000000000000000000000000000000000000000000000000000000000000000000000000000000000000000000
310
0000000000000000000000000000000000000000000000000000000000000000000000000000000000000000000000000000000000000000000000000000000000000000000000000000000000000000000000000000000000000000000000000000000000000000000000F50000F500F5F5F5F500000000000000F50000F5
310
00000000000000000000000000000000000000000000000000000000000000000000000000000000000000000000000000000000000000000000000000000000000000000000000000000000000000000000000000000000000000000000000000000000000000000000000000000000000000000000000000000000000000
310
00000000000000000000000000000000000000000000000000000000000000000000000000000000000000000000000000000000000000000000000000000000000000000000000000000000000000000000000000000000000000000000000000000000000000000000000000000000000000000000000000000000000000
310
000000000000F50000F500F5F5F5F500000000000000F50000F50000000000000000000000000000000000000000000000000000000000000000000000000000000000000000000000000000000000000000000000000000000000000000000000000000000000000000000000000000000000000000000000000000000000
310
00000000000000000000000000000000000000000000000000000000000000000000000000000000000000000000000000000000000000000000000000000000000000000000000000000000000000000000000000000000000000000000000000000000000000000000000000000000000000000000000000000000000000
310
0000000000000000000000000000000000000000000000000000000000000000F50000F500F5F5F5F500000000000000F50000F5000000000000000000000000000000000000000000000000000000000000000000000000000000000000000000000000000000000000000000000000000000000000000000000000000000
310
00000000000000000000000000000000000000000000000000000000000000000000000000000000000000000000000000000000000000000000000000000000000000000000000000000000000000000000000000000000000000000000000000000000000000000000000000000000000000000000000000000000000000
310
00000000000000000000000000000000000000000000000000000000000000000000000000000000000000000000000000000000000000000000F50000F500F5F5F5F500000000000000F50000F500000000000000000000000000000000000000000000000000000000000000000000000000000000000000000000000000
310
00000000000000000000000000000000000000000000000000000000000000000000000000000000000000000000000000000000000000000000000000000000000000000000000000000000000000000000000000000000000000000000000000000000000000000000000000000000000000000000000000000000000000
310
000000000000000000000000000000000000000000000000000000000000000000000000000000000000000000000000000000000000000000000000000000000000000000000000000000000000000000000000F50000F500F5F5F5F500000000000000F50000F50000000000000000000000000000000000000000000000
310
00000000000000000000000000000000000000000000000000000000000000000000000000000000000000000000000000000000000000000000000000000000000000000000000000000000000000000000000000000000000000000000000000000000000000000000000000000000000000000000000000000000000000
310
0000000000000000000000000000000000000000000000000000000000000000000000000000000000000000000000000000000000000000000000000000000000000000000000000000000000000000000000000000000000000000000000000000000000000000000000000000F50000F500F5F5F5F500000000000000F5
310
0000F500000000000000000000000000000000000000000000000000000000000000000000000000000000000000000000000000000000000000000000000000000000000000000000000000000000000000000000000000000000000000000000000000000000000000000000000000000000000000000000000000000000
310
00000000000000000000000000000000000000000000000000000000000000000000000000000000000000000000000000000000000000000000000000000000000000000000000000000000000000000000000000000000000000000000000000000000000000000000000000000000000000000000000000000000000000
310
000000000000000000F50000F500F5F5F5F500000000000000F50000F50000000000000000000000000000000000000000000000000000000000000000000000000000000000000000000000000000000000000000000000000000000000000000000000000000000000000000000000000000000000000000000000000000
310
00000000000000000000000000000000000000000000000000000000000000000000000000000000000000000000000000000000000000000000000000000000000000000000000000000000000000000000000000000000000000000000000000000000000000000000000000000000000000000000000000000000000000
310
0000000000000000000000000000000000000000000000000000000000000000000000F50000F500F5F5F5F500000000000000F50000F5000000000000000000000000000000000000000000000000000000000000000000000000000000000000000000000000000000000000000000000000000000000000000000000000
310
00000000000000000000000000000000000000000000000000000000000000000000000000000000000000000000000000000000000000000000000000000000000000000000000000000000000000000000000000000000000000000000000000000000000000000000000000000000000000000000000000000000000000
310
00000000000000000000000000000000000000000000000000000000000000000000000000000000000000000000000000000000000000000000000000F50000F500F5F5F5F500000000000000F50000F500000000000000000000000000000000000000000000000000000000000000000000000000000000000000000000
310
00000000000000000000000000000000000000000000000000000000000000000000000000000000000000000000000000000000000000000000000000000000000000000000000000000000000000000000000000000000000000000000000000000000000000000000000000000000000000000000000000000000000000
310
000000000000000000000000000000000000000000000000000000000000000000000000000000000000000000000000000000000000000000000000000000000000000000000000000000000000000000000000000000F50000F500F5F5F5F500000000000000F50000F50000000000000000000000000000000000000000
310
00000000000000000000000000000000000000000000000000000000000000000000000000000000000000000000000000000000000000000000000000000000000000000000000000000000000000000000000000000000000000000000000000000000000000000000000000000000000000000000000000000000000000
310
0000000000000000000000000000000000000000000000000000000000000000000000000000000000000000000000000000000000000000000000000000000000000000000000000000000000000000000000000000000000000000000000000000000000000000000000000000000000F50000F500F5F5F5F50000000000
310
0000F50000F500000000000000000000000000000000000000000000000000000000000000000000000000000000000000000000000000000000000000000000000000000000000000000000000000000000000000000000000000000000000000000000000000000000000000000000000000000000000000000000000000
310
00000000000000000000000000000000000000000000000000000000000000000000000000000000000000000000000000000000000000000000000000000000000000000000000000000000000000000000000000000000000000000000000000000000000000000000000000000000000000000000000000000000000000
310
000000000000000000000000F50000F500F5F5F5F500000000000000F50000F50000000000000000000000000000000000000000000000000000000000000000000000000000000000000000000000000000000000000000000000000000000000000000000000000000000000000000000000000000000000000000000000
310
00000000000000000000000000000000000000000000000000000000000000000000000000000000000000000000000000000000000000000000000000000000000000000000000000000000000000000000000000000000000000000000000000000000000000000000000000000000000000000000000000000000000000
310
0000000000000000000000000000000000000000000000000000000000000000000000000000F50000F500F5F5F5F500000000000000F50000F5000000000000000000000000000000000000000000000000000000000000000000000000000000000000000000000000000000000000000000000000000000000000000000
310
00000000000000000000000000000000000000000000000000000000000000000000000000000000000000000000000000000000000000000000000000000000000000000000000000000000000000000000000000000000000000000000000000000000000000000000000000000000000000000000000000000000000000
310
00000000000000000000000000000000000000000000000000000000000000000000000000000000000000000000000000000000000000000000000000000000F50000F500F5F5F5F500000000000000F50000F500000000000000000000000000000000000000000000000000000000000000000000000000000000000000
310
0000000000000000F500000000000000000000000000000000000000000000000000000000000000000000000000000000000000000000000000000000000000000000000000000000000000000000000000000000000000000000000000000000000000000000000000000000000000000000000000000000000000000000
310
000000000000000000000000000000000000000000000000000000000000000000000000000000000000000000000000000000000000000000000000000000000000000000000000000000000000000000000000000000000000F50000F500F5F5F5F500000000000000F50000F50000000000F5F5F5F500000000F50000F5
310
F5F50000000000F5F5F500F5000000F500F5F5F5000000000000000000F5F5F50000F5000000F5F5F5F500F5F5F500F500F5F5F500000000F500000000000000000000000000000000000000000000000000000000000000000000000000000000000000000000000000000000000000000000000000000000000000000000
310
0000000000000000000000000000000000000000000000000000000000000000000000000000000000000000000000000000000000000000000000000000000000000000000000000000000000000000000000000000000000000000000000000000000000000000000000000000000000000000F50000F500F5F5F5F50000
310
0000000000F50000F500000000F50000000000F50000F50000F50000F5000000F5000000F5F500F500F500F50000F500000000F5000000F50000F500F50000F50000000000F5000000F500F5000000F500F5F50000F50000000000000000000000000000000000000000000000000000000000000000000000000000000000
310
00000000000000000000000000000000000000000000000000000000000000000000000000000000000000000000000000000000000000000000000000000000000000000000000000000000000000000000000000000000000000000000000000000000000000000000000000000000000000000000000000000000000000
310
000000000000000000000000000000F50000F500F5F5F5F500000000000000F50000F500000000F50000000000F5F5F5F50000F50000F5000000F5F5F500F500F500F50000F50000F500000000F5000000F50000F50000F500F50000000000F5000000F500F5000000F500F5F50000F5000000000000000000000000000000
310
00000000000000000000000000000000000000000000000000000000000000000000000000000000000000000000000000000000000000000000000000000000000000000000000000000000000000000000000000000000000000000000000000000000000000000000000000000000000000000000000000000000000000
310
0000000000000000000000000000000000000000000000000000000000000000000000000000000000F50000F500F5F5F5F500000000000000F50000F500000000F50000000000F50000F50000F50000F5000000F5000000F500F500F50000F50000F500000000F5000000F50000F50000F500F50000000000F5000000F500
310
F5000000F5F500F50000F50000000000000000000000000000000000000000000000000000000000000000000000000000000000000000000000000000000000000000000000000000000000000000000000000000000000000000000000000000000000000000000000000000000000000000000000000000000000000000
310
00000000000000000000000000000000000000000000000000000000000000000000000000000000000000000000000000000000000000000000000000000000000000F50000F500F5F5F5F500000000000000F50000F50000000000F500000000F50000F50000F50000F5000000F50000F5F500F5F5000000F50000F50000
310
0000F5000000F50000F5000000F500F500000000F5000000F500F5000000F50000F50000F5000000000000000000000000000000000000000000000000000000000000000000000000000000000000000000000000000000000000000000000000000000000000000000000000000000000000000000000000000000000000
310
000000000000000000000000000000000000000000000000000000000000000000000000000000000000000000000000000000000000000000000000000000000000000000000000000000000000000000000000000000000000000000F50000F500F5F5F5F500000000000000F50000F5000000000000F5F50000000000F5
310
0000000000F500000000F5F500000000F5000000000000F5000000F5F5F5F500000000F5F50000000000F5F5000000000000F500F5F5F500F500000000F5F5F5F50000000000000000000000000000000000000000000000000000000000000000000000000000000000000000000000000000000000000000000000000000
310
0000000000000000000000000000000000000000000000000000000000000000000000000000000000000000000000000000000000000000000000000000000000000000000000000000000000000000000000000000000000000000000000000000000000000000000000000000000000000000000000F50000F500F5F5F5
310
F500000000000000F50000F5000000000000000000000000000000000000F500000000000000000000F5F500000000000000000000000000000000000000F500000000000000000000000000000000000000000000000000000000000000000000000000000000000000000000000000000000000000000000000000000000
310
00000000000000000000000000000000000000000000000000000000000000000000000000000000000000000000000000000000000000000000000000000000000000000000000000000000000000000000000000000000000000000000000000000000000000000000000000000000000000000000000000000000000000
310
000000000000000000000000000000000000F50000F500F5F5F5F500000000000000F50000F50000000000000000000000000000000000000000000000000000000000000000000000000000000000000000000000000000000000000000000000000000000000000000000000000000000000000000000000000000000000
310
00000000000000000000000000000000000000000000000000000000000000000000000000000000000000000000000000000000000000000000000000000000000000000000000000000000000000000000000000000000000000000000000000000000000000000000000000000000000000000000000000000000000000
310
0000000000000000000000000000000000000000000000000000000000000000000000000000000000000000F50000F500F5F5F5F500000000000000F50000F5000000000000000000000000000000000000000000000000000000000000000000000000000000000000000000000000000000000000000000000000000000
310
00000000000000000000000000000000000000000000000000000000000000000000000000000000000000000000000000000000000000000000000000000000000000000000000000000000000000000000000000000000000000000000000000000000000000000000000000000000000000000000000000000000000000
310
00000000000000000000000000000000000000000000000000000000000000000000000000000000000000000000000000000000000000000000000000000000000000000000F50000F500F5F5F5F500000000000000F50000F500000000000000000000000000000000000000000000000000000000000000000000000000
310
00000000000000000000000000000000000000000000000000000000000000000000000000000000000000000000000000000000000000000000000000000000000000000000000000000000000000000000000000000000000000000000000000000000000000000000000000000000000000000000000000000000000000
310
000000000000000000000000000000000000000000000000000000000000000000000000000000000000000000000000000000000000000000000000000000000000000000000000000000000000000000000000000000000000000000000000F50000F500F5F5F5F500000000000000F50000F50000000000000000000000
310
00000000000000000000000000000000000000000000000000000000000000000000000000000000000000000000000000000000000000000000000000000000000000000000000000000000000000000000000000000000000000000000000000000000000000000000000000000000000000000000000000000000000000
310
0000000000000000000000000000000000000000000000000000000000000000000000000000000000000000000000000000000000000000000000000000000000000000000000000000000000000000000000000000000000000000000000000000000000000000000000000000000000000000000000000000F50000F500
310
F5F5F5F500000000000000F50000F5F5F5F5F5F5F5F5F5F5F5F5F5F5F5F5F5F5F5F5F5F5F5F5F5F5F5F5F5F5F5F5F5F5F5F5F5F5F5F5F5F5F5F5F5F5F5F5F5F5F5F5F5F5F5F5F5F5F5F5F5F5F5F5F5F5F5F5F5F5F5F5F5F5F5F5F5F5F5F5F5F5F5F5F5F5F5F5F5F5F5F5F5F5F5F5F5F5F5F5F5F5F5F5F5F5F5F5F5F5F5F5F5
310
F5F5F5F5F5F5F5F5F5F5F5F5F5F5F5F5F5F5F5F5F5F5F5F5F5F5F5F5F5F5F5F5F5F5F5F5F5F5F5F5F5F5F5F5F5F5F5F5F5F5F5F5F5F5F5F5F5F5F5F5F5F5F5F5F5F5F5F5F5F5F5F5F5F5F5F5F5F5F5F5F5F5F5F5F5F5F5F5F5F5F5F5F5F5F5F5F5F5F5F5F5F5F5F5F5F5F5F5F5F5F5F5F5F5F5F5F5F5F5F5F5F5F5F5F5F5F5
310
F5F5F5F5F5F5F5F5F5F5F5F5F5F5F5F5F5F5F5F5F5F50000F500F5F5F5F500000000000000F50000000000000000000000000000000000000000000000000000000000000000000000000000000000000000000000000000000000000000000000000000000000000000000000000000000000000000000000000000000000
310
00000000000000000000000000000000000000000000000000000000000000000000000000000000000000000000000000000000000000000000000000000000000000000000000000000000000000000000000000000000000000000000000000000000000000000000000000000000000000000000000000000000000000
310
0000000000000000000000000000000000000000000000000000000000000000000000000000000000000000000000000000F500F5F5F5F500000000000000F5000000000000000000000000000000000000000000000000000000000000000000000000000000000000000000000000000000000000000000000000000000
310
00000000000000000000000000000000000000000000000000000000000000000000000000000000000000000000000000000000000000000000000000000000000000000000000000000000000000000000000000000000000000000000000000000000000000000000000000000000000000000000000000000000000000
310
00000000000000000000000000000000000000000000000000000000000000000000000000000000000000000000000000000000000000000000000000000000000000000000000000000000F500F5F5F5F500000000000000F5F5F5F5F5F5F5F5F5F5F5F5F5F5F5F5F5F5F5F5F5F5F5F5F5F5F5F5F5F5F5F5F5F5F5F5F5F5
310
F5F5F5F5F5F5F5F5F5F5F5F5F5F5F5F5F5F5F5F5F5F5F5F5F5F5F5F5F5F5F5F5F5F5F5F5F5F5F5F5F5F5F5F5F5F5F5F5F5F5F5F5F5F5F5F5F5F5F5F5F5F5F5F5F5F5F5F5F5F5F5F5F5F5F5F5F5F5F5F5F5F5F5F5F5F5F5F5F5F5F5F5F5F5F5F5F5F5F5F5F5F5F5F5F5F5F5F5F5F5F5F5F5F5F5F5F5F5F5F5F5F5F5F5F5F5F5
310
F5F5F5F5F5F5F5F5F5F5F5F5F5F5F5F5F5F5F5F5F5F5F5F5F5F5F5F5F5F5F5F5F5F5F5F5F5F5F5F5F5F5F5F5F5F5F5F5F5F5F5F5F5F5F5F5F5F5F5F5F5F5F5F5F5F5F5F5F5F5F5F5F5F5F5F5F5F5F5F5F5F5F5F5F5F5F5F5F5F5F5F5F5F5F5F5F5F5F5F5F5F5F500F5F5F5F500000000000000000000000000000000000000
310
00000000000000000000000000000000000000000000000000000000000000000000000000000000000000000000000000000000000000000000000000000000000000000000000000000000000000000000000000000000000000000000000000000000000000000000000000000000000000000000000000000000000000
310
00000000000000000000000000000000000000000000000000000000000000000000000000000000000000000000000000000000000000000000000000000000000000000000000000000000000000000000000000000000000000000000000000000000000000000000000000000000000000000000000000000000000000
310
000000F5F5F5F5000000000000000000000000000000000000000000000000000000000000000000000000000000000000000000000000000000000000000000000000000000000000000000000000000000000000000000000000000000000000000000000000000000000000000000000000000000000000000000000000
310
00000000000000000000000000000000000000000000000000000000000000000000000000000000000000000000000000000000000000000000000000000000000000000000000000000000000000000000000000000000000000000000000000000000000000000000000000000000000000000000000000000000000000
310
0000000000000000000000000000000000000000000000000000000000F5F5F5F500000000000000000000000000000000000000000000000000000000000000000000000000000000000000000000000000000000000000000000000000000000000000000000000000000000000000000000000000000000000000000000
310
00000000000000000000000000000000000000000000000000000000000000000000000000000000000000000000000000000000000000000000000000000000000000000000000000000000000000000000000000000000000000000000000000000000000000000000000000000000000000000000000000000000000000
310
00000000000000000000000000000000000000000000000000000000000000000000000000000000000000000000000000000000000000F5F5F5F50000000000000000000000000000000000000000000000000000000000000000000000000000000000000000000000000000000000000000000000000000000000000000
310
00000000000000000000000000000000000000000000000000000000000000000000000000000000000000000000000000000000000000000000000000000000000000000000000000000000000000000000000000000000000000000000000000000000000000000000000000000000000000000000000000000000000000
310
000000000000000000000000000000000000000000000000000000000000000000000000000000000000000000000000000000000000000000000000000000000000000000000000000000000000000000F5F5F5F5000000000000000000000000000000000000000000000000000000000000000000000000000000000000
310
00000000000000000000000000000000000000000000000000000000000000000000000000000000000000000000000000000000000000000000000000000000000000000000000000000000000000000000000000000000000000000000000000000000000000000000000000000000000000000000000000000000000000
310
0000000000000000000000000000000000000000000000000000000000000000000000000000000000000000000000000000000000000000000000000000000000000000000000000000000000000000000000000000000000000000000000000000000000000000000000F5F5F5F500000000000000F5F5F5F5F5F5F5F5F5
310
F5F5F5F5F5F5F5F5F5F5F5F5F5F5F5F5F5F5F5F5F5F5F5F5F5F5F5F5F5F5F5F5F5F5F5F5F5F5F5F5F5F5F5F5F5F5F5F5F5F5F5F5F5F5F5F5F5F5F5F5F5F5F5F5F5F5F5F5F5F5F5F5F5F5F5F5F5F5F5F5F5F5F5F5F5F5F5F5F5F5F5F5F5F5F5F5F5F5F5F5F5F5F5F5F5F5F5F5F5F5F5F5F5F5F5F5F5F5F5F5F5F5F5F5F5F5F5
310
F5F5F5F5F5F5F5F5F5F5F5F5F5F5F5F5F5F5F5F5F5F5F5F5F5F5F5F5F5F5F5F5F5F5F5F5F5F5F5F5F5F5F5F5F5F5F5F5F5F5F5F5F5F5F5F5F5F5F5F5F5F5F5F5F5F5F5F5F5F5F5F5F5F5F5F5F5F5F5F5F5F5F5F5F5F5F5F5F5F5F5F5F5F5F5F5F5F5F5F5F5F5F5F5F5F5F5F5F5F5F5F5F5F5F5F5F5F5F5F5F5F5F5F5F5F5F5
310
F5F5F5F5F500F5F5F5F500000000000000F50000000000000000000000000000000000000000000000000000000000000000000000000000000000000000F5000000000000000000000000000000000000000000000000000000000000000000000000000000000000000000000000000000000000F5000000000000000000
310
00000000000000000000000000000000000000000000000000000000000000000000000000000000000000000000000000000000000000000000000000000000000000000000000000000000000000000000000000000000000000000000000000000000000000000000000000000000000000000000000000000000000000
310
000000000000000000000000000000000000000000000000000000000000F500F5F5F5F500000000000000F50000000000000000000000000000000000000000000000000000000000000000000000000000000000000000F50000000000000000000000000000000000000000000000000000000000000000000000000000
310
00000000000000000000000000000000F50000000000000000000000000000000000000000000000000000000000000000000000000000000000000000000000000000000000000000000000000000000000000000000000000000000000000000000000000000000000000000000000000000000000000000000000000000
310
0000000000000000000000000000000000000000000000000000000000000000000000000000000000000000000000000000000000000000F500F5F5F5F500000000000000F50000000000000000000000000000000000000000000000000000000000000000000000000000000000000000F5000000000000000000000000
310
000000000000000000000000000000000000000000000000000000000000000000000000000000000000F5000000000000000000000000000000000000000000000000000000000000000000000000000000000000000000000000000000000000000000000000000000000000000000000000000000000000000000000000
310
00000000000000000000000000000000000000000000000000000000000000000000000000000000000000000000000000000000000000000000000000000000000000000000000000000000000000000000F500F5F5F5F500000000000000F500000000000000000000000000000000000000000000000000000000000000
310
00000000000000000000000000F5000000000000000000000000000000000000000000000000000000000000000000000000000000000000000000000000000000000000F500000000000000000000000000000000000000000000000000000000000000000000000000000000000000000000000000000000000000000000
310
000000000000000000000000000000000000000000000000000000000000000000000000000000000000000000000000000000000000000000000000000000000000000000000000000000000000000000000000000000000000000000000000000000000000000000000000F500F5F5F5F500000000000000F50000000000
310
000000000000000000000000000000000000000000000000000000000000000000000000000000F5000000000000000000000000000000000000000000000000000000000000000000000000000000000000000000000000000000000000F50000000000000000000000000000000000000000000000000000000000000000
310
00000000000000000000000000000000000000000000000000000000000000000000000000000000000000000000000000000000000000000000000000000000000000000000000000000000000000000000000000000000000000000000000000000000000000000000000000000000000000000000000000000000000000
310
00000000000000F500F5F5F5F500000000000000F50000000000000000000000000000000000000000000000000000000000000000000000000000000000000000F5000000000000000000000000000000000000000000000000000000000000000000000000000000000000000000000000000000000000F5000000000000
310
00000000000000000000000000000000000000000000000000000000000000000000000000000000000000000000000000000000000000000000000000000000000000000000000000000000000000000000000000000000000000000000000000000000000000000000000000000000000000000000000000000000000000
310
000000000000000000000000000000000000000000000000000000000000000000F500F5F5F5F500000000000000F50000000000000000000000000000000000000000000000000000000000000000000000000000000000000000F50000000000000000000000000000000000000000000000000000000000000000000000
310
00000000000000000000000000000000000000F50000000000000000000000000000000000000000000000000000000000000000000000000000000000000000000000000000000000000000000000000000000000000000000000000000000000000000000000000000000000000000000000000000000000000000000000
310
0000000000000000000000000000000000000000000000000000000000000000000000000000000000000000000000000000000000000000000000F500F5F5F5F500000000000000F50000000000000000000000000000000000000000000000000000000000000000000000000000000000000000F5000000000000000000
310
000000000000000000000000000000000000000000000000000000000000000000000000000000000000000000F5000000000000000000000000000000000000000000000000000000000000000000000000000000000000000000000000000000000000000000000000000000000000000000000000000000000000000000
310
00000000000000000000000000000000000000000000000000000000000000000000000000000000000000000000000000000000000000000000000000000000000000000000000000000000000000000000000000F500F5F5F5F500000000000000F500000000000000000000000000000000000000000000000000000000
310
00000000000000000000000000000000F5000000000000000000000000000000000000000000000000000000000000000000000000000000000000000000000000000000000000F500000000000000000000000000000000000000000000000000000000000000000000000000000000000000000000000000000000000000
310
000000000000000000000000000000000000000000000000000000000000000000000000000000000000000000000000000000000000000000000000000000000000000000000000000000000000000000000000000000000000000000000000000000000000000000000000000000F500F5F5F5F500000000000000F50000
310
000000000000000000000000000000000000000000000000000000000000000000000000000000000000F5000000000000000000000000000000000000000000000000000000000000000000000000000000000000000000000000000000000000F50000000000000000000000000000000000000000000000000000000000
310
00000000000000000000000000000000000000000000000000000000000000000000000000000000000000000000000000000000000000000000000000000000000000000000000000000000000000000000000000000000000000000000000000000000000000000000000000000000000000000000000000000000000000
310
00000000000000000000F500F5F5F5F500000000000000F50000000000000000000000000000000000000000000000000000000000000000000000000000000000000000F5000000000000000000000000000000000000000000000000000000000000000000000000000000000000000000000000000000000000F5000000
310
00000000000000000000000000000000000000000000000000000000000000000000000000000000000000000000000000000000000000000000000000000000000000000000000000000000000000000000000000000000000000000000000000000000000000000000000000000000000000000000000000000000000000
310
000000000000000000000000000000000000000000000000000000000000000000000000F500F5F5F5F500000000000000F50000000000000000000000000000000000000000000000000000000000000000000000000000000000000000F50000000000000000000000000000000000000000000000000000000000000000
310
00000000000000000000000000000000000000000000F50000000000000000000000000000000000000000000000000000000000000000000000000000000000000000000000000000000000000000000000000000000000000000000000000000000000000000000000000000000000000000000000000000000000000000
310
0000000000000000000000000000000000000000000000000000000000000000000000000000000000000000000000000000000000000000000000000000F500F5F5F5F500000000000000F50000000000000000000000000000000000000000000000000000000000000000000000000000000000000000F5000000000000
310
000000000000000000000000000000000000000000000000000000000000000000000000000000000000000000000000F5000000000000000000000000000000000000000000000000000000000000000000000000000000000000000000000000000000000000000000000000000000000000000000000000000000000000
310
00000000000000000000000000000000000000000000000000000000000000000000000000000000000000000000000000000000000000000000000000000000000000000000000000000000000000000000000000000000F500F5F5F5F500000000000000F500000000000000000000000000000000000000000000000000
310
00000000000000000000000000000000000000F5000000000000000000000000000000000000000000000000000000000000000000000000000000000000000000000000000000000000F500000000000000000000000000000000000000000000000000000000000000000000000000000000000000000000000000000000
310
000000000000000000000000000000000000000000000000000000000000000000000000000000000000000000000000000000000000000000000000000000000000000000000000000000000000000000000000000000000000000000000000000000000000000000000000000000000000F500F5F5F5F500000000000000
310
F50000000000000000000000000000000000000000000000000000000000000000000000000000000000000000F5000000000000000000000000000000000000000000000000000000000000000000000000000000000000000000000000000000000000F50000000000000000000000000000000000000000000000000000
310
00000000000000000000000000000000000000000000000000000000000000000000000000000000000000000000000000000000000000000000000000000000000000000000000000000000000000000000000000000000000000000000000000000000000000000000000000000000000000000000000000000000000000
310
00000000000000000000000000F500F5F5F5F500000000000000F5F5F5F5F5F5F5F5F5F5F5F5F5F5F5F5F5F5F5F5F5F5F5F5F5F5F5F5F5F5F5F5F5F5F5F5F5F5F5F5F5F5F5F5F5F5F5F5F5F5F5F5F5F5F5F5F5F5F5F5F5F5F5F5F5F5F5F5F5F5F5F5F5F5F5F5F5F5F5F5F5F5F5F5F5F5F5F5F5F5F5F5F5F5F5F5F5F5F5F5F5
310
F5F5F5F5F5F5F5F5F5F5F5F5F5F5F5F5F5F5F5F5F5F5F5F5F5F5F5F5F5F5F5F5F5F5F5F5F5F5F5F5F5F5F5F5F5F5F5F5F5F5F5F5F5F5F5F5F5F5F5F5F5F5F5F5F5F5F5F5F5F5F5F5F5F5F5F5F5F5F5F5F5F5F5F5F5F5F5F5F5F5F5F5F5F5F5F5F5F5F5F5F5F5F5F5F5F5F5F5F5F5F5F5F5F5F5F5F5F5F5F5F5F5F5F5F5F5F5
310
F5F5F5F5F5F5F5F5F5F5F5F5F5F5F5F5F5F5F5F5F5F5F5F5F5F5F5F5F5F5F5F5F5F5F5F5F5F5F5F500F5F5F5F500000000000000F50000000000000000000000000000000000000000000000000000000000000000000000000000000000000000F50000000000000000000000000000000000000000000000000000000000
310
00000000000000000000000000000000000000000000000000F50000000000000000000000000000000000000000000000000000000000000000000000000000000000000000000000000000000000000000000000000000000000000000000000000000000000000000000000000000000000000000000000000000000000
310
0000000000000000000000000000000000000000000000000000000000000000000000000000000000000000000000000000000000000000000000000000000000F500F5F5F5F500000000000000F50000000000000000000000000000000000000000000000000000000000000000000000000000000000000000F5000000
310
000000000000000000000000000000000000000000000000000000000000000000000000000000000000000000000000000000F5000000000000000000000000000000000000000000000000000000000000000000000000000000000000000000000000000000000000000000000000000000000000000000000000000000
310
00000000000000000000000000000000000000000000000000000000000000000000000000000000000000000000000000000000000000000000000000000000000000000000000000000000000000000000000000000000000000F500F5F5F5F500000000000000F500000000000000000000000000000000000000000000
310
00000000000000000000000000000000000000000000F5000000000000000000000000000000000000000000000000000000000000000000000000000000000000000000000000000000000000F500000000000000000000000000000000000000000000000000000000000000000000000000000000000000000000000000
310
000000000000000000000000000000000000000000000000000000000000000000000000000000000000000000000000000000000000000000000000000000000000000000000000000000000000000000000000000000000000000000000000000000000000000000000000000000000000000000F500F5F5F5F500000000
310
000000F50000000000000000000000000000000000000000000000000000000000000000000000000000000000000000F5000000000000000000000000000000000000000000000000000000000000000000000000000000000000000000000000000000000000F50000000000000000000000000000000000000000000000
310
00000000000000000000000000000000000000000000000000000000000000000000000000000000000000000000000000000000000000000000000000000000000000000000000000000000000000000000000000000000000000000000000000000000000000000000000000000000000000000000000000000000000000
310
00000000000000000000000000000000F500F5F5F5F500000000000000F50000000000000000000000000000000000000000000000000000000000000000000000000000000000000000F500000000000000000000000000000000000000000000000000000000000000000000000000000000000000000000000000000000
310
0000F500000000000000000000000000000000000000000000000000000000000000000000000000000000000000000000000000000000000000000000000000000000000000000000000000000000000000000000000000000000000000000000000000000000000000000000000000000000000000000000000000000000
310
000000000000000000000000000000000000000000000000000000000000000000000000000000000000F500F5F5F5F500000000000000F50000000000000000000000000000000000000000000000000000000000000000000000000000000000000000F50000000000000000000000000000000000000000000000000000
310
00000000000000000000000000000000000000000000000000000000F50000000000000000000000000000000000000000000000000000000000000000000000000000000000000000000000000000000000000000000000000000000000000000000000000000000000000000000000000000000000000000000000000000
310
0000000000000000000000000000000000000000000000000000000000000000000000000000000000000000000000000000000000000000000000000000000000000000F500F5F5F5F500000000000000F50000000000000000000000000000000000000000000000000000000000000000000000000000000000000000F5
310
000000000000000000000000000000000000000000000000000000000000000000000000000000000000000000000000000000000000F5000000000000000000000000000000000000000000000000000000000000000000000000000000000000000000000000000000000000000000000000000000000000000000000000
310
00000000000000000000000000000000000000000000000000000000000000000000000000000000000000000000000000000000000000000000000000000000000000000000000000000000000000000000000000000000000000000000F500F5F5F5F500000000000000F500000000000000000000000000000000000000
310
00000000000000000000000000000000000000000000000000F5000000000000000000000000000000000000000000000000000000000000000000000000000000000000000000000000000000000000F500000000000000000000000000000000000000000000000000000000000000000000000000000000000000000000
310
000000000000000000000000000000000000000000000000000000000000000000000000000000000000000000000000000000000000000000000000000000000000000000000000000000000000000000000000000000000000000000000000000000000000000000000000000000000000000000000000F500F5F5F5F500
310
000000000000F50000000000000000000000000000000000000000000000000000000000000000000000000000000000000000F5000000000000000000000000000000000000000000000000000000000000000000000000000000000000000000000000000000000000F50000000000000000000000000000000000000000
310
00000000000000000000000000000000000000000000000000000000000000000000000000000000000000000000000000000000000000000000000000000000000000000000000000000000000000000000000000000000000000000000000000000000000000000000000000000000000000000000000000000000000000
310
00000000000000000000000000000000000000F500F5F5F5F500000000000000F50000000000000000000000000000000000000000000000000000000000000000000000000000000000000000F500000000000000000000000000000000000000000000000000000000000000000000000000000000000000000000000000
310
0000000000F500000000000000000000000000000000000000000000000000000000000000000000000000000000000000000000000000000000000000000000000000000000000000000000000000000000000000000000000000000000000000000000000000000000000000000000000000000000000000000000000000
310
000000000000000000000000000000000000000000000000000000000000000000000000000000000000000000F500F5F5F5F500000000000000F50000000000000000000000000000000000000000000000000000000000000000000000000000000000000000F50000000000000000000000000000000000000000000000
310
00000000000000000000000000000000000000000000000000000000000000F50000000000000000000000000000000000000000000000000000000000000000000000000000000000000000000000000000000000000000000000000000000000000000000000000000000000000000000000000000000000000000000000
310
0000000000000000000000000000000000000000000000000000000000000000000000000000000000000000000000000000000000000000000000000000000000000000000000F500F5F5F5F500000000000000F5000000000000000000000000000000000000000000000000000000000000000000000000000000000000
310
0000F5000000000000000000000000000000000000000000000000000000000000000000000000000000000000000000000000000000000000F5000000000000000000000000000000000000000000000000000000000000000000000000000000000000000000000000000000000000000000000000000000000000000000
310
00000000000000000000000000000000000000000000000000000000000000000000000000000000000000000000000000000000000000000000000000000000000000000000000000000000000000000000000000000000000000000000000000F500F5F5F5F500000000000000F500000000000000000000000000000000
310
00000000000000000000000000000000000000000000000000000000F5000000000000000000000000000000000000000000000000000000000000000000000000000000000000000000000000000000000000F500000000000000000000000000000000000000000000000000000000000000000000000000000000000000
310
000000000000000000000000000000000000000000000000000000000000000000000000000000000000000000000000000000000000000000000000000000000000000000000000000000000000000000000000000000000000000000000000000000000000000000000000000000000000000000000000000000F500F5F5
310
F5F500000000000000F50000000000000000000000000000000000000000000000000000000000000000000000000000000000000000F5000000000000000000000000000000000000000000000000000000000000000000000000000000000000000000000000000000000000F50000000000000000000000000000000000
310
00000000000000000000000000000000000000000000000000000000000000000000000000000000000000000000000000000000000000000000000000000000000000000000000000000000000000000000000000000000000000000000000000000000000000000000000000000000000000000000000000000000000000
310
00000000000000000000000000000000000000000000F500F5F5F5F500000000000000F50000000000000000000000000000000000000000000000000000000000000000000000000000000000000000F500000000000000000000000000000000000000000000000000000000000000000000000000000000000000000000
310
0000000000000000F500000000000000000000000000000000000000000000000000000000000000000000000000000000000000000000000000000000000000000000000000000000000000000000000000000000000000000000000000000000000000000000000000000000000000000000000000000000000000000000
310
000000000000000000000000000000000000000000000000000000000000000000000000000000000000000000000000F500F5F5F5F500000000000000F50000000000000000000000000000000000000000000000000000000000000000000000000000000000000000F50000000000000000000000000000000000000000
310
00000000000000000000000000000000000000000000000000000000000000000000F50000000000000000000000000000000000000000000000000000000000000000000000000000000000000000000000000000000000000000000000000000000000000000000000000000000000000000000000000000000000000000
310
0000000000000000000000000000000000000000000000000000000000000000000000000000000000000000000000000000000000000000000000000000000000000000000000000000F500F5F5F5F500000000000000F5F5F5F5F5F5F5F5F5F5F5F5F5F5F5F5F5F5F5F5F5F5F5F5F5F5F5F5F5F5F5F5F5F5F5F5F5F5F5F5
310
F5F5F5F5F5F5F5F5F5F5F5F5F5F5F5F5F5F5F5F5F5F5F5F5F5F5F5F5F5F5F5F5F5F5F5F5F5F5F5F5F5F5F5F5F5F5F5F5F5F5F5F5F5F5F5F5F5F5F5F5F5F5F5F5F5F5F5F5F5F5F5F5F5F5F5F5F5F5F5F5F5F5F5F5F5F5F5F5F5F5F5F5F5F5F5F5F5F5F5F5F5F5F5F5F5F5F5F5F5F5F5F5F5F5F5F5F5F5F5F5F5F5F5F5F5F5F5
310
F5F5F5F5F5F5F5F5F5F5F5F5F5F5F5F5F5F5F5F5F5F5F5F5F5F5F5F5F5F5F5F5F5F5F5F5F5F5F5F5F5F5F5F5F5F5F5F5F5F5F5F5F5F5F5F5F5F5F5F5F5F5F5F5F5F5F5F5F5F5F5F5F5F5F5F5F5F5F5F5F5F5F5F5F5F5F5F5F5F5F5F5F5F5F5F5F5F5F5F5F500F5F5F5F500000000000000F500000000000000000000000000
310
00000000000000000000000000000000000000000000000000000000000000F5000000000000000000000000000000000000000000000000000000000000000000000000000000000000000000000000000000000000F500000000000000000000000000000000000000000000000000000000000000000000000000000000
310
000000000000000000000000000000000000000000000000000000000000000000000000000000000000000000000000000000000000000000000000000000000000000000000000000000000000000000000000000000000000000000000000000000000000000000000000000000000000000000000000000000000000F5
310
00F5F5F5F500000000000000F50000000000000000000000000000000000000000000000000000000000000000000000000000000000000000F5000000000000000000000000000000000000000000000000000000000000000000000000000000000000000000000000000000000000F50000000000000000000000000000
310
00000000000000000000000000000000000000000000000000000000000000000000000000000000000000000000000000000000000000000000000000000000000000000000000000000000000000000000000000000000000000000000000000000000000000000000000000000000000000000000000000000000000000
310
00000000000000000000000000000000000000000000000000F500F5F5F5F500000000000000F50000000000000000000000000000000000000000000000000000000000000000000000000000000000000000F500000000000000000000000000000000000000000000000000000000000000000000000000000000000000
310
0000000000000000000000F500000000000000000000000000000000000000000000000000000000000000000000000000000000000000000000000000000000000000000000000000000000000000000000000000000000000000000000000000000000000000000000000000000000000000000000000000000000000000
310
000000000000000000000000000000000000000000000000000000000000000000000000000000000000000000000000000000F500F5F5F5F500000000000000F50000000000000000000000000000000000000000000000000000000000000000000000000000000000000000F50000000000000000000000000000000000
310
00000000000000000000000000000000000000000000000000000000000000000000000000F50000000000000000000000000000000000000000000000000000000000000000000000000000000000000000000000000000000000000000000000000000000000000000000000000000000000000000000000000000000000
310
0000000000000000000000000000000000000000000000000000000000000000000000000000000000000000000000000000000000000000000000000000000000000000000000000000000000F500F5F5F5F500000000000000F5000000000000000000000000000000000000000000000000000000000000000000000000
310
0000000000000000F5000000000000000000000000000000000000000000000000000000000000000000000000000000000000000000000000000000000000F5000000000000000000000000000000000000000000000000000000000000000000000000000000000000000000000000000000000000000000000000000000
310
00000000000000000000000000000000000000000000000000000000000000000000000000000000000000000000000000000000000000000000000000000000000000000000000000000000000000000000000000000000000000000000000000000000000000F500F5F5F5F500000000000000F500000000000000000000
310
00000000000000000000000000000000000000000000000000000000000000000000F5000000000000000000000000000000000000000000000000000000000000000000000000000000000000000000000000000000000000F500000000000000000000000000000000000000000000000000000000000000000000000000
310
00000000000000000000000000000000000000000000000000000000000000000000000000000000000000000000000000000000000000000000000000000000000000000000000000000000000000000000000000000000000000000000000000000000000000000000000000000000000000000000000000000000000000
310
0000F500F5F5F5F500000000000000F50000000000000000000000000000000000000000000000000000000000000000000000000000000000000000F5000000000000000000000000000000000000000000000000000000000000000000000000000000000000000000000000000000000000F50000000000000000000000
310
00000000000000000000000000000000000000000000000000000000000000000000000000000000000000000000000000000000000000000000000000000000000000000000000000000000000000000000000000000000000000000000000000000000000000000000000000000000000000000000000000000000000000
310
00000000000000000000000000000000000000000000000000000000F500F5F5F5F500000000000000F50000000000000000000000000000000000000000000000000000000000000000000000000000000000000000F500000000000000000000000000000000000000000000000000000000000000000000000000000000
310
0000000000000000000000000000F500000000000000000000000000000000000000000000000000000000000000000000000000000000000000000000000000000000000000000000000000000000000000000000000000000000000000000000000000000000000000000000000000000000000000000000000000000000
310
000000000000000000000000000000000000000000000000000000000000000000000000000000000000000000000000000000000000F500F5F5F5F500000000000000F50000000000000000000000000000000000000000000000000000000000000000000000000000000000000000F50000000000000000000000000000
310
00000000000000000000000000000000000000000000000000000000000000000000000000000000F50000000000000000000000000000000000000000000000000000000000000000000000000000000000000000000000000000000000000000000000000000000000000000000000000000000000000000000000000000
310
0000000000000000000000000000000000000000000000000000000000000000000000000000000000000000000000000000000000000000000000000000000000000000000000000000000000000000F500F5F5F5F500000000000000F5000000000000000000000000000000000000000000000000000000000000000000
310
0000000000000000000000F5000000000000000000000000000000000000000000000000000000000000000000000000000000000000000000000000000000000000F5000000000000000000000000000000000000000000000000000000000000000000000000000000000000000000000000000000000000000000000000
310
00000000000000000000000000000000000000000000000000000000000000000000000000000000000000000000000000000000000000000000000000000000000000000000000000000000000000000000000000000000000000000000000000000000000000000000F500F5F5F5F500000000000000F500000000000000
310
00000000000000000000000000000000000000000000000000000000000000000000000000F5000000000000000000000000000000000000000000000000000000000000000000000000000000000000000000000000000000000000F500000000000000000000000000000000000000000000000000000000000000000000
310
00000000000000000000000000000000000000000000000000000000000000000000000000000000000000000000000000000000000000000000000000000000000000000000000000000000000000000000000000000000000000000000000000000000000000000000000000000000000000000000000000000000000000
310
0000000000F500F5F5F5F500000000000000F50000000000000000000000000000000000000000000000000000000000000000000000000000000000000000F5000000000000000000000000000000000000000000000000000000000000000000000000000000000000000000000000000000000000F50000000000000000
310
00000000000000000000000000000000000000000000000000000000000000000000000000000000000000000000000000000000000000000000000000000000000000000000000000000000000000000000000000000000000000000000000000000000000000000000000000000000000000000000000000000000000000
310
00000000000000000000000000000000000000000000000000000000000000F500F5F5F5F500000000000000F50000000000000000000000000000000000000000000000000000000000000000000000000000000000000000F500000000000000000000000000000000000000000000000000000000000000000000000000
310
0000000000000000000000000000000000F500000000000000000000000000000000000000000000000000000000000000000000000000000000000000000000000000000000000000000000000000000000000000000000000000000000000000000000000000000000000000000000000000000000000000000000000000
310
000000000000000000000000000000000000000000000000000000000000000000000000000000000000000000000000000000000000000000F500F5F5F5F500000000000000F50000000000000000000000000000000000000000000000000000000000000000000000000000000000000000F50000000000000000000000
310
00000000000000000000000000000000000000000000000000000000000000000000000000000000000000F50000000000000000000000000000000000000000000000000000000000000000000000000000000000000000000000000000000000000000000000000000000000000000000000000000000000000000000000
310
00000000000000000000000000000000000000000000000000000000000000000000000000000000000000000000000000000000000000000000000000000000000000000000000000000000
  0
ENDSEC
  0
EOF
